,cn_10y
2002-01-31,3.2186
2002-02-28,3.1315
2002-03-31,2.8551
2002-04-30,2.5022
2002-05-31,2.381
2002-06-30,2.5798
2002-07-31,2.869
2002-08-31,3.0595
2002-09-30,3.1397
2002-10-31,2.9978
2002-11-30,3.5248
2002-12-31,3.1776
2003-01-31,3.0984
2003-02-28,3.1225
2003-03-31,2.9228
2003-04-30,2.834
2003-05-31,2.8717
2003-06-30,3.0821
2003-07-31,2.9294
2003-08-31,2.831
2003-09-30,3.2369
2003-10-31,3.3235
2003-11-30,3.933
2003-12-31,3.3602
2004-01-31,3.8706
2004-02-29,3.8105
2004-03-31,3.9169
2004-04-30,4.2841
2004-05-31,4.6123
2004-06-30,4.348
2004-07-31,4.6018
2004-08-31,5.1676
2004-09-30,5.1266
2004-10-31,4.8246
2004-11-30,5.3419
2004-12-31,4.7332
2005-01-31,4.8982
2005-02-28,4.8334
2005-03-31,4.1203
2005-04-30,4.0441
2005-05-31,3.8469
2005-06-30,3.653
2005-07-31,3.3874
2005-08-31,3.5608
2005-09-30,3.2404
2005-10-31,3.0613
2005-11-30,3.3255
2005-12-31,3.1216
2006-01-31,2.9795
2006-02-28,2.9266
2006-03-31,2.94
2006-04-30,3.0
2006-05-31,3.02
2006-06-30,3.165
2006-07-31,3.26
2006-08-31,3.238
2006-09-30,2.999
2006-10-31,2.9512
2006-11-30,2.9781
2006-12-31,3.0269
2007-01-31,3.0671
2007-02-28,3.1466
2007-03-31,3.4338
2007-04-30,3.5916
2007-05-31,4.06
2007-06-30,4.45
2007-07-31,4.3401
2007-08-31,4.2743
2007-09-30,4.3877
2007-10-31,4.4937
2007-11-30,4.5086
2007-12-31,4.4253
2008-01-31,4.1937
2008-02-29,4.1283
2008-03-31,4.046
2008-04-30,4.0725
2008-05-31,4.1589
2008-06-30,4.5285
2008-07-31,4.4401
2008-08-31,4.2234
2008-09-30,3.7155
2008-10-31,3.0751
2008-11-30,2.9905
2008-12-31,2.7521
2009-01-31,3.0368
2009-02-28,3.1508
2009-03-31,3.1612
2009-04-30,3.1072
2009-05-31,3.0409
2009-06-30,3.2403
2009-07-31,3.503
2009-08-31,3.4805
2009-09-30,3.5132
2009-10-31,3.6886
2009-11-30,3.5569
2009-12-31,3.6422
2010-01-31,3.58
2010-02-28,3.3753
2010-03-31,3.4818
2010-04-30,3.3565
2010-05-31,3.243
2010-06-30,3.279
2010-07-31,3.2996
2010-08-31,3.2301
2010-09-30,3.3183
2010-10-31,3.6821
2010-11-30,3.971
2010-12-31,3.8799
2011-01-31,4.0187
2011-02-28,3.9314
2011-03-31,3.912
2011-04-30,3.8713
2011-05-31,3.8311
2011-06-30,3.8857
2011-07-31,4.0477
2011-08-31,4.105
2011-09-30,3.8605
2011-10-31,3.7607
2011-11-30,3.6091
2011-12-31,3.4211
2012-01-31,3.4064
2012-02-29,3.534
2012-03-31,3.5004
2012-04-30,3.5391
2012-05-31,3.3443
2012-06-30,3.3253
2012-07-31,3.2915
2012-08-31,3.3928
2012-09-30,3.4574
2012-10-31,3.5739
2012-11-30,3.5332
2012-12-31,3.5738
2013-01-31,3.6054
2013-02-28,3.5957
2013-03-31,3.5392
2013-04-30,3.4314
2013-05-31,3.4399
2013-06-30,3.5125
2013-07-31,3.7214
2013-08-31,4.0354
2013-09-30,3.9954
2013-10-31,4.1806
2013-11-30,4.3612
2013-12-31,4.5518
2014-01-31,4.5019
2014-02-28,4.4276
2014-03-31,4.5004
2014-04-30,4.3002
2014-05-31,4.0714
2014-06-30,4.0612
2014-07-31,4.2655
2014-08-31,4.2361
2014-09-30,3.9824
2014-10-31,3.7559
2014-11-30,3.5249
2014-12-31,3.6219
2015-01-31,3.5019
2015-02-28,3.3602
2015-03-31,3.6483
2015-04-30,3.3503
2015-05-31,3.5954
2015-06-30,3.5976
2015-07-31,3.4752
2015-08-31,3.3252
2015-09-30,3.2362
2015-10-31,3.06
2015-11-30,3.0404
2015-12-31,2.8212
2016-01-31,2.8419
2016-02-29,2.8502
2016-03-31,2.8419
2016-04-30,2.8913
2016-05-31,2.9851
2016-06-30,2.8411
2016-07-31,2.7768
2016-08-31,2.7425
2016-09-30,2.7258
2016-10-31,2.7425
2016-11-30,2.9502
2016-12-31,3.0115
2017-01-31,3.3465
2017-02-28,3.2921
2017-03-31,3.2828
2017-04-30,3.4668
2017-05-31,3.6102
2017-06-30,3.5683
2017-07-31,3.626
2017-08-31,3.6265
2017-09-30,3.6136
2017-10-31,3.8917
2017-11-30,3.8901
2017-12-31,3.8807
2018-01-31,3.914
2018-02-28,3.8202
2018-03-31,3.7407
2018-04-30,3.6217
2018-05-31,3.6129
2018-06-30,3.4756
2018-07-31,3.4812
2018-08-31,3.5751
2018-09-30,3.6103
2018-10-31,3.5086
2018-11-30,3.355
2018-12-31,3.2265
2019-01-31,3.1037
2019-02-28,3.1731
2019-03-31,3.0683
2019-04-30,3.3869
2019-05-31,3.2751
2019-06-30,3.2254
2019-07-31,3.1552
2019-08-31,3.0573
2019-09-30,3.1411
2019-10-31,3.288
2019-11-30,3.165
2019-12-31,3.1365
2020-01-31,2.9932
2020-02-29,2.7376
2020-03-31,2.5899
2020-04-30,2.538
2020-05-31,2.7053
2020-06-30,2.823
2020-07-31,2.9664
2020-08-31,3.0177
2020-09-30,3.1482
2020-10-31,3.181
2020-11-30,3.25
2020-12-31,3.1429
2021-01-31,3.1786
2021-02-28,3.2798
2021-03-31,3.1887
2021-04-30,3.164
2021-05-31,3.045
2021-06-30,3.0778
2021-07-31,2.8363
2021-08-31,2.845
2021-09-30,2.8776
2021-10-31,2.9732
2021-11-30,2.825
2021-12-31,2.7754
2022-01-31,2.6997
2022-02-28,2.775
2022-03-31,2.7878
2022-04-30,2.8386
2022-05-31,2.7426
2022-06-30,2.8205
2022-07-31,2.756
2022-08-31,2.6225
2022-09-30,2.7601
2022-10-31,2.6433
2022-11-30,2.885
2022-12-31,2.8353
2023-01-31,2.8977
2023-02-28,2.9017
2023-03-31,2.8528
2023-04-30,2.7788
2023-05-31,2.685
2023-06-30,2.6351
2023-07-31,2.6597
2023-08-31,2.5575
2023-09-30,2.6751
2023-10-31,2.6938
2023-11-30,2.668
2023-12-31,2.5553
2024-01-31,2.433
2024-02-29,2.3375
2024-03-31,2.2901
2024-04-30,2.3028
2024-05-31,2.2926
2024-06-30,2.2058
2024-07-31,2.1494
2024-08-31,2.1704
2024-09-30,2.1518
2024-10-31,2.1476
2024-11-30,2.0206
2024-12-31,1.6752
2025-01-31,1.6299
2025-02-28,1.7152
2025-03-31,1.8129
2025-04-30,1.6243
2025-05-31,1.6712
2025-06-30,1.6469
2025-07-31,1.7044
2025-08-31,1.8379
2025-09-30,1.8605
2025-10-31,1.7954
2025-11-30,1.8412
2025-12-31,1.8473
2026-01-31,1.8112
2026-02-28,1.7753
2026-03-31,1.8171
2026-04-30,1.7473
2026-05-31,1.709
2026-06-30,1.733
2026-07-31,1.7141
2026-08-31,1.6883
2026-09-30,1.6834
