日期,指数,静态市盈率,滚动市盈率,等权静态市盈率,等权滚动市盈率
2009-10-30,0.0,119.71,86.4,115.9,94.62
2009-11-30,0.0,116.7,84.23,115.75,92.61
2009-12-31,0.0,105.57,76.2,105.51,84.87
2010-01-29,0.0,94.49,66.57,92.08,74.38
2010-02-26,0.0,101.76,72.13,101.24,75.07
2010-03-31,0.0,104.87,95.35,103.99,97.25
2010-04-30,0.0,92.47,87.18,93.4,89.24
2010-05-31,0.0,88.28,82.99,87.95,83.82
2010-06-30,938.31,75.82,71.28,76.66,73.59
2010-07-30,982.94,78.65,73.13,80.37,77.96
2010-08-31,1015.14,84.44,76.77,87.95,81.69
2010-09-30,929.6,78.54,71.44,81.22,75.09
2010-10-29,1059.13,90.77,73.66,93.5,78.02
2010-11-30,1155.33,101.74,82.59,104.6,86.77
2010-12-31,1103.36,97.87,78.44,103.67,83.57
2011-01-31,1006.37,87.21,69.31,91.13,72.55
2011-02-28,1075.72,86.71,67.87,91.4,72.72
2011-03-31,985.75,66.04,62.26,72.34,66.41
2011-04-29,900.85,56.83,52.85,60.79,57.51
2011-05-31,838.0,52.44,48.78,56.32,53.07
2011-06-30,833.54,52.47,48.81,55.99,52.7
2011-07-29,900.42,57.23,51.44,61.85,56.26
2011-08-31,913.05,59.97,52.29,64.86,58.19
2011-09-30,778.57,51.21,44.7,55.0,49.5
2011-10-31,838.27,57.56,48.45,64.02,56.3
2011-11-30,820.29,56.14,47.45,62.08,54.85
2011-12-30,707.34,49.38,41.74,54.99,48.38
2012-01-31,639.81,43.4,36.65,47.63,41.68
2012-02-29,720.65,46.54,38.36,52.98,45.3
2012-03-30,656.25,36.24,35.85,41.6,41.38
2012-04-27,657.19,36.36,35.31,42.26,45.92
2012-05-31,703.33,39.7,38.53,47.0,50.23
2012-06-29,687.65,40.44,39.26,48.31,46.01
2012-07-31,635.48,37.42,34.95,43.73,45.37
2012-08-31,650.55,39.82,36.27,47.45,47.31
2012-09-28,632.33,38.82,35.4,46.11,46.47
2012-10-31,634.14,39.34,34.2,46.3,41.27
2012-11-30,555.53,34.06,29.61,39.66,35.33
2012-12-31,654.13,41.09,35.72,48.57,43.21
2013-01-31,710.29,45.07,39.16,53.72,48.11
2013-02-28,801.85,50.06,40.28,59.7,51.88
2013-03-29,807.79,44.27,41.3,54.44,51.27
2013-04-26,838.32,44.25,41.65,53.98,49.25
2013-05-31,1013.78,53.78,50.49,67.27,60.95
2013-06-28,981.98,53.25,49.53,68.55,61.49
2013-07-31,1109.1,60.22,54.56,76.85,71.84
2013-08-30,1167.84,63.51,54.23,75.84,65.31
2013-09-30,1371.86,77.71,66.08,82.7,71.25
2013-10-31,1224.8,69.92,55.63,80.05,65.42
2013-11-29,1363.26,78.1,62.35,85.11,73.1
2013-12-31,1284.72,73.04,58.6,92.64,65.0
2014-01-30,1485.1,84.5,68.85,99.86,78.39
2014-02-28,1380.98,78.07,59.61,97.36,68.48
2014-03-31,1272.42,58.22,54.47,72.14,67.59
2014-04-30,1243.91,54.4,49.99,64.27,61.35
2014-05-30,1277.72,55.73,51.64,66.24,64.45
2014-06-30,1369.06,59.97,55.72,68.35,61.27
2014-07-31,1287.19,54.68,49.73,64.1,63.96
2014-08-29,1360.18,57.52,50.99,62.79,69.47
2014-09-30,1461.6,61.59,54.63,67.66,69.32
2014-10-31,1411.62,60.25,52.78,64.67,70.62
2014-11-28,1490.24,63.45,55.25,67.86,67.56
2014-12-31,1407.63,60.07,51.98,65.95,59.92
2015-01-30,1625.94,72.11,58.98,75.88,67.4
2015-02-27,1895.68,85.02,68.12,90.72,78.28
2015-03-31,2253.39,83.71,78.52,96.08,91.81
2015-04-30,2831.21,102.55,103.19,99.18,106.46
2015-05-29,3393.59,122.34,123.11,116.39,117.75
2015-06-30,2717.21,97.8,97.85,108.94,106.73
2015-07-31,2432.13,85.69,83.27,94.91,96.99
2015-08-31,1885.53,66.88,58.12,75.0,74.01
2015-09-30,2002.07,71.31,61.84,80.63,78.83
2015-10-30,2400.11,89.8,70.78,102.72,90.31
2015-11-30,2544.23,96.39,75.99,112.36,94.0
2015-12-31,2596.07,99.43,79.37,115.3,104.4
2016-01-29,1932.69,80.96,65.01,91.68,87.97
2016-02-29,1780.99,67.75,55.65,82.86,85.51
2016-03-31,2137.42,69.48,66.59,95.59,86.39
2016-04-29,2058.21,69.77,64.0,98.43,91.61
2016-05-31,2068.74,70.33,64.35,99.58,87.9
2016-06-30,2099.18,69.55,64.44,105.68,91.21
2016-07-29,1988.03,57.0,47.92,96.66,88.45
2016-08-31,2047.23,58.82,43.36,99.35,85.32
2016-09-30,1968.81,56.32,41.52,94.15,80.79
2016-10-31,1989.1,57.26,38.93,102.6,76.06
2016-11-30,2019.94,58.01,39.44,105.29,82.5
2016-12-30,1775.13,51.92,35.09,96.1,71.19
2017-01-26,1691.87,61.56,47.8,98.05,68.2
2017-02-28,1730.79,59.81,46.49,94.87,70.31
2017-03-31,1676.41,56.45,45.28,93.94,74.88
2017-04-28,1599.76,45.97,44.05,68.22,69.86
2017-05-31,1535.41,44.05,42.2,64.68,65.97
2017-06-30,1588.87,45.59,44.49,67.51,69.65
2017-07-31,1528.53,44.32,43.3,60.92,62.44
2017-08-31,1637.9,46.92,43.99,64.2,64.59
2017-09-29,1653.24,47.61,43.97,65.34,62.55
2017-10-31,1634.87,49.42,43.35,65.25,57.6
2017-11-30,1554.12,46.98,41.12,63.01,55.54
2017-12-29,1519.75,45.82,40.12,60.0,51.94
2018-01-31,1502.2,48.28,41.43,59.3,53.84
2018-02-28,1540.49,49.74,39.0,62.37,52.96
2018-03-30,1672.39,51.18,41.74,64.04,54.05
2018-04-27,1543.32,39.45,35.24,56.06,52.32
2018-05-31,1461.16,37.4,33.25,52.98,49.36
2018-06-29,1349.0,33.98,30.42,47.13,44.47
2018-07-31,1313.55,35.19,31.83,43.37,41.18
2018-08-31,1212.25,32.26,28.71,40.32,37.16
2018-09-28,1169.65,31.04,27.62,39.33,36.28
2018-10-31,1035.58,27.46,24.41,40.1,34.12
2018-11-30,1080.56,28.62,25.47,41.38,35.82
2018-12-28,1001.64,32.41,27.91,39.84,34.83
2019-01-31,988.41,34.34,29.12,43.77,34.64
2019-02-28,1262.1,42.9,42.43,55.67,44.67
2019-03-29,1356.28,45.23,45.3,58.05,56.76
2019-04-30,1275.11,43.91,42.68,54.01,52.48
2019-05-31,1164.6,40.84,39.8,49.55,48.29
2019-06-28,1207.66,42.94,41.95,54.43,51.55
2019-07-31,1247.12,44.22,42.81,54.95,51.95
2019-08-30,1279.98,46.34,44.31,58.47,57.05
2019-09-30,1311.57,46.91,44.79,53.18,57.25
2019-10-31,1342.06,47.83,44.27,54.44,60.56
2019-11-29,1369.1,49.23,45.53,54.69,61.68
2019-12-31,1511.73,54.37,50.24,59.62,61.99
2020-01-23,1626.61,60.47,54.92,67.79,66.74
2020-02-28,1759.25,64.82,57.09,70.85,71.95
2020-03-31,1587.55,63.19,52.34,64.65,62.48
2020-04-30,1787.65,58.88,58.01,70.0,74.06
2020-05-29,1802.39,60.08,59.21,70.51,74.79
2020-06-30,2155.92,71.68,70.6,83.3,87.21
2020-07-31,2568.8,85.78,83.0,92.53,95.26
2020-08-31,2474.47,84.28,66.16,91.47,77.27
2020-09-30,2367.6,82.17,64.58,87.41,73.82
2020-10-30,2484.79,87.85,61.83,89.45,73.3
2020-11-30,2479.8,85.4,59.5,82.88,70.51
2020-12-31,2853.18,101.39,70.97,95.98,76.91
2021-01-29,3042.51,107.7,75.45,95.04,79.05
2021-02-26,2839.43,100.46,69.29,93.93,74.09
2021-03-31,2667.44,85.63,61.64,79.58,64.25
2021-04-30,3055.8,68.31,60.81,65.88,57.61
2021-05-31,3300.76,73.76,65.67,71.03,62.06
2021-06-30,3512.44,78.21,69.63,72.95,63.73
2021-07-30,3486.85,76.29,67.23,74.06,64.26
2021-08-31,3211.47,70.31,57.68,69.65,58.27
2021-09-30,3282.88,72.18,59.2,68.49,57.54
2021-10-29,3422.86,76.7,60.18,71.61,61.1
2021-11-30,3561.06,79.31,61.47,77.1,66.25
2021-12-31,3334.82,75.93,58.85,75.73,66.79
2022-01-28,2911.65,66.92,51.87,65.43,57.8
2022-02-28,2862.98,65.07,52.11,66.45,60.06
2022-03-31,2648.38,55.65,47.59,57.38,55.26
2022-04-29,2309.12,39.13,38.83,46.81,47.27
2022-05-31,2387.93,40.04,39.94,49.21,50.4
2022-06-30,2825.48,47.35,47.23,56.01,57.24
2022-07-29,2670.86,45.75,45.66,55.57,56.38
2022-08-31,2567.03,44.14,43.13,53.85,52.28
2022-09-30,2264.4,39.04,37.36,48.07,41.87
2022-10-31,2238.8,38.46,34.54,47.44,43.34
2022-11-30,2335.16,40.14,36.04,49.76,45.72
2022-12-30,2339.95,40.61,36.46,49.05,45.41
2023-01-31,2596.61,45.03,40.41,53.16,49.43
2023-02-28,2395.72,42.97,37.13,54.29,44.85
2023-03-31,2325.7,34.61,34.54,47.9,43.67
2023-04-28,2226.31,32.76,30.89,40.86,42.55
2023-05-31,2096.5,30.82,29.06,38.64,40.87
2023-06-30,2121.6,31.15,29.36,39.06,40.72
2023-07-31,2153.64,33.39,30.34,41.83,48.24
2023-08-31,2020.57,31.33,28.1,38.21,52.1
2023-09-28,1898.83,29.46,26.41,37.39,51.53
2023-10-31,1862.26,28.98,25.27,37.55,52.04
2023-11-30,1804.41,28.05,24.46,42.29,51.16
2023-12-29,1778.48,27.76,24.24,36.76,50.23
2024-01-31,1488.91,24.0,20.85,40.73,47.12
2024-02-29,1719.07,27.65,23.59,49.38,56.1
2024-03-29,1747.08,25.32,24.03,50.8,55.17
2024-04-30,1794.41,25.36,25.13,53.94,55.69
2024-05-31,1724.82,24.43,24.21,51.61,54.08
2024-06-28,1616.84,22.93,22.74,48.96,51.83
2024-07-31,1631.71,22.66,22.26,40.62,41.36
2024-08-30,1535.11,21.33,21.2,36.37,40.5
2024-09-30,2157.28,29.74,29.55,38.53,49.77
2024-10-31,2165.83,29.77,29.7,40.05,49.1
2024-11-29,2233.06,30.82,30.8,40.23,50.36
2024-12-31,2153.18,29.95,29.95,38.29,46.51
2025-01-27,2072.44,30.59,30.14,45.24,49.99
2025-02-28,2151.85,31.86,31.39,47.17,54.23
2025-03-31,2077.69,29.17,29.51,48.37,53.02
2025-04-30,1903.22,27.31,25.95,48.09,60.09
2025-05-30,1962.62,28.59,27.2,53.06,59.43
2025-06-30,2143.91,31.06,29.52,58.01,64.81
2025-07-31,2339.34,33.91,31.0,66.73,68.22
2025-08-29,2988.25,42.63,37.54,69.38,67.49
2025-09-30,3418.56,48.6,42.72,83.84,72.93
2025-10-31,3369.43,47.7,37.92,77.22,67.01
2025-11-28,3219.97,45.3,35.99,80.45,61.27
2025-12-31,3390.24,47.1,37.44,85.77,65.48
2026-01-30,3515.28,50.51,39.5,101.55,81.0
2026-02-27,3449.46,50.18,39.37,105.9,81.0
2026-03-31,3350.17,38.9,35.55,81.51,72.62
2026-04-30,3908.45,41.27,38.11,79.38,76.42
2026-05-29,4373.74,45.98,42.51,84.25,80.25
2026-06-30,4644.9,48.37,44.76,89.56,87.31
2026-07-31,3520.13,38.98,34.55,77.84,69.4
2026-08-31,3588.13,39.83,31.92,85.67,71.97
2026-09-01,3545.61,39.3,31.49,79.31,70.76
