,S0,S2_v1,S3
2021-06-18,1000000.0,1000000.0,1000000.0
2021-06-21,997632.5191524889,999700.0,1000000.0
2021-06-22,1003858.9153880376,1003444.703254564,1000000.0
2021-06-23,1008803.5794428973,1006418.542194213,1000000.0
2021-06-24,1010485.1179918746,1007429.859598184,1000000.0
2021-06-25,1026947.7331566869,1017330.8691475505,1000000.0
2021-06-28,1029258.3787851767,1018614.7803953332,1000000.0
2021-06-29,1017260.2680662503,1013864.6720994201,1000000.0
2021-06-30,1023825.7157807886,1016463.9636367133,1000000.0
2021-07-01,1024927.14312872,1016900.0238886413,1000000.0
2021-07-02,995815.7519789435,1005374.6876214913,1000000.0
2021-07-05,996730.9949887015,1005632.6207473075,1000000.0
2021-07-06,996203.7993363999,1005313.4452451523,1000000.0
2021-07-07,1007451.2931972162,1012122.9181331408,1000000.0
2021-07-08,997215.0742679526,1005925.6926767959,1000000.0
2021-07-09,993526.664536979,1003692.6506877395,1000000.0
2021-07-12,1005926.5414593325,1011198.6561207653,1000000.0
2021-07-13,1007766.8266545419,1012308.6155141788,1000000.0
2021-07-14,996199.8796661225,1005332.0656314038,1000000.0
2021-07-15,1009601.2323443352,1013415.028711447,1000000.0
2021-07-16,998490.9269432257,1006713.9000626076,1000000.0
2021-07-19,1002159.7383228122,1008926.2724146395,1000000.0
2021-07-20,1001277.8125104116,1008393.5438551949,1000000.0
2021-07-21,1008147.0346714434,1012542.9074126467,1000000.0
2021-07-22,1009658.0675633566,1013455.6490111616,1000000.0
2021-07-23,997405.1782764033,1006054.2735586115,1000000.0
2021-07-26,965277.6008482167,986643.1084532086,1000000.0
2021-07-27,931178.4292705299,965730.6593024278,1000000.0
2021-07-28,932975.5980926884,966832.8327532735,1000000.0
2021-07-29,950572.9578027898,977624.9978733874,1000000.0
2021-07-30,942910.0024105973,972925.4360491703,1000000.0
2021-08-02,966931.7017052525,987558.9791932793,1000000.0
2021-08-03,967072.8098352366,987674.2853795512,1000145.9339162584
2021-08-04,975772.5180157846,994783.2320581761,1009143.1652255694
2021-08-05,969857.735567284,989949.981083612,1003026.1019024109
2021-08-06,964544.6225063548,985608.3828755129,997531.284583298
2021-08-09,977087.5673938309,995757.3665642138,1009997.9366565731
2021-08-10,988374.2579574205,1002659.4740846277,1009997.9366565731
2021-08-11,982923.9564367846,999326.471651172,1009997.9366565731
2021-08-12,974694.6086895171,994294.0095087484,1009997.9366565731
2021-08-13,969330.5399149823,991013.740662877,1009997.9366565731
2021-08-16,968368.2608618962,990424.2454846282,1009997.9366565731
2021-08-17,948050.6499793236,977956.0081643008,1009997.9366565731
2021-08-18,959190.3529075134,984792.0707599157,1009997.9366565731
2021-08-19,952899.2821123888,980931.4513137646,1009997.9366565731
2021-08-20,934698.2931795778,969762.1139940114,1009997.9366565731
2021-08-23,947752.7550382462,977770.6701178624,1009997.9366565731
2021-08-24,958043.8493513926,984140.9114058402,1009997.9366565731
2021-08-25,959958.6082818713,985326.1572139442,1009997.9366565731
2021-08-26,941036.4000180304,973613.2111778699,1009997.9366565731
2021-08-27,946020.2607756635,976698.2470939483,1009997.9366565731
2021-08-30,943321.5677897176,975027.1941723512,1009997.9366565731
2021-08-31,941820.3340734977,974096.178978475,1009997.9366565731
2021-09-01,954333.8814338938,981856.664635,1009997.9366565731
2021-09-02,954324.0822582004,981850.5875123246,1009997.9366565731
2021-09-03,949159.91666781,978647.9438623728,1009997.9366565731
2021-09-06,966929.7418701138,989665.2697568606,1009997.9366565731
2021-09-07,978512.3675396426,996778.2723543692,1009997.9366565731
2021-09-08,974455.5088025995,994286.9161146327,1009997.9366565731
2021-09-09,974040.0237532019,994031.762721964,1009997.9366565731
2021-09-10,982567.2664415471,999268.4250403668,1009997.9366565731
2021-09-13,978283.0668284184,996536.3975053775,1009997.9366565731
2021-09-14,963682.2950453408,990586.5138583155,1009997.9366565731
2021-09-15,953914.4767142187,986606.0816305359,1009997.9366565731
2021-09-16,942229.9396174793,981844.5774286857,1009997.9366565731
2021-09-17,951684.1843264144,985697.226920421,1009997.9366565731
2021-09-22,944987.4276575856,982865.9198097087,1009997.9366565731
2021-09-23,951147.1894984194,986710.3204295053,1009997.9366565731
2021-09-24,950408.3316511415,986249.1880611747,1009997.9366565731
2021-09-27,955884.1110285802,989665.3140093724,1009997.9366565731
2021-09-28,957150.1645281599,990451.7928182546,1009997.9366565731
2021-09-29,947370.5871862059,984376.6701304491,1009997.9366565731
2021-09-30,953730.252211184,988327.3260667075,1009997.9366565731
2021-10-08,966186.9643525586,995967.1722763502,1009997.9366565731
2021-10-11,967411.8613142262,996877.5548955164,1010772.736399903
2021-10-12,957152.1243632986,990533.5811194398,1010772.736399903
2021-10-13,968180.1166885841,997352.5955297517,1010772.736399903
2021-10-14,962986.5535711135,994141.2238952526,1010772.736399903
2021-10-15,966612.2485776496,996383.1248476388,1010772.736399903
2021-10-18,955376.5137276652,989335.2535779524,1010772.736399903
2021-10-19,964771.9633824403,997119.5712830583,1020712.9685709983
2021-10-20,962314.3301185505,995083.373034789,1018112.8327465191
2021-10-21,965810.6760059345,997980.1654390253,1021811.9095494464
2021-10-22,972025.313230651,1003129.1165118016,1028386.894158237
2021-10-25,975903.8269700754,1006340.8017252302,1032490.2983022918
2021-10-26,972685.7776723823,1003686.0647948053,1029085.6547426467
2021-10-27,959958.6082818713,993186.7580797139,1015620.5175463404
2021-10-28,953291.2491401224,987686.5053164341,1008566.5605488298
2021-10-29,962037.9933639984,994902.151431225,1017820.472976781
2021-11-01,958494.6114332861,991977.5951403556,1014071.6328087917
2021-11-02,948530.8095882975,983728.0902374848,1003530.0933098665
2021-11-03,944858.0785384333,980687.2617189991,999644.4038879572
2021-11-04,954192.7733039097,988415.8989834315,1009520.358379181
2021-11-05,949020.7683729646,984133.7503920319,1004048.461695927
2021-11-08,950163.3522588081,985079.0606621014,1005257.2967722199
2021-11-09,949881.1359988397,984844.9909964014,1004958.716581849
2021-11-10,944873.7572195426,980691.8799140174,999660.9916763111
2021-11-11,960054.640203666,993282.8773481257,1015722.1177500081
2021-11-12,958039.9296811152,991611.8800124346,1013590.5869465276
2021-11-15,956865.988433053,990538.595209812,1011842.40200538
2021-11-16,957050.2129360877,990653.031192547,1011842.40200538
2021-11-17,957526.4528747841,990948.8603819576,1011842.40200538
2021-11-18,948093.7663523745,985089.4945851138,1011842.40200538
2021-11-19,958371.1418195502,991473.5615368381,1011842.40200538
2021-11-22,962749.4135193346,994192.4814174923,1011842.40200538
2021-11-23,962935.5978575083,994307.8405389143,1011842.40200538
2021-11-24,963584.3032884074,994709.7760040788,1011842.40200538
2021-11-25,959621.5166380203,992254.4481776049,1011842.40200538
2021-11-26,952505.3552495164,987845.3011262075,1011842.40200538
2021-11-29,950798.3388437364,986690.4421047503,1011842.40200538
2021-11-30,946998.2185098589,985112.8576167368,1011842.40200538
2021-12-01,949314.7436437648,986074.5414046852,1011842.40200538
2021-12-02,951727.3006994651,987076.0919486484,1011842.40200538
2021-12-03,960519.1211315305,990725.934142165,1011842.40200538
2021-12-06,958872.8596150492,990041.4789808693,1011842.40200538
2021-12-07,964650.4536038429,992427.6404255817,1011842.40200538
2021-12-08,979119.9164326298,998403.5664589303,1011842.40200538
2021-12-09,995339.5120402471,1005102.3019122678,1011842.40200538
2021-12-10,990720.1806184064,1003194.5059403591,1011842.40200538
2021-12-13,996340.9877961066,1005511.2714860546,1011842.40200538
2021-12-14,989657.9499732482,1002813.4397327886,1011842.40200538
2021-12-15,981073.8720658817,999348.1895629042,1011842.40200538
2021-12-16,986724.076770662,1001629.0836815746,1011842.40200538
2021-12-17,971051.2751667331,995302.2330860118,1011842.40200538
2021-12-20,956481.8607458741,989415.9754208416,1011842.40200538
2021-12-21,962963.0355494495,992097.7237875815,1011842.40200538
2021-12-22,963151.1797227617,992175.5731505109,1011842.40200538
2021-12-23,969871.4544132547,994956.2550826401,1011842.40200538
2021-12-24,964501.5061333041,992734.304515701,1011842.40200538
2021-12-27,964105.619435293,992569.5491596435,1011842.40200538
2021-12-28,971286.4553833732,995526.6881943939,1011842.40200538
2021-12-29,957081.5702983064,989676.9764793634,1011842.40200538
2021-12-30,964534.8233306615,992746.2995550064,1011842.40200538
2021-12-31,968231.0724021895,994268.4513616493,1011842.40200538
2022-01-04,963801.8449887997,992444.4145081276,1011842.40200538
2022-01-05,954071.2635253122,988436.5111670403,1011842.40200538
2022-01-06,944293.6460184968,984409.2342750597,1011842.40200538
2022-01-07,945105.0177659055,984743.4280279721,1011842.40200538
2022-01-10,949353.9403465381,986491.7201934357,1011842.40200538
2022-01-11,940283.823324782,982721.7409873888,1011842.40200538
2022-01-12,949653.7951227543,986616.3543374557,1011842.40200538
2022-01-13,934041.748408124,980127.232825924,1011842.40200538
2022-01-14,926361.1544996834,976934.8066140618,1011842.40200538
2022-01-17,934308.2859869828,980138.1191764609,1011842.40200538
2022-01-18,943337.2464708269,985821.8086836396,1011842.40200538
2022-01-19,936875.670018638,981754.275732659,1011842.40200538
2022-01-20,945328.4389717138,987075.2552951642,1011842.40200538
2022-01-21,936665.9676588007,981622.2690521146,1011842.40200538
2022-01-24,938122.125166831,982441.1698095452,1011842.40200538
2022-01-25,916899.0704501937,964658.8563434737,988951.5799191245
2022-01-26,923535.0722297241,970219.0108726195,996109.0573947974
2022-01-27,905420.3160430145,955041.0698469569,976570.7926849202
2022-01-28,894423.6810799476,945827.2402359007,964710.0111976196
2022-02-07,908205.2417750619,957374.4955958985,979574.5657188633
2022-02-08,903242.9392039543,952143.539307072,974222.3114458558
2022-02-09,911727.0655192486,961086.9870852433,983373.1442846591
2022-02-10,909336.0666500733,958566.542111954,980794.253995137
2022-02-11,901798.5407067557,950620.9426305848,972664.4080496446
2022-02-14,892056.2002324364,940257.1272174491,962156.487042093
2022-02-15,901543.762138729,948258.0938506908,972389.6082646956
2022-02-16,905049.9072018062,951214.8650357493,976171.2760744942
2022-02-17,907239.0430516985,953060.9876817585,978532.4403805565
2022-02-18,911566.3590378776,956710.2614529209,983199.8090356911
2022-02-21,908248.3581481127,953910.7512281102,979621.0702978547
2022-02-22,896457.989953885,944004.2313439613,966904.1817882126
2022-02-23,906041.5837819723,952056.5721407512,977240.881391296
2022-02-24,887672.0490272358,936622.095599174,957427.8168964698
2022-02-25,896314.9219887623,943884.0225754203,966749.8711397413
2022-02-28,897927.8663078861,945238.3863499786,968489.5651629186
2022-03-01,905383.0791753797,951516.8059030712,976530.6296394276
2022-03-02,897330.1165905924,944734.9904604695,967844.8425905383
2022-03-03,892044.4412216045,940283.6504145466,962143.8039750954
2022-03-04,881226.1512561564,931173.0100535923,950475.382337259
2022-03-07,853073.1194891885,907460.1117937594,920110.0061003894
2022-03-08,835946.1202123679,892884.917228319,901637.1190183149
2022-03-09,828294.9238310074,886373.6963124843,893384.6700918451
2022-03-10,841325.8676680118,897463.1194347653,907439.6221697389
2022-03-11,844006.9221377099,899744.7152884697,910331.3614452027
2022-03-14,818184.1343506185,877766.3771316592,882479.3463183672
2022-03-15,780761.0823777504,845647.6337557539,842115.4855983515
2022-03-16,814523.1623115863,874624.3078660822,878530.6847930993
2022-03-17,830519.3367133957,888353.1993787367,895783.8835989
2022-03-18,836046.0718044398,893096.5801758068,901744.9250877947
2022-03-21,834644.7896802921,891892.500536498,900233.526270575
2022-03-22,833968.6465574516,891314.4841692642,899504.2499182103
2022-03-23,838127.4167217055,894869.7036801926,903989.8279463786
2022-03-24,833186.6723371231,890645.9956749851,898660.8259628668
2022-03-25,818146.8974829837,877788.9011759916,882439.1832728744
2022-03-28,813031.72777106,873414.2346258283,876922.0491288976
2022-03-29,810223.2840173485,871000.611781591,873892.9099609592
2022-03-30,833733.4663408115,891205.6499110196,899250.5885782574
2022-03-31,827559.9856540068,885900.0588716981,892591.978404492
2022-04-01,838056.8626567133,894921.2479531602,903913.7295443926
2022-04-06,835642.3457658743,892844.2284140673,901309.4731208755
2022-04-07,824914.2082168049,883674.2033710532,889738.2883300212
2022-04-08,829161.1709622988,887304.3539498277,894318.9893606718
2022-04-11,803546.125699906,865406.794431053,866691.0417507945
2022-04-12,819205.2084578646,878898.5098439306,883580.6593026629
2022-04-13,811320.7916950026,872105.3720334166,875076.6628807397
2022-04-14,821478.6172187196,880857.2570127589,886032.7189222082
2022-04-15,820925.9437096152,880381.0788217161,885436.6147733188
2022-04-18,816541.7925044146,876603.7362211396,880707.9446276956
2022-04-19,810372.2314878872,869980.3639852316,874053.5621429293
2022-04-20,797807.7284138858,856491.6602354208,860501.7050559423
2022-04-21,783116.8042144295,840720.1232975667,844656.3266868803
2022-04-22,786530.8370259894,844385.280360766,848338.6438051976
2022-04-25,747659.4668856455,802654.6688845922,806412.6519999716
2022-04-26,741625.1344936864,796176.4722154817,799904.1247856785
2022-04-27,763461.6176087267,819619.1702626495,823456.5802003113
2022-04-28,768472.9160583012,824999.0822090334,828861.6805858092
2022-04-29,787116.8277324511,845014.3744835539,848970.6833105803
2022-05-05,785935.0471438343,843745.6662693695,847696.0350773168
2022-05-06,766064.278672878,822413.2739250655,826263.7656957909
2022-05-09,759914.3160077374,815810.9416263747,819630.5216560208
2022-05-10,768229.8965011063,824738.1869875427,828599.5638678577
2022-05-11,779312.7642102747,836636.2714837494,840553.3545131412
2022-05-12,775847.7756851093,832916.4105837859,836816.0774378341
2022-05-13,781699.8434091724,839198.9358367785,843128.0171136637
2022-05-16,775416.6119546024,832370.2866118156,836351.0316479204
2022-05-17,785088.3983639296,840676.8538250824,846782.854253486
2022-05-18,782348.5488400715,838323.7472467344,843827.699643034
2022-05-19,783855.6620617073,839618.1241843236,845453.2460632325
2022-05-20,799142.3761433188,852747.045007724,861941.2331601753
2022-05-23,794513.2455457847,848769.6650678748,856948.3324521012
2022-05-24,775928.1289257947,832886.215020815,836902.745062318
2022-05-25,780637.6127640143,836911.094327267,841982.3133948762
2022-05-26,782570.0102107411,838562.5845462275,844066.5640714897
2022-05-27,784188.834035281,839946.084465965,845812.5996281661
2022-05-30,789621.4970396691,844588.599004494,851672.1765810795
2022-05-31,801870.4666563448,855069.9197276477,864883.7047036297
2022-06-01,800235.9641506956,853671.29229035,863120.7583909566
2022-06-02,801488.2988043046,854742.9025210852,864471.5050262063
2022-06-06,816484.9572853931,867486.3367231771,880206.3198156384
2022-06-07,819040.5823062165,869115.6605917646,880206.3198156384
2022-06-08,827013.1916503184,874198.5513106404,880206.3198156384
2022-06-09,818362.4793482373,868683.3399947314,880206.3198156384
2022-06-10,830772.1554462839,876595.0568167375,880206.3198156384
2022-06-13,821043.5338179353,870304.9834401803,880206.3198156384
2022-06-14,827503.1504349855,873044.1330559612,880206.3198156384
2022-06-15,838460.588695279,877690.5485601573,880206.3198156384
2022-06-16,832941.6929447895,875350.304228228,880206.3198156384
2022-06-17,844500.8005926542,880251.8529035542,880206.3198156384
2022-06-20,848692.8879542653,882025.9396979298,880206.3198156384
2022-06-21,847740.4080768725,881629.9824145715,880206.3198156384
2022-06-22,836971.1139898911,877153.0579864772,880206.3198156384
2022-06-23,851328.866215774,883121.7474059893,880206.3198156384
2022-06-24,861302.4672364561,887267.8927043645,880206.3198156384
2022-06-27,871001.6913377247,891297.1933159349,880206.3198156384
2022-06-28,880067.8886892035,895008.1856431686,880206.3198156384
2022-06-29,866513.6688701746,889460.1478275291,880206.3198156384
2022-06-30,878988.0195277974,894566.1716413731,880206.3198156384
2022-07-01,875403.4810591734,893098.9418604587,880206.3198156384
2022-07-04,881147.7578506096,895359.4081665173,880206.3198156384
2022-07-05,879875.824845614,895100.8924628544,880206.3198156384
2022-07-06,867025.1858413671,892489.0473643688,880206.3198156384
2022-07-07,870846.86436177,893265.7894632017,880206.3198156384
2022-07-08,867967.8665430663,892680.6437487477,880206.3198156384
2022-07-11,853433.7291547034,889635.4171035145,880206.3198156384
2022-07-12,845398.4050861641,886284.6042210406,880206.3198156384
2022-07-13,846934.91583488,886925.3450258845,880206.3198156384
2022-07-14,847054.4657783387,886975.1985834041,880206.3198156384
2022-07-15,832641.8381685732,880964.9844522544,880206.3198156384
2022-07-18,841276.871789545,884475.9231884484,880206.3198156384
2022-07-19,836720.2550921417,881601.2731381541,880206.3198156384
2022-07-20,839554.1767026559,883389.1200081436,880206.3198156384
2022-07-21,830197.9237506542,877486.5052382059,880206.3198156384
2022-07-22,830623.207975745,877754.8059095666,880206.3198156384
2022-07-25,825607.9898558934,874505.327187311,880206.3198156384
2022-07-26,832142.0802082128,877274.028854701,880206.3198156384
2022-07-27,828038.1854278418,875535.0782573661,880206.3198156384
2022-07-28,828161.6550415779,875587.3962552801,880206.3198156384
2022-07-29,817270.8511759992,870972.616661493,880206.3198156384
2022-08-01,820912.2248636446,872515.0025561209,880206.3198156384
2022-08-02,804908.2111212806,865710.9857816747,880206.3198156384
2022-08-03,797061.0312260533,862374.8012158063,880206.3198156384
2022-08-04,803834.2214652903,865254.3850968357,880206.3198156384
2022-08-05,814685.8286280958,869867.8850821537,880206.3198156384
2022-08-08,812953.3343655132,869043.3967334938,880206.3198156384
2022-08-09,814564.3188494984,870076.782306586,880206.3198156384
2022-08-10,805441.2862789981,864224.702205924,880206.3198156384
2022-08-11,821864.7047410372,874759.7035471804,880206.3198156384
2022-08-12,821396.3041428954,874459.2422917434,880206.3198156384
2022-08-15,820324.2743220441,873683.2265646032,880206.3198156384
2022-08-16,818787.7635733283,873028.5784162714,880206.3198156384
2022-08-17,826454.638635798,876295.1390747841,880206.3198156384
2022-08-18,819230.6863146673,873217.2907651528,880206.3198156384
2022-08-19,813541.2849071135,870793.2555934599,880206.3198156384
2022-08-22,819485.464882694,873325.7525707791,880206.3198156384
2022-08-23,815503.0798809204,871628.1411380721,880206.3198156384
2022-08-24,800087.0166801569,865056.58034591,880206.3198156384
2022-08-25,806715.1791191325,867882.0340198347,880206.3198156384
2022-08-26,805012.08238363,867156.0377919694,880206.3198156384
2022-08-29,801478.4996286113,865560.8740614229,880206.3198156384
2022-08-30,798787.6459832198,863817.0942111909,880206.3198156384
2022-08-31,799385.3957005137,864204.459727812,880206.3198156384
2022-09-01,792506.3743637885,859746.581159484,880206.3198156384
2022-09-02,788561.2262296496,857189.9687497849,880206.3198156384
2022-09-05,786958.081086219,856063.5967269448,880206.3198156384
2022-09-06,794180.0735722112,862349.1834409783,888284.0606516651
2022-09-07,794709.2290596515,862809.7284648017,888875.9168323237
2022-09-08,791318.7142697556,859858.8288677112,885083.6531562514
2022-09-09,802315.3492328225,869429.6367516846,897383.3014143099
2022-09-13,805709.7836929957,872295.0423753466,900729.3592356336
2022-09-14,796743.5379335891,866470.1096036795,900729.3592356336
2022-09-15,789249.128363322,861601.3570531101,900729.3592356336
2022-09-16,770740.4453137402,849577.1679611702,900729.3592356336
2022-09-19,769823.2424688435,848981.305985839,900729.3592356336
2022-09-20,770771.802675959,850027.4031143959,901839.2192403945
2022-09-21,765066.7225872959,843735.6908391292,895164.0075175458
2022-09-22,758326.8495454163,836302.7816963459,887278.0394258674
2022-09-23,755716.3491407103,833423.8532351108,884223.6313135917
2022-09-26,751926.0279825261,829243.7874362904,879788.7774929152
2022-09-27,762826.6310237984,841265.2589838802,892542.9951509311
2022-09-28,750364.0393770076,827521.1853464973,877961.1774437533
2022-09-29,750056.3452602366,827181.8521870275,877601.160871961
2022-09-30,745695.7120767001,822372.8312964508,872499.0151889181
2022-10-10,729242.8960875812,804228.2333744776,853248.4475443581
2022-10-11,730565.7848061821,805687.1498244278,854796.2894931465
2022-10-12,741662.3713613211,817924.7571423805,867779.8170695013
2022-10-13,735461.4529825752,811086.2213680954,860524.4512532549
2022-10-14,753060.772527815,830495.2135466922,881116.4819200981
2022-10-17,753832.9475724502,831263.6538030742,882019.9629983538
2022-10-18,752237.6417695744,829856.1776664703,880153.3802630742
2022-10-19,740137.6196234373,819180.7996967013,865995.7859048238
2022-10-20,735904.3757239141,815445.9735848288,861042.691668701
2022-10-21,733544.7342169577,813364.1538446924,858281.8002518994
2022-10-24,712080.6197782642,794423.5517972785,833167.777995411
2022-10-25,710920.3973761727,793388.0373218562,831810.263278844
2022-10-26,716692.1118595504,798539.3720011106,838563.4403739279
2022-10-27,711643.5765423413,794033.4846891379,832656.4168775149
2022-10-28,694042.2971619627,778324.1003922333,812062.0931114884
2022-10-31,687647.3551044886,772614.3472760394,804579.7104760865
2022-11-01,712237.4065893578,794717.1649765588,833351.2259300821
2022-11-02,720790.1271345054,802404.7952025145,843358.3107663966
2022-11-03,714928.2602347491,797135.844238758,836499.6511088768
2022-11-04,738303.2139336439,818146.468827432,863849.4450691706
2022-11-07,739896.5599013811,819491.9959181976,865280.8778379142
2022-11-08,734806.86804626,816109.3045979813,865280.8778379142
2022-11-09,727935.6860500894,811542.6061887867,865280.8778379142
2022-11-10,722334.4772237759,807819.9524370816,865280.8778379142
2022-11-11,742471.7832735911,821203.5309181067,865280.8778379142
2022-11-14,743565.3712809678,821847.6404494331,865280.8778379142
2022-11-15,757666.3851036851,828082.493030865,865280.8778379142
2022-11-16,751477.2257357711,825345.9170124964,865280.8778379142
2022-11-17,748394.4050626461,823982.8283244362,865280.8778379142
2022-11-18,745045.0468106624,822501.8883575611,865280.8778379142
2022-11-21,738687.3416208229,819690.1582222388,865280.8778379142
2022-11-22,738773.5743669242,819728.4337868432,865280.8778379142
2022-11-23,739549.6690818368,820072.9138682834,865280.8778379142
2022-11-24,736272.8247299837,818618.4424133138,865280.8778379142
2022-11-25,739990.6319880373,820268.6411872834,865280.8778379142
2022-11-28,731653.4933081429,816567.1535150276,865280.8778379142
2022-11-29,754226.8744353225,826644.4389408005,865280.8778379142
2022-11-30,755132.3182693871,827048.6502506379,865280.8778379142
2022-12-01,763310.7103030493,830699.6757830003,865280.8778379142
2022-12-02,758642.3830027417,828615.625263449,865280.8778379142
2022-12-05,773523.411210649,835253.2566875535,865280.8778379142
2022-12-06,777701.7797262894,837057.9955180986,865280.8778379142
2022-12-07,775788.9806309494,836231.8111378865,865280.8778379142
2022-12-08,775934.0084312108,836294.4521667141,865280.8778379142
2022-12-09,783589.1244828484,839600.8826883412,865280.8778379142
2022-12-12,774809.0630616152,835808.393230289,865280.8778379142
2022-12-13,773288.2309940087,835152.1673173708,865280.8778379142
2022-12-14,775093.2391567221,835931.0127629864,865280.8778379142
2022-12-15,774524.8869665083,835685.7736975916,865280.8778379142
2022-12-16,774963.89003757,835875.1997343104,865280.8778379142
2022-12-19,763006.9358565557,830631.2778805871,865280.8778379142
2022-12-20,750424.7942663063,822412.072290011,865280.8778379142
2022-12-21,750722.6892073839,822606.6703039936,865280.8778379142
2022-12-22,751798.6386985127,823309.5276044961,865280.8778379142
2022-12-23,750268.0074552129,822309.6522826517,865280.8778379142
2022-12-26,753260.675711959,824180.9197567545,865280.8778379142
2022-12-27,761954.5043870909,831791.5813996926,875267.5981730497
2022-12-28,758703.1378920405,828945.3037473855,871532.7088502387
2022-12-29,755849.6179301396,826447.3047951497,868254.8313011049
2022-12-30,758775.6517921713,829008.783116364,871616.0065626823
2023-01-03,761964.3035627843,831799.3642990376,875278.8546206773
2023-01-04,762954.0203078117,832663.7056260158,876415.7558310567
2023-01-05,777776.2534615588,845608.2867268808,893442.258512443
2023-01-06,780188.8105172593,847715.225684327,896213.5959183384
2023-01-09,786505.3591691867,853229.462531796,903469.5020590376
2023-01-10,787357.8874545073,853969.3472073446,904448.8130026318
2023-01-11,785899.7701113382,852703.8892795097,902773.8535956569
2023-01-12,787436.2808600541,854037.3825798089,904538.8645836519
2023-01-13,798511.3092286678,863649.0798246955,917260.9016922747
2023-01-16,810971.9410403197,874461.1780364962,931574.6004954288
2023-01-17,810830.8329103355,874339.4535968901,931412.5076495925
2023-01-18,809472.6671592386,873167.8558656825,929852.3640084184
2023-01-19,814509.4434656157,877512.74211273,935638.1780889635
2023-01-20,819510.9427394967,881827.1972498761,941383.4689580494
2023-01-30,823395.335984337,884999.89244141,945372.6020351995
2023-01-31,814676.0294524024,881250.4719698459,945372.6020351995
2023-02-01,822333.1053391789,884543.1188078772,945372.6020351995
2023-02-02,819436.4690042273,883297.5257629296,945372.6020351995
2023-02-03,811691.2005362109,879966.9549147342,945372.6020351995
2023-02-06,800961.1031520029,875350.0085254246,945372.6020351995
2023-02-07,802401.581978924,875979.7156440612,945372.6020351995
2023-02-08,798856.2402130732,874429.865062274,945372.6020351995
2023-02-09,809580.4580918653,879117.9703046951,945372.6020351995
2023-02-10,804769.0628264351,877014.6628540109,945372.6020351995
2023-02-13,812071.4085531124,880205.4347736652,945372.6020351995
2023-02-14,812408.5001969634,880351.5846738669,945372.6020351995
2023-02-15,808175.2562974402,878516.2138341255,945372.6020351995
2023-02-16,802256.5541786625,875950.093493376,945372.6020351995
2023-02-17,790697.4465307979,870938.5114504157,945372.6020351995
2023-02-20,810095.894733335,879348.6717213957,945372.6020351995
2023-02-21,812224.2756939287,880272.8040514342,945372.6020351995
2023-02-22,804894.4922753097,877090.2488816886,945372.6020351995
2023-02-23,804247.7466795492,876809.4351902404,945372.6020351995
2023-02-24,795898.8489888231,873184.385718819,945372.6020351995
2023-02-27,792525.9727151752,871717.6111901348,945372.6020351995
2023-02-28,797547.0703404429,873926.7454617298,945372.6020351995
2023-03-01,808812.2027175074,878883.0701272755,945372.6020351995
2023-03-02,807009.1543899326,878089.7822545717,945372.6020351995
2023-03-03,809519.7032025666,879194.3493903693,945372.6020351995
2023-03-06,805298.2183138755,877335.3347642574,945372.6020351995
2023-03-07,793507.8501196479,872197.2995503189,945372.6020351995
2023-03-08,790619.0531252511,870938.4125979677,945372.6020351995
2023-03-09,787824.3282175104,869720.5206074298,945372.6020351995
2023-03-10,777494.0372015906,865218.7613633025,945372.6020351995
2023-03-13,785637.1522027567,868677.9409596456,945372.6020351995
2023-03-14,780935.5077050918,865558.4585902917,945372.6020351995
2023-03-15,781366.6714355989,865844.530337377,945372.6020351995
2023-03-16,772008.4586484585,859635.4730995009,945372.6020351995
2023-03-17,775863.4543662188,862193.2145836689,945372.6020351995
2023-03-20,771994.7398024878,859624.587336646,945372.6020351995
2023-03-21,780480.8259529208,865294.2089523067,945372.6020351995
2023-03-22,783824.3046994887,867528.0136812482,945372.6020351995
2023-03-23,791595.0510243078,872719.711072956,945372.6020351995
2023-03-24,789235.4095173514,871143.215824629,945372.6020351995
2023-03-27,786379.9297203119,869233.5243661324,945372.6020351995
2023-03-28,783838.0235454594,867547.686617627,945372.6020351995
2023-03-29,785137.3942423963,868409.452560001,945372.6020351995
2023-03-30,791485.3002565425,872619.4976389594,945372.6020351995
2023-03-31,793915.4958284908,874231.2469127811,945372.6020351995
2023-04-03,801684.2823181715,879381.6147967861,945372.6020351995
2023-04-04,804141.9155820612,880999.1112698873,945372.6020351995
2023-04-06,802873.902247343,880164.5656414214,945372.6020351995
2023-04-07,808094.9030567548,883600.7782445641,945372.6020351995
2023-04-10,804475.0875556349,881218.0211371279,945372.6020351995
2023-04-11,803561.8043810154,880617.7773704426,945372.6020351995
2023-04-12,803001.2915313564,880249.3874192152,945372.6020351995
2023-04-13,797452.9982537869,876602.8421327653,945372.6020351995
2023-04-14,801964.538743001,879567.9948171198,945372.6020351995
2023-04-17,813210.0727686788,886957.8309212066,945372.6020351995
2023-04-18,815689.2642190938,888580.2464754109,945372.6020351995
2023-04-19,808345.7619545044,883774.561825922,945372.6020351995
2023-04-20,806084.1122044815,882294.5084270667,945372.6020351995
2023-04-21,790317.2385138962,871976.4585191036,945372.6020351995
2023-04-24,780531.7816665262,865481.8926632395,945372.6020351995
2023-04-25,776617.990894606,862009.7259897874,940632.2562186952
2023-04-26,775943.8076069041,861411.6161572047,939815.691891766
2023-04-27,781664.5663766764,866486.8562772883,946744.6200031212
2023-04-28,789635.2158856398,873558.1140944791,956398.5941822516
2023-05-04,789862.5567617252,873758.9381692958,956673.9472692393
2023-05-05,787242.2571813259,871440.0411169206,953500.2655683549
2023-05-08,796214.3824461485,879379.5764116887,964367.2175703362
2023-05-09,789398.0758338609,873356.9525681662,956111.3724277213
2023-05-10,783320.6270688509,867987.1548284413,948750.4248178164
2023-05-11,782103.569447738,866911.8099731142,947276.3363090286
2023-05-12,771736.0415641837,857751.4649092173,934719.2860489845
2023-05-15,783716.5137668619,868335.8409042517,949229.9189865363
2023-05-16,779663.5747000963,864743.4023982845,944321.0380909275
2023-05-17,776128.0321099389,861609.5730632918,940038.8228415665
2023-05-18,775324.499703085,860897.3391235208,939065.5921030754
2023-05-19,773064.8097882007,858894.3983124085,936328.6773677577
2023-05-22,777923.2410969589,863200.2948524137,942213.1627353661
2023-05-23,766920.726628476,853433.3884261306,928887.0228185633
2023-05-24,756318.0185282815,844021.3891802826,916045.1245374974
2023-05-25,754634.5201441655,842526.9515920784,914006.087453683
2023-05-26,754722.7127254055,842605.2399407038,914112.9054615662
2023-05-29,751389.033154531,839643.5851324413,910075.1847635822
2023-05-30,752135.7303423636,840311.1075313899,910979.5772303265
2023-05-31,744451.2167636459,833441.4085122879,901672.1681434393
2023-06-01,746083.7594341564,834900.8472480471,903649.4881560322
2023-06-02,756855.0133562764,844529.9892549292,916695.5275188304
2023-06-05,753409.6231824979,841365.5987037453,912066.2427588557
2023-06-06,746336.5781670446,836625.8557937243,912066.2427588557
2023-06-07,742648.1684360711,834154.2026608179,912066.2427588557
2023-06-08,748694.2598388623,838205.7700970646,912066.2427588557
2023-06-09,751929.9476528034,840374.0481642424,912066.2427588557
2023-06-12,753444.9002149939,841305.1294213184,912066.2427588557
2023-06-13,757458.6425789862,844890.920105665,916924.9907791608
2023-06-14,757284.2172516448,844735.0922878394,916713.8440146064
2023-06-15,769333.2836841765,855499.4678383097,931299.5778177488
2023-06-16,776751.2596840353,862126.527281792,940279.2464001974
2023-06-19,770393.554494196,856359.4983969762,932116.773921245
2023-06-20,769086.3444567042,855487.562978245,932116.773921245
2023-06-21,757286.1770867835,847616.6137186037,932116.773921245
2023-06-26,746638.3927783994,840427.1328577073,932116.773921245
2023-06-27,753640.8837288606,846733.4723405378,940858.809339311
2023-06-28,752733.4800596574,845916.2780554692,939725.9903080867
2023-06-29,749017.6326367427,842569.840983136,935087.0596748225
2023-06-30,753056.8528575376,846207.502800688,940129.6947144625
2023-07-03,762940.3014618411,855021.3761712097,951992.1352046368
2023-07-04,764141.6804018447,855829.2841104399,951992.1352046368
2023-07-05,758222.9782830668,851849.0525011821,951992.1352046368
2023-07-06,753115.6479116976,848414.4552913392,951992.1352046368
2023-07-07,749774.1290002684,846167.3377768409,951992.1352046368
2023-07-10,753425.3018636073,848621.4389416409,951992.1352046368
2023-07-11,758356.2470724962,851953.8292845876,951992.1352046368
2023-07-12,753250.8765362658,848503.5602689374,951992.1352046368
2023-07-13,764026.0501286632,855785.5483871889,951992.1352046368
2023-07-14,764159.3189180926,855875.6129910522,951992.1352046368
2023-07-17,757901.5653203253,851645.9446495662,951992.1352046368
2023-07-18,755504.6869457342,850029.9354272534,951992.1352046368
2023-07-19,754707.0340442961,849492.1465854861,951992.1352046368
2023-07-20,749380.2021373962,845900.7213473454,951992.1352046368
2023-07-21,749031.3514827132,845665.5213133538,951992.1352046368
2023-07-24,745760.3866362761,843458.5536883776,951992.1352046368
2023-07-25,767298.9748102389,858074.7296182738,951992.1352046368
2023-07-26,765709.5485127792,856996.138291691,951992.1352046368
2023-07-27,764796.2653381597,856376.3805134078,951992.1352046368
2023-07-28,782511.215156581,868397.819478861,951992.1352046368
2023-07-31,786801.2942751256,871303.5144966431,951992.1352046368
2023-08-01,783542.0884395204,869137.9545194926,951992.1352046368
2023-08-02,778034.9516998631,865478.7701924972,951992.1352046368
2023-08-03,784910.0533663108,870046.8906975149,951992.1352046368
2023-08-04,787967.3961826331,872078.3239893699,951992.1352046368
2023-08-07,782003.617855666,868115.0909830781,951992.1352046368
2023-08-08,779961.4696411738,866754.876573999,951992.1352046368
2023-08-09,777578.3101125534,865167.5246340369,951992.1352046368
2023-08-10,779175.5757505678,866231.4159424818,951992.1352046368
2023-08-11,761248.9637371704,854291.0309138368,951992.1352046368
2023-08-14,755694.790954185,850502.997342958,951992.1352046368
2023-08-15,753858.4254292529,848849.4228712086,949678.7600722122
2023-08-16,748329.73050307,843871.0519162407,942713.945505969
2023-08-17,750832.4399751492,846124.6427384648,945866.7523833503
2023-08-18,741601.6164720224,837812.6515304183,934238.1537988039
2023-08-21,730932.2739771131,828203.1365657602,920797.3702119099
2023-08-22,736551.1213196745,833296.4230311024,927875.7549554119
2023-08-23,724478.5368654788,822353.0520417381,912667.2268703151
2023-08-24,729730.8950371095,827114.1290306172,919283.9241540909
2023-08-25,726932.2504590914,824577.256664901,915758.3108252732
2023-08-28,735451.6538068817,832299.7946017138,926490.6925762334
2023-08-29,742799.0757417487,840614.7636898758,935746.6620228289
2023-08-30,742485.5021195618,840259.8970443421,935351.6353193199
2023-08-31,737930.8452572969,835105.4590179648,929613.8724508516
2023-09-01,743069.5329908847,840920.8361716486,936087.3725546054
2023-09-04,754330.7456976719,853579.6180809203,950273.7690443726
2023-09-05,748719.7376956651,848499.7020501052,943205.2599684584
2023-09-06,747095.0343657092,847028.7798043679,941158.5278609024
2023-09-07,736598.1573630025,837525.4510369749,927935.0089609382
2023-09-08,732976.3820267438,834246.4832322433,923372.4505354092
2023-09-11,738375.7278337746,839133.3609363891,930174.316586455
2023-09-12,737015.602247539,837896.7778476586,928460.8882599847
2023-09-13,732321.7970904288,833629.3189175294,922547.8322918342
2023-09-14,731706.408856887,833069.8274335794,921772.5923861978
2023-09-15,726859.7365589608,828663.3865424688,915666.9609000867
2023-09-18,730569.7044764594,832035.6626915071,920340.6205859776
2023-09-19,729156.6633414797,830748.2272974732,918560.5315032902
2023-09-20,726254.1475011122,828103.7171468989,914904.0655789349
2023-09-21,719737.6956650406,822166.515087034,906694.9168966383
2023-09-22,732768.6395020451,834039.1335820841,923110.7453443345
2023-09-25,728000.3606096655,829694.4749247329,917103.8705341007
2023-09-26,723745.558523617,825815.1507171912,911743.8519508628
2023-09-27,725236.9930641435,827174.9691059242,913622.6977094276
2023-09-28,723085.0940818859,825212.9709576603,910911.8269565969
2023-10-09,722146.3330504638,824356.5200840945,909729.2157629669
2023-10-10,716737.1880677397,819416.7270066051,902915.0051274365
2023-10-11,718779.336282232,821281.6778713674,905487.6165340389
2023-10-12,725605.442070213,827515.4819615469,914086.8540860506
2023-10-13,717967.9645348233,820540.7089097439,904465.4849387093
2023-10-16,710753.811389386,813951.4881739444,895377.4018411052
2023-10-17,713262.4003668812,816249.7493249958,898537.6154691773
2023-10-18,707614.1554972396,811075.0707020817,891422.1969722213
2023-10-19,692515.5855889403,797242.4113991912,872401.6611982626
2023-10-20,688017.7639456969,793121.7009760172,866735.4969198053
2023-10-23,680893.7632166381,786594.998410336,857760.9839994599
2023-10-24,683419.9907103814,789513.3948163153,860943.4178796044
2023-10-25,686816.3850056933,793437.0418074417,865222.0508619864
2023-10-26,688713.505419924,795628.6692092941,867611.9624182158
2023-10-27,698169.7099639978,806552.8450501396,879524.4864459094
2023-10-30,702359.8374904703,811312.30424417,884803.0307715485
2023-10-31,700153.06312433,809272.8228768263,882023.0303456038
2023-11-01,699863.0075238071,809004.7560541203,881657.630644858
2023-11-02,696562.64515029,805954.5903146826,877499.9745904257
2023-11-03,702432.351390601,811379.3209498464,884894.3806967349
2023-11-06,711931.6723077255,820075.5764662735,896412.7902857128
2023-11-07,709413.284154537,818334.8385099766,896412.7902857128
2023-11-08,707710.1874190343,817157.6390671579,896412.7902857128
2023-11-09,708055.1184034399,817396.0592074756,896412.7902857128
2023-11-10,702892.912648188,813827.885062039,896412.7902857128
2023-11-13,701505.349370011,812867.3693829727,896412.7902857128
2023-11-14,702024.705681758,813228.4516198551,896412.7902857128
2023-11-15,706961.5303960631,816660.7767319565,896412.7902857128
2023-11-16,700123.66559725,811906.7543754176,896412.7902857128
2023-11-17,699282.8963227613,811322.2099240117,896412.7902857128
2023-11-20,700899.7603121626,812365.1730177954,896412.7902857128
2023-11-21,701830.68200303,812796.8033065703,896412.7902857128
2023-11-22,694647.8862198112,809466.4348679183,896412.7902857128
2023-11-23,697999.2043069337,811020.3039075076,896412.7902857128
2023-11-24,693391.6318959249,808883.9611519085,896412.7902857128
2023-11-27,688282.3416894171,806513.2535660247,896412.7902857128
2023-11-28,689571.9132106607,807117.690845695,896412.7902857128
2023-11-29,683651.2512567443,804342.6072258104,896412.7902857128
2023-11-30,685197.5611811534,805067.3808028011,896412.7902857128
2023-12-01,682587.0607764475,803843.8086804291,896412.7902857128
2023-12-04,678130.3956711161,801753.4903815326,896412.7902857128
2023-12-05,665219.0017775705,795647.4236943838,896412.7902857128
2023-12-06,666265.5537416192,796142.3598830507,896412.7902857128
2023-12-07,664634.9709062474,795371.2233493973,896412.7902857128
2023-12-08,666238.116049678,796129.3840279169,896412.7902857128
2023-12-11,670155.8264918755,797901.2214401049,896412.7902857128
2023-12-12,671596.3053187967,798930.3639293658,896412.7902857128
2023-12-13,660388.0081607535,790922.6552272125,896412.7902857128
2023-12-14,656928.8991410043,788451.3130591236,896412.7902857128
2023-12-15,654888.7107616508,786993.7112478032,896412.7902857128
2023-12-18,652501.6315627529,785285.7768122783,896412.7902857128
2023-12-19,653416.874572511,785946.6759454159,896412.7902857128
2023-12-20,646255.6369758176,780775.5294090468,896412.7902857128
2023-12-21,652795.6068335532,785498.0570477615,896412.7902857128
2023-12-22,654042.0619817461,786398.12524621,896412.7902857128
2023-12-25,656045.0134934649,787766.1892908907,896412.7902857128
2023-12-26,651604.0270692429,783499.6447887917,890344.6746072489
2023-12-27,653871.556324682,785678.1055076481,893443.0019858821
2023-12-28,669193.5474387894,800398.2488957375,914378.8044458253
2023-12-29,672440.9942635626,803518.136027237,918816.0805619836
2024-01-02,663668.7721828839,795089.7230427221,906829.8114636585
2024-01-03,662091.1048962561,793577.6576227652,904674.1039962431
2024-01-04,655966.6200879182,787707.8384459135,896305.6743867109
2024-01-05,652450.6758491476,784338.0926528666,891501.5263164706
2024-01-08,644013.5855771812,776249.9462710024,879973.1776863791
2024-01-09,645275.7194064836,777466.9810868296,881697.7436603114
2024-01-10,642263.4527983506,774562.3498571303,877581.8152411592
2024-01-11,645896.9871454414,778066.0494666699,882546.6371599024
2024-01-12,643643.176735973,775892.7730098357,879467.0550635946
2024-01-15,643006.2303159059,775278.4898024632,878596.7383842032
2024-01-16,646918.0612526875,779051.7145272975,883941.8217444036
2024-01-17,632846.4449570501,765478.6917195269,864714.5178735424
2024-01-18,641793.0923650702,774108.336443409,876939.119847147
2024-01-19,640822.9739714295,773172.5918347952,875613.5605969973
2024-01-22,630851.332785886,763554.2714941354,861988.4182439413
2024-01-23,633404.9979715706,766645.1137562648,865477.7186539317
2024-01-24,642259.5331280733,777362.2475554214,877576.459446209
2024-01-25,655157.2081756482,792973.0172615412,895199.702729515
2024-01-26,653373.7581994603,790814.409081543,892762.8160272193
2024-01-29,647521.6904753972,783731.3277348671,884766.6141667191
2024-01-30,635974.3418383646,769754.9327936032,868988.4422437227
2024-01-31,630155.5913116588,762712.1770942459,861037.7646402983
2024-02-01,630618.1124043845,763271.9919629048,861669.7484444103
2024-02-02,623155.0601963364,754239.0469635272,851472.3148594188
2024-02-05,627229.5574496273,759170.636420908,857039.6637100483
2024-02-06,649036.6430375876,785564.9586394151,886836.628914933
2024-02-07,655296.3564704937,793141.4361415191,895389.8334502437
2024-02-08,659470.8053158568,798194.0025408559,901093.7550721007
2024-02-19,667090.6443349986,807416.7152923213,911505.4204550963
2024-02-20,668470.3682726208,809086.6715106936,913390.6602775317
2024-02-21,677489.5295807717,820003.0614495423,925714.3444577132
2024-02-22,683329.8382940027,827071.9102148116,933694.4789333631
2024-02-23,683931.5076815737,827800.1439634484,934516.5934582035
2024-02-26,676801.6274470992,819170.4554372573,924774.4024439706
2024-02-27,684921.2244266012,828998.0528985024,935868.9316831039
2024-02-28,676194.0785541121,818435.1053979172,923944.2542267051
2024-02-29,689093.7134368257,834048.247200938,941570.175407486
2024-03-01,693350.475358013,839200.4416701209,947386.5687232953
2024-03-04,693952.144745584,839844.6825512159,948208.6832481357
2024-03-05,698781.1785272623,844520.5599626584,954807.0226266597
2024-03-06,695947.2569167482,841776.5182674694,950934.782877737
2024-03-07,691766.928565969,837728.7721154372,945222.8275634546
2024-03-08,694743.9181416059,840611.3442696504,949290.5538280561
2024-03-11,703435.7869815992,849026.5921914435,961167.0291299042
2024-03-12,705048.7313007229,850584.0155461706,963370.9387518705
2024-03-13,700123.66559725,845828.4810499017,956641.3823970691
2024-03-14,698136.3927666404,843909.6143649765,953925.9943573681
2024-03-15,699659.1846693855,845379.9885407031,956006.7206954822
2024-03-18,706232.4717244785,851641.5659905601,964505.8946323876
2024-03-19,701156.498715328,847968.5460013745,964505.8946323876
2024-03-20,702675.3709477959,849067.6156892582,964505.8946323876
2024-03-21,701834.6016733072,848459.2274362232,964505.8946323876
2024-03-22,694761.556657854,843341.1080767749,964505.8946323876
2024-03-25,690990.8338510565,840530.6978485298,964505.8946323876
2024-03-26,694516.5772655205,842246.3699640641,964505.8946323876
2024-03-27,686489.0925375357,838340.0925959548,964505.8946323876
2024-03-28,690050.1129844957,840072.9309694545,964505.8946323876
2024-03-29,693287.7606335755,841648.411978272,964505.8946323876
2024-04-01,704688.121635208,847193.9583848985,964505.8946323876
2024-04-02,701754.2484326218,845783.0842746897,964505.8946323876
2024-04-03,699229.9807740173,844569.1859086583,964505.8946323876
2024-04-08,693078.058273738,841609.1053249335,964505.8946323876
2024-04-09,692505.7864132469,841331.1394242336,964505.8946323876
2024-04-10,686865.38088416,838591.46181391,964505.8946323876
2024-04-11,686773.2686326426,838546.7207271536,964505.8946323876
2024-04-12,681207.3368388251,835843.2167614417,964505.8946323876
2024-04-15,695561.1693944305,842731.2914367977,964505.8946323876
2024-04-16,688119.6753729077,837321.152433944,964505.8946323876
2024-04-17,698759.6203407369,845056.6395676003,964505.8946323876
2024-04-18,699621.947801751,845683.5716616893,964505.8946323876
2024-04-19,694106.9717215388,841674.0559508569,964505.8946323876
2024-04-22,691998.1891123318,840056.415021396,964505.8946323874
2024-04-23,687161.3159900989,835358.5356240189,957764.2691319407
2024-04-24,690179.4621036479,838289.9514554454,961970.9560325436
2024-04-25,691876.6793337344,839938.3969814295,964336.5345104152
2024-04-26,702457.8292474037,850215.4840423851,979084.52319636
2024-04-29,710226.6157370842,857673.4441669473,989417.6882208349
2024-04-30,706401.0175464039,854901.273467528,989417.6882208349
2024-05-06,716884.1757031399,862496.768534822,989417.6882208349
2024-05-07,717105.6370738094,862656.6353104018,989417.6882208349
2024-05-08,711463.2717095837,858583.5694086842,989417.6882208349
2024-05-09,718193.3455757701,863441.8216860368,989417.6882208349
2024-05-10,718530.4372196211,863685.1587249723,989417.6882208349
2024-05-13,718218.8234325729,863460.0204526576,989417.6882208349
2024-05-14,716721.5093866304,862379.955940133,989417.6882208349
2024-05-15,710647.9802918978,857998.9089187792,989417.6882208349
2024-05-16,713450.5445401933,860020.4956372483,989417.6882208349
2024-05-17,720821.4844967241,865337.4100765225,989417.6882208349
2024-05-20,723367.310341854,867173.059672913,989417.6882208349
2024-05-21,720466.7543366252,865086.7451731388,989417.6882208349
2024-05-22,722091.457666581,866255.3632274042,989417.6882208349
2024-05-23,713730.8009650228,860241.7026490011,989417.6882208349
2024-05-24,705830.7055210515,854559.3149810352,989417.6882208349
2024-05-27,712539.2212007126,859297.126170862,989417.6882208349
2024-05-28,707337.8187426873,854278.44913216,982195.1249676105
2024-05-29,708190.347028008,855101.0280740724,983378.9286658594
2024-05-30,704425.5037266265,851468.4438271446,978151.1426788796
2024-05-31,701605.300962083,848747.314867577,974235.0656173159
2024-06-03,703335.835389527,850416.202561666,976638.0510553706
2024-06-04,708611.7115828217,855519.5342812797,983964.0270454537
2024-06-05,704519.5758132826,851561.2294408067,978281.7692938588
2024-06-06,704021.7776880609,851079.7115148104,977590.5367895939
2024-06-07,700466.6367465169,847640.8393976563,972653.9392985053
2024-06-11,694346.0716084563,841720.443795742,964155.0451614215
2024-06-12,694589.0911656511,842015.0440504237,964492.4972501177
2024-06-13,691063.3477511872,837740.9645490336,959596.7205762102
2024-06-14,694081.4938647362,841399.7096474998,963787.6578067926
2024-06-17,693036.9017358259,840049.3903736981,962337.158102961
2024-06-18,694877.1869310354,841834.0977230279,964892.5412584916
2024-06-19,691576.8245575182,838633.4085044215,960309.7241829715
2024-06-20,686585.1244593306,833792.4610936196,953378.3494256382
2024-06-21,685083.8907431107,832336.5656414506,951293.7663615951
2024-06-24,681397.4408472759,828760.3538135769,946174.835887098
2024-06-25,677691.3926000545,825154.3174755233,941028.6915344803
2024-06-26,682073.5839701165,829418.2504484942,947113.7146822611
2024-06-27,676950.5749176379,824433.4915972662,940000.0069415191
2024-06-28,678428.2906121936,825871.3294602447,942051.9333518172
2024-07-01,681665.9382612734,829021.6055207759,946547.6660173511
2024-07-02,680413.6036076645,827498.553792781,944808.6992054407
2024-07-03,678771.2617614606,825501.1870509032,942528.1762189289
2024-07-04,675321.9519174047,821306.2401944537,937738.5336696919
2024-07-05,672431.1950878692,817790.5887096452,933724.4866468938
2024-07-08,666688.8781315716,810806.9555906695,925750.8203575389
2024-07-09,674146.0508342038,819876.1446752095,936105.7009824519
2024-07-10,672021.5895438875,817292.4387704417,933155.7165941718
2024-07-11,679704.1432874667,826635.7294961703,943823.5568174726
2024-07-12,680533.1535511233,827643.9468372375,944974.7038619767
2024-07-15,681287.6900795106,828561.5914620857,946022.4381696223
2024-07-16,685605.2068899964,833812.425510244,952017.6555196049
2024-07-17,686251.9524857568,834598.9780458282,952915.7134975868
2024-07-18,690044.2334790797,839211.0360953906,958181.5989139355
2024-07-19,693589.5752449303,843522.7740859118,963104.5894659639
2024-07-22,688866.3725607402,837778.5570836144,956546.0448388836
2024-07-23,674159.7696801745,819892.8291229341,936124.7506971364
2024-07-24,669904.967594126,814718.2668358024,930216.6177571401
2024-07-25,666200.8791820433,810213.4659501832,925073.1947923343
2024-07-26,668164.6339909887,812601.7254673209,927800.0253800249
2024-07-29,664529.1398087592,808180.3468203243,922751.8509886415
2024-07-30,660342.9319525642,803089.2067718152,916938.9666220675
2024-07-31,674590.9334106814,820417.1974799903,936723.456015791
2024-08-01,670120.5494593795,814980.4510143304,930515.9704164673
2024-08-02,663284.644495705,806666.8290624577,921023.7697279793
2024-08-05,655235.601581195,796798.1374507081,909847.0299838221
2024-08-06,655168.9671864803,796733.3064538357,909754.5027982119
2024-08-07,654876.9517508186,796449.1941440124,909349.0160142139
2024-08-08,655161.1278459256,796725.679277733,909743.6172469637
2024-08-09,652944.554304092,794569.0952347128,906665.7276315164
2024-08-12,651813.7294290805,793468.5740307837,905095.486863954
2024-08-13,653485.4688023643,795096.6135765129,907416.8306676467
2024-08-14,648556.483428614,790296.4735325399,900572.5403202994
2024-08-15,654967.1041671974,796539.5184962917,909474.199853569
2024-08-16,655688.3234982274,797241.8849122687,910475.6705684095
2024-08-19,657910.776545477,799405.6484046902,913561.7243472929
2024-08-20,653154.2566639294,794782.0528407322,906956.9161274075
2024-08-21,650986.6790005624,792675.0496706713,903947.0612072619
2024-08-22,649320.8191326945,791055.7434368995,901633.8815670054
2024-08-23,652074.3875025233,793732.3613880166,905457.4314429589
2024-08-26,651492.3164663388,793166.5567392751,904649.179262775
2024-08-27,647790.1878893947,788659.3591841179,899508.4776857814
2024-08-28,644099.8183232826,784166.4777673042,894384.1044356602
2024-08-29,642371.2437309773,782062.005430804,891983.8403854175
2024-08-30,650945.5224626504,792500.8563063006,903889.9120632085
2024-09-02,639888.1326102848,778961.0103258386,888535.8420275294
2024-09-03,641538.3137970434,780568.2354572064,890827.2505652892
2024-09-04,637369.7444570962,776508.178622979,885038.8586890238
2024-09-05,638467.2521347505,777577.1169526299,886562.835863781
2024-09-06,633291.3275335279,772535.9274372585,879375.6506521134
2024-09-09,625765.5606010422,765204.7202723515,868925.5214537779
2024-09-10,626316.274275008,765743.4644535109,869690.2314289687
2024-09-11,624428.9530364706,763897.1632205697,867069.5349659487
2024-09-12,621751.8182370499,761278.2146388482,863352.1192146657
2024-09-13,619160.9161837306,758743.6245765967,859754.4445271138
2024-09-18,621465.6823068043,760997.8776288143,862954.796594104
2024-09-19,626371.1496588907,765803.3591359089,869766.4302877065
2024-09-20,627353.0270633635,766765.2233928224,871129.8455815519
2024-09-23,629647.9940107439,769012.611381504,874316.5907094817
2024-09-24,656919.0999653109,795658.4153465172,912184.7021143873
2024-09-25,666643.8019233822,805160.13861453,925688.2284378614
2024-09-26,694824.2713822913,832694.45519469,964819.0637875658
2024-09-27,725860.2206382399,863018.7779823258,1007914.9611794511
2024-09-30,787432.3611897767,922886.7538894521,1092866.0956701091
2024-10-08,834125.4333685451,933830.8588268824,1092866.0956701091
2024-10-09,775306.861186837,920660.9314063373,1092866.0956701091
2024-10-10,783500.9319016085,922495.646405181,1092866.0956701091
2024-10-11,761821.2355976616,917641.3968674605,1092866.0956701091
2024-10-14,776357.3328211631,920890.9665794803,1092866.0956701091
2024-10-15,755710.4696352943,915992.8054344257,1092866.0956701091
2024-10-16,750928.4718969441,914858.3476087083,1092866.0956701091
2024-10-17,742428.6669005402,912841.8953176687,1092866.0956701091
2024-10-18,769280.3681354325,919212.0619857649,1092866.0956701091
2024-10-21,771234.3237686845,919675.1232666906,1092866.0956701091
2024-10-22,775659.6315117973,920730.5346942567,1092866.0956701091
2024-10-23,778683.6571307621,921451.7480834217,1092866.0956701091
2024-10-24,769985.908785353,919377.383196115,1092866.0956701091
2024-10-25,775393.0939329384,920666.9669554839,1092866.0956701091
2024-10-28,776910.0063302675,921028.2006785504,1092866.0956701091
2024-10-29,769166.6976973898,919192.2583551668,1092866.0956701091
2024-10-30,762268.0780092778,917556.5922001908,1092866.0956701091
2024-10-31,762579.6917963261,917630.4759838957,1092866.0956701091
2024-11-01,762379.7886121819,917583.0788396322,1092866.0956701091
2024-11-04,773107.9261612514,920126.3650458847,1092866.0956701091
2024-11-05,792669.040680298,924782.5595155264,1092866.0956701091
2024-11-06,788692.5351839403,923836.0192310957,1092866.0956701091
2024-11-07,812488.8534376487,929500.3327518238,1092866.0956701091
2024-11-08,804326.1400850961,927557.3360615065,1092866.0956701091
2024-11-11,809633.3736406093,928817.1560460178,1092866.0956701091
2024-11-12,800737.6819461946,926776.1082664656,1092866.0956701091
2024-11-13,805666.6673199451,927907.0259059399,1092866.0956701091
2024-11-14,791698.9222866573,924702.2346468808,1092866.0956701091
2024-11-15,777825.2493400255,921519.0275018157,1092866.0956701091
2024-11-18,774209.3535091828,920686.1373607776,1092866.0956701091
2024-11-19,779404.876461792,921921.8400364222,1092866.0956701091
2024-11-20,781145.2100649293,922335.7608119682,1092866.0956701091
2024-11-21,781837.0318688792,922500.3036427877,1092866.0956701091
2024-11-22,757613.469554941,916738.9739291068,1092866.0956701091
2024-11-25,754162.1998757465,915916.217402852,1092866.0956701091
2024-11-26,752611.97028106,915539.6715131728,1092866.0956701091
2024-11-27,765715.4280181951,918722.460158426,1092866.0956701091
2024-11-28,758955.9566249287,917080.6058303557,1092866.0956701091
2024-11-29,767585.1107404846,919176.6002074196,1092866.0956701091
2024-12-02,773670.3988460491,920652.8019539498,1092866.0956701091
2024-12-03,774505.2886151216,920851.5028966169,1092866.0956701091
2024-12-04,770324.9602643426,919856.5988808679,1092866.0956701091
2024-12-05,768566.9881449572,919438.2074593364,1092866.0956701091
2024-12-06,778669.9382847914,921842.6754392644,1092866.0956701091
2024-12-09,777382.3265986865,921535.8746507237,1092866.0956701091
2024-12-10,783079.5673467948,922886.6163824509,1092866.0956701091
2024-12-11,781744.9196173617,922570.1887528306,1092866.0956701091
2024-12-12,789519.5856124583,924413.4610093707,1092866.0956701091
2024-12-13,770838.4370706736,919984.4034975632,1092866.0956701091
2024-12-16,766656.1488847558,918899.9208644925,1092866.0956701091
2024-12-17,768653.2208910587,919857.4791503499,1092866.0956701091
2024-12-18,772545.4534764535,921723.7311186645,1092866.0956701091
2024-12-19,773245.1146209581,922059.2054150836,1092866.0956701091
2024-12-20,769772.2867552381,920394.0500838382,1092866.0956701091
2024-12-23,770914.8706410817,920941.2662879922,1092866.0956701091
2024-12-24,780737.5643560864,925634.9778935728,1092866.0956701091
2024-12-25,781117.772372988,925816.6578719213,1092866.0956701091
2024-12-26,781480.3418736416,925989.9093976659,1092866.0956701091
2024-12-27,780216.2482092007,925385.870294394,1092866.0956701091
2024-12-30,783747.8711290807,926889.85889435,1092866.0956701091
2024-12-31,771177.4885496632,914994.5357462566,1075337.8248617218
2025-01-02,748735.4163767744,893757.6562063724,1044044.3685120428
2025-01-03,739869.1222094398,885367.5031159492,1031681.1166977079
2025-01-06,738655.9842586041,884219.5135573789,1029989.5046567987
2025-01-07,743974.9768249495,890586.6954659501,1037406.3626196866
2025-01-08,742624.6504144071,888970.2664552627,1035523.4535789976
2025-01-09,740794.1643948911,886779.0549952018,1032971.0050390798
2025-01-10,731504.5458376041,875658.7741379332,1020017.4653397104
2025-01-13,729550.590204352,873319.7614766047,1017292.8494999908
2025-01-14,748762.8540687157,896318.0976039895,1044082.6279119988
2025-01-15,743959.2981438402,890567.92705944,1037384.5001054262
2025-01-16,744811.8264291608,891588.4591634298,1038573.2743183429
2025-01-17,747155.7892550079,894394.3359366984,1041841.7202002936
2025-01-20,750554.1433854584,898462.3880477751,1046580.4201662653
2025-01-21,751128.3750810882,899149.7809362097,1047381.1347510576
2025-01-22,744153.3218225683,890800.1860900031,1037655.0487194003
2025-01-23,745470.3310357532,892376.7322368564,1039491.4999172855
2025-01-24,751177.3709595549,899208.4322065539,1047449.4551081219
2025-01-27,748084.7511107365,895416.8133860229,1043137.0741702304
2025-02-05,743773.1138056667,891287.3868690995,1037124.8827485822
2025-02-06,753131.326592807,900258.789997106,1050174.0709478415
2025-02-07,762905.0244293449,909628.504635717,1063802.615775005
2025-02-10,764543.4466052715,911106.0934904777,1065554.2048909736
2025-02-11,761031.4220367783,908594.6699672807,1065554.2048909736
2025-02-12,768227.9366659677,913740.8458474032,1065554.2048909736
2025-02-13,765343.0593418481,911677.8908104913,1065554.2048909736
2025-02-14,771981.0209565172,916424.6494450159,1065554.2048909736
2025-02-17,773625.3226378597,917599.1509472656,1065554.2048909736
2025-02-18,766840.3733877906,912770.5556379533,1065554.2048909736
2025-02-19,772206.4019974639,916589.358051846,1065554.2048909736
2025-02-20,769999.6276313236,915018.8790459868,1065554.2048909736
2025-02-21,779708.6509082856,921928.428775141,1065554.2048909736
2025-02-24,777999.6746673669,920711.5911169401,1065554.2048909736
2025-02-25,769362.6812112565,914578.7977798881,1065554.2048909736
2025-02-26,776082.9559017495,919350.6036234896,1065554.2048909736
2025-02-27,777686.1010451801,920488.9346762937,1065554.2048909736
2025-02-28,762385.6681175979,909624.6919755074,1065554.2048909736
2025-03-03,762076.0141656883,909402.5575727969,1065554.2048909736
2025-03-04,761439.0677456212,908946.5068905123,1065554.2048909736
2025-03-05,764839.3817112105,911381.1159174785,1065554.2048909736
2025-03-06,775357.8169004422,918912.2667230852,1065554.2048909736
2025-03-07,772960.9385258512,917196.1129248261,1065554.2048909736
2025-03-10,769980.029279937,914969.1570261783,1065554.2048909736
2025-03-11,772453.3412249362,916144.8931147687,1065554.2048909736
2025-03-12,769672.335163166,914822.8887489131,1065554.2048909736
2025-03-13,766605.1931711504,913364.8642016517,1065554.2048909736
2025-03-14,785219.7073182204,922213.6291536574,1065554.2048909736
2025-03-17,783304.9483877416,921301.4931081249,1065554.2048909736
2025-03-18,785447.0481943059,922309.2864915354,1065554.2048909736
2025-03-19,785927.2078032796,922535.1871127023,1065554.2048909736
2025-03-20,779032.5077854451,919291.4386014144,1065554.2048909736
2025-03-21,767216.6617344149,913732.4392340026,1065554.2048909736
2025-03-24,771165.7295388312,915588.6436304871,1065554.2048909736
2025-03-25,770665.9715784709,915351.3023941708,1065554.2048909736
2025-03-26,768129.9449090343,914146.9119636086,1065554.2048909736
2025-03-27,770687.5297649961,915361.5406435805,1065554.2048909736
2025-03-28,767308.7739859323,913756.9277360926,1065554.2048909736
2025-03-31,761848.6732896029,911071.4149067724,1065554.2048909736
2025-04-01,761921.1871897336,911123.4504728996,1065554.2048909736
2025-04-02,761276.4014291117,910660.7558443638,1065554.2048909736
2025-04-03,756790.3387967005,907441.5825777431,1065554.2048909736
2025-04-07,703471.0640140951,869171.62088549,1065554.2048909736
2025-04-08,715488.7730844081,878080.7737085661,1065554.2048909736
2025-04-09,722550.0590890294,883315.5547949234,1065554.2048909736
2025-04-10,732021.9423142126,890337.396868297,1065554.2048909736
2025-04-11,735040.0884277615,892574.8553398459,1065554.2048909736
2025-04-14,736729.4663172934,893742.8018319508,1065554.2048909736
2025-04-15,737139.071861275,894140.3606255973,1066146.6298307795
2025-04-16,739410.5207869915,896345.0048449093,1069431.8954060671
2025-04-17,739292.9306786712,896230.8731338147,1069261.821260668
2025-04-18,739351.7257328314,896287.938989362,1069346.8583333676
2025-04-21,741774.0819642252,898638.5288332341,1072850.3857285837
2025-04-22,741591.817296329,898461.8818973034,1072586.7708032154
2025-04-23,742166.0489919588,899018.4147169559,1073417.2995465798
2025-04-24,741672.1705370145,898539.7585034665,1072702.9881359048
2025-04-25,742187.6071784841,899039.3084405605,1073448.4798065696
2025-04-28,741135.1757090193,898019.2531307305,1071926.31620525
2025-04-29,739853.4435283304,896776.8128392,1070072.5080204026
2025-04-30,738969.5578807911,895920.0229745514,1068794.1173608215
2025-05-06,746411.051902314,903132.8842985127,1079556.9761954779
2025-05-07,750936.3112374988,907513.2190425517,1086101.9962242432
2025-05-08,755104.8805774458,911548.2870376019,1092131.124678632
2025-05-09,753783.9516939835,910269.6618243138,1090220.625111985
2025-05-12,762495.4188853634,918608.7108500631,1102268.8745745905
2025-05-13,763602.725738711,919409.2023535747,1102268.8745745905
2025-05-14,772804.1517147578,926061.0742278876,1102268.8745745905
2025-05-15,765746.7853804138,920959.1805922324,1102268.8745745905
2025-05-16,762197.5239442858,918393.3573836316,1102268.8745745905
2025-05-19,759857.4807887161,916701.3458587276,1102268.8745745905
2025-05-20,763977.0542501964,919683.2892529024,1102268.8745745905
2025-05-21,767545.9140377112,922266.5998717379,1102268.8745745905
2025-05-22,767053.9954179054,921910.5257556875,1102268.8745745905
2025-05-23,760860.9163797142,917427.6803105912,1102268.8745745905
2025-05-26,756517.9217124255,914283.5306507614,1102268.8745745905
2025-05-27,752459.1031402439,911340.3779535322,1102268.8745745905
2025-05-28,751839.7952364247,910891.302022907,1102268.8745745905
2025-05-29,756241.5849578733,914083.1518336155,1102268.8745745905
2025-05-30,752621.7694567533,911458.3314416392,1102268.8745745905
2025-06-03,754930.4552501044,913132.1882194815,1102268.8745745905
2025-06-04,758209.2594370961,915511.7311632601,1102268.8745745905
2025-06-05,759937.8340294014,916766.2182382229,1102268.8745745905
2025-06-06,759236.2130497582,916257.027339315,1102268.8745745905
2025-06-09,761444.9472510372,917767.2514199186,1102268.8745745905
2025-06-10,757568.3933467517,915898.1031834187,1102268.8745745905
2025-06-11,763283.272611108,918653.6321306552,1102268.8745745905
2025-06-12,762807.0326724115,918424.0047183856,1102268.8745745905
2025-06-13,757315.5746138635,915776.202211473,1102268.8745745905
2025-06-16,759200.9360172623,916684.9561223553,1102268.8745745905
2025-06-17,758530.6723998378,916361.2364056294,1102268.8745745905
2025-06-18,759430.2367284864,916795.7023412351,1102268.8745745905
2025-06-19,753182.2823064125,913778.1045139784,1102268.8745745905
2025-06-20,753878.0237806395,914114.1293661352,1102268.8745745905
2025-06-23,756084.7981467799,915087.9739672984,1102268.8745745905
2025-06-24,765125.5176414561,921653.8130179588,1102268.8745745905
2025-06-25,776108.4337585523,929630.1759141003,1102268.8745745905
2025-06-26,773354.8653887236,927630.3918546643,1102268.8745745905
2025-06-27,768600.3053423146,924177.3839342433,1102268.8745745905
2025-06-30,771406.7892608873,926120.723332193,1102268.8745745905
2025-07-01,772715.9591335177,926749.4829300356,1102268.8745745905
2025-07-02,772896.2639662751,926836.0785632713,1102268.8745745905
2025-07-03,777676.3018694868,929131.8041009034,1102268.8745745905
2025-07-04,780445.5489204248,930461.8000765794,1102268.8745745905
2025-07-07,777107.949679273,928857.9991950172,1102268.8745745905
2025-07-08,783630.2810207605,931976.3948433297,1102268.8745745905
2025-07-09,782248.5972479995,931315.7972074943,1102268.8745745905
2025-07-10,785897.8102761996,933060.5245804383,1102268.8745745905
2025-07-11,786836.5713076215,933509.3561656371,1102268.8745745905
2025-07-14,787397.0841572807,933775.8673203529,1102268.8745745905
2025-07-15,787669.5012415556,933905.0915231546,1102268.8745745905
2025-07-16,785345.1367670951,932802.5022819836,1102268.8745745905
2025-07-17,790693.5268605205,935339.5731413055,1102268.8745745905
2025-07-18,795408.890204156,937576.3604214552,1102268.8745745905
2025-07-21,800712.204089392,940090.153709075,1102268.8745745905
2025-07-22,807248.2542768503,943159.6654666278,1102268.8745745905
2025-07-23,807407.0009230825,943234.2173264065,1102268.8745745905
2025-07-24,813143.4383739639,945928.2086050743,1102268.8745745905
2025-07-25,808855.3190905581,943914.3879977202,1102268.8745745905
2025-07-28,810552.5363206447,944615.5907096543,1102268.8745745905
2025-07-29,813727.4692452871,945355.6773414554,1102268.8745745905
2025-07-30,813574.602104471,945320.0435406648,1102268.8745745905
2025-07-31,798748.4492804465,941864.0217075939,1102268.8745745905
2025-08-01,794699.4298839582,940920.1828302477,1102268.8745745905
2025-08-04,797790.0898976377,941545.2807243175,1102268.8745745905
2025-08-05,804208.5499767759,944575.5930022926,1102268.8745745905
2025-08-06,806176.2244559987,945504.5803388078,1102268.8745745905
2025-08-07,806407.4850023616,945613.7641094341,1102268.8745745905
2025-08-08,804506.4449178536,944716.2365034383,1102268.8745745905
2025-08-11,807943.9957510774,946337.7312425443,1102268.8745745905
2025-08-12,812122.3642667179,948295.3688466712,1102268.8745745905
2025-08-13,818540.824345856,951302.5279243053,1102268.8745745905
2025-08-14,817899.9582555116,951002.271124798,1102268.8745745905
2025-08-15,823591.3194982039,953668.7718763857,1102268.8745745905
2025-08-18,830854.4685221079,957068.4617940447,1102268.8745745905
2025-08-19,827710.8929596842,955620.0121481153,1102268.8745745905
2025-08-20,837123.9811307072,959957.2338746733,1102268.8745745905
2025-08-21,840391.026306867,961462.5739992145,1102268.8745745905
2025-08-22,858015.8237089096,969583.4640652013,1102268.8745745905
2025-08-25,875893.4398438404,977716.8357156016,1102268.8745745905
2025-08-26,872634.2340082353,976989.1400264942,1102268.8745745905
2025-08-27,859609.1696766468,974080.9827506029,1102268.8745745905
2025-08-28,874827.2895284048,977478.7921468256,1102268.8745745905
2025-08-29,881290.8258157325,978921.9312825297,1102268.8745745905
2025-09-01,886572.581514443,980004.1636536133,1102268.8745745905
2025-09-02,880054.1698432327,977121.7360681049,1102268.8745745905
2025-09-03,874053.154648631,974468.1000889027,1102268.8745745905
2025-09-04,855509.1945665531,966268.0009265215,1102268.8745745905
2025-09-05,874149.1865704256,974510.565197649,1102268.8745745905
2025-09-08,875570.06704596,975039.9214153124,1102268.8745745905
2025-09-09,869433.8232267902,970939.4912228881,1102268.8745745905
2025-09-10,871217.2732029781,972131.2483212932,1102268.8745745905
2025-09-11,891338.9005716839,985577.1495623091,1102268.8745745905
2025-09-12,886237.4497057308,982168.2004115968,1102268.8745745905
2025-09-15,888405.0273690978,983516.5369592411,1102268.8745745905
2025-09-16,886500.0676143123,982672.8901708624,1102268.8745745905
2025-09-17,891924.8912781457,985075.374029126,1102268.8745745905
2025-09-18,881555.4035594525,980483.0539084349,1102268.8745745905
2025-09-19,882302.1007472852,980813.7426186946,1102268.8745745905
2025-09-22,886356.9996491894,982511.0168330214,1102268.8745745905
2025-09-23,885802.3663049464,982142.0991103539,1102268.8745745905
2025-09-24,894874.4431618411,988176.4458885462,1102268.8745745905
2025-09-25,900248.3111120692,991750.9066502233,1102268.8745745905
2025-09-26,891734.787269695,986088.084787085,1102268.8745745905
2025-09-29,905453.6332403718,995210.6881371164,1102268.8745745905
2025-09-30,909498.7329665828,997878.3477920543,1102268.8745745905
2025-10-09,922980.4388854809,1006766.9416868777,1102268.8745745905
2025-10-10,904822.5663257206,994883.1874636151,1102268.8745745905
2025-10-13,900344.3430338639,991949.3694987083,1102268.8745745905
2025-10-14,889580.9284522986,984834.2289811035,1102268.8745745905
2025-10-15,902756.9000895645,993544.1870473558,1102268.8745745905
2025-10-16,905134.1801127689,995115.6847618232,1102268.8745745905
2025-10-17,884714.6578029855,981617.3874105986,1102268.8745745905
2025-10-20,889416.3023006505,984625.4866433409,1102268.8745745905
2025-10-21,903066.554041474,996715.8876067312,1119185.865622649
2025-10-22,900068.0062793117,994059.9919177166,1115469.7139638506
2025-10-23,902766.6992652578,996450.2980378298,1118814.250456769
2025-10-24,913416.4434087805,1005883.0674326704,1132012.6609887362
2025-10-27,924262.17106617,1015384.7494781713,1144881.2302714116
2025-10-28,919548.7675576732,1012277.5717309205,1144881.2302714116
2025-10-29,930498.3664774119,1019495.7846514572,1144881.2302714116
2025-10-30,923064.7117964437,1014595.3583748157,1144881.2302714116
2025-10-31,909494.8132963055,1005649.7871806512,1144881.2302714116
2025-11-03,911989.68342783,1007292.8729877493,1144881.2302714116
2025-11-04,905189.0554966516,1002786.0885613578,1144881.2302714116
2025-11-05,906866.6743753516,1003897.8486388769,1144881.2302714116
2025-11-06,919829.0239825025,1012488.0135369037,1144881.2302714116
2025-11-07,916965.7048449084,1010590.4884513251,1144881.2302714116
2025-11-10,920152.3967803828,1012701.2307205404,1144881.2302714116
2025-11-11,911748.6237057738,1007151.8105629191,1144881.2302714116
2025-11-12,910521.7669089676,1006341.6573402813,1144881.2302714116
2025-11-13,921528.2010477278,1013609.7412034344,1144881.2302714116
2025-11-14,907039.1398675544,1004041.9092945508,1144881.2302714116
2025-11-17,901141.995935302,1000145.2279193093,1144881.2302714116
2025-11-18,895289.9282112388,996248.217908705,1144881.2302714116
2025-11-19,899229.1968399618,998871.4563954145,1144881.2302714116
2025-11-20,894654.9416263103,995825.3675257728,1144881.2302714116
2025-11-21,872834.1371923793,981294.4534406863,1144881.2302714116
2025-11-24,871744.46885528,980466.8498917327,1144881.2302714116
2025-11-25,880044.3706675394,987935.666938689,1155781.6743091345
2025-11-26,885381.0017501328,992737.9311225999,1162790.3895664476
2025-11-27,884943.9585142097,992344.6498471638,1162216.4110492307
2025-11-28,887150.7328803501,994330.4557491409,1165114.6164769703
2025-12-01,896916.5913763334,1003015.8226906415,1177351.3635804565
2025-12-02,892573.5967090448,1000101.4794309266,1177351.3635804565
2025-12-03,888011.1005062255,997039.8408440059,1177351.3635804565
2025-12-04,891052.7646414383,999080.9332352864,1177351.3635804565
2025-12-05,898494.2586629613,1004074.5078549334,1177351.3635804565
2025-12-08,905786.8052139455,1008868.4565079832,1177351.3635804565
2025-12-09,901175.3131326593,1004759.0139552357,1171357.296920631
2025-12-10,899922.9784790503,1003643.0199938223,1169729.4989624377
2025-12-11,892152.2321542313,996718.2687309054,1159628.9998947764
2025-12-12,897790.6778481794,1001742.8612614002,1166957.911828613
2025-12-15,892128.7141325673,996696.1338535126,1159598.4309190356
2025-12-16,881445.6527916872,987147.934501493,1145712.4736888153
2025-12-17,897580.975488342,1001569.201290188,1166685.3384615916
2025-12-18,892271.7820976899,996824.0037035762,1159784.3921881248
2025-12-19,895287.9683761003,999519.7804056049,1163704.8633268718
2025-12-22,903801.4922184745,1007127.8685565451,1174770.8325450108
2025-12-23,905586.9020298012,1008719.4904839547,1177091.5272866602
2025-12-24,908199.3622696459,1011048.3950165971,1180487.231008525
2025-12-25,909861.3024672364,1012529.9486877753,1182647.4386275355
2025-12-26,912742.2601210786,1015098.2079998413,1186392.138155773
2025-12-29,909240.0347282786,1011874.4303229827,1181248.988230959
2025-12-30,911574.1983784323,1013433.1724161457,1181248.988230959
2025-12-31,907391.9101925145,1010640.2625699576,1181248.988230959
2026-01-05,924601.2225451595,1022130.467863556,1181248.988230959
2026-01-06,938896.2600466048,1031612.2354260307,1181248.988230959
2026-01-07,936148.5711821922,1029789.7185460486,1181248.988230959
2026-01-08,928501.294471109,1024717.3498829314,1181248.988230959
2026-01-09,932669.8638110562,1027482.3237800228,1181248.988230959
2026-01-12,938745.3527409275,1031407.1118180468,1181248.988230959
2026-01-13,933083.3890253152,1028918.5202988279,1181248.988230959
2026-01-14,929340.1039104591,1027273.2417243356,1181248.988230959
2026-01-15,931201.9472921939,1028091.5739996067,1181248.988230959
2026-01-16,927368.5097609588,1026406.6709149433,1181248.988230959
2026-01-19,927876.107061874,1026628.3619395839,1181248.988230959
2026-01-20,924822.683915829,1025277.0025971434,1181248.988230959
2026-01-21,925643.8548389309,1025640.4297887238,1181248.988230959
2026-01-22,925769.2842878057,1025695.9413406599,1181248.988230959
2026-01-23,921612.4739586907,1023856.253814783,1181248.988230959
2026-01-26,922486.5604305366,1024242.3846461765,1181248.988230959
2026-01-27,922237.6613679257,1024131.8429175934,1181248.988230959
2026-01-28,924648.2585884875,1025202.4439109557,1181248.988230959
2026-01-29,931680.1470660288,1028325.4653452514,1181248.988230959
2026-01-30,922365.0506519392,1024188.4193928526,1181248.988230959
2026-02-02,902696.1452002657,1015450.3749440152,1181248.988230959
2026-02-03,913304.7328058763,1020223.8625856119,1181248.988230959
2026-02-04,920863.8169357195,1023625.1819710985,1181248.988230959
2026-02-05,915325.3228338432,1021133.0563337158,1181248.988230959
2026-02-06,910069.0449919354,1018767.9179899578,1181248.988230959
2026-02-09,924857.9609483251,1025419.4127820428,1181248.988230959
2026-02-10,925884.9145609871,1025874.8605535713,1181248.988230959
2026-02-11,923831.0073356628,1024963.9650105143,1181248.988230959
2026-02-12,924959.8723755358,1025464.609889141,1181248.988230959
2026-02-13,913363.5278600364,1020321.7006064432,1181248.988230959
2026-02-24,922600.2308685794,1024417.8232362896,1181248.988230959
2026-02-25,928156.3634867036,1026885.5455530625,1181248.988230959
2026-02-26,926388.5921916248,1026100.4007453979,1181248.988230959
2026-02-27,923209.7395967051,1024688.5328096639,1181248.988230959
2026-03-02,926741.3625165852,1026256.5296899701,1181248.988230959
2026-03-03,912479.6422124971,1019939.258421495,1181248.988230959
2026-03-04,902037.6405936732,1015313.9428631007,1181248.988230959
2026-03-05,910870.6175636505,1019226.5361854887,1181248.988230959
2026-03-06,913369.4073654524,1020333.3825325144,1181248.988230959
2026-03-09,904554.0689117232,1016324.0111150735,1181248.988230959
2026-03-10,916175.8912840253,1024159.531229604,1181248.988230959
2026-03-11,922004.4409864242,1028089.1833072794,1181248.988230959
2026-03-12,918684.4802615205,1025850.8407990139,1181248.988230959
2026-03-13,915074.4639360937,1023416.9406217851,1181248.988230959
2026-03-16,915548.7440396515,1023735.1899213688,1181248.988230959
2026-03-17,908861.7865465157,1019248.9074373684,1181248.988230959
2026-03-18,912955.8821511935,1021995.6378327602,1181248.988230959
2026-03-19,898241.4399300731,1012123.7126012614,1181248.988230959
2026-03-20,895060.6275000148,1009989.7042567326,1181248.988230959
2026-03-23,865855.1642635822,990290.0401618923,1181248.988230959
2026-03-24,876971.3491701079,1000462.1083881555,1196414.321552023
2026-03-25,889269.3146652504,1011715.5865474999,1213191.9073400476
2026-03-26,877522.0628440735,1000966.0490037372,1197165.6365490642
2026-03-27,882429.4900312985,1005456.6799696333,1203860.62855117
2026-03-30,880348.145114033,1003550.7387621568,1201021.1391317465
2026-03-31,872136.4358830135,996061.9940888911,1189818.2571473925
2026-04-01,887035.1026071686,1009648.9718946586,1210143.8678502708
2026-04-02,877792.5200932097,1001220.1127349639,1197534.6097504583
2026-04-03,870321.6285446069,994406.9636432003,1187342.3934916616
2026-04-07,870288.3113472494,994376.5797149318,1187296.9402712
2026-04-08,900653.9969857737,1029071.8941667498,1228723.5401436547
2026-04-09,894903.8406889213,1022501.8636645144,1220878.849035756
2026-04-10,908691.2808894515,1038255.1576601603,1239688.4611502984
2026-04-13,910568.8029522956,1040296.3423053415,1242249.8838092508
2026-04-14,921373.374071773,1050172.4372361726,1256990.0958330564
2026-04-15,918231.7583444881,1047300.7920023395,1252704.1245154145
2026-04-16,928297.4716166875,1056501.5218345085,1266436.344532513
2026-04-17,926741.3625165852,1055079.1348627908,1264313.4117650723
2026-04-20,932379.8082105332,1060231.013074447,1272005.700898482
2026-04-21,934449.3941169669,1062113.716543656,1274829.1480048015
2026-04-22,940648.3526605743,1067752.9126356149,1283286.1207295062
2026-04-23,938041.7719261455,1065381.7046677663,1279730.0746581
2026-04-24,934717.8915309644,1062357.9687929759,1275195.4474873447
2026-04-27,935027.5454828739,1062639.4194891797,1275617.8950657523
2026-04-28,932530.7155162108,1060369.342580676,1272211.5772499845
2026-04-29,942749.2959292266,1069659.9085154783,1286152.3473374364
2026-04-30,942153.5060470714,1069118.226113449,1285339.5368068295
2026-05-06,955829.2356446976,1081441.9289102107,1303344.7485734094
2026-05-07,960419.1695394584,1084558.1249121637,1303344.7485734094
2026-05-08,954814.0410428675,1080752.6934153296,1303344.7485734094
2026-05-11,970479.0033062419,1091385.9208328703,1303344.7485734094
2026-05-12,969736.2257886867,1090884.730127497,1303344.7485734094
2026-05-13,979592.2367010488,1097535.0943948363,1303344.7485734094
2026-05-14,963180.5772498418,1086461.2923716314,1303344.7485734094
2026-05-15,952399.5241520284,1079186.7539276797,1303344.7485734094
2026-05-18,947290.2339455206,1075736.1207966325,1303344.7485734094
2026-05-19,951084.4747739821,1078321.3562197762,1303344.7485734094
2026-05-20,950657.2307137523,1078030.2501648974,1303344.7485734094
2026-05-21,937408.7451763558,1069003.291765904,1303344.7485734094
2026-05-22,949559.7230360983,1077282.4547945666,1303344.7485734094
2026-05-25,964552.4618469095,1087495.5204036382,1303344.7485734094
2026-05-26,969697.0290859133,1090975.7080480347,1303344.7485734094
2026-05-27,961920.4032556781,1085714.9901154763,1303344.7485734094
2026-05-28,963104.1436794337,1086515.76472013,1303344.7485734094
2026-05-29,958774.8678581157,1083587.1039557597,1303344.7485734094
2026-06-01,949395.0968844502,1077132.1190551512,1303344.7485734094
2026-06-02,963172.7379092871,1089638.4841299332,1322258.9141683013
2026-06-03,967925.3381205574,1093952.5574309782,1328783.359625999
2026-06-04,961250.1396382536,1087893.2858172217,1319619.5405625275
2026-06-05,944036.9076153315,1072268.3349705916,1295988.940787288
2026-06-08,923795.730303167,1053892.5503871874,1268201.5293699277
2026-06-09,941075.5967208039,1069663.276565563,1291923.6059062239
2026-06-10,930645.3541128121,1060143.9610703473,1277604.8023079287
2026-06-11,925514.5057197788,1055461.2162438773,1270561.0917065877
2026-06-12,936275.9604662055,1065282.8174058893,1285334.5886171923
2026-06-15,958694.5146174304,1085740.2570998743,1316111.1377267183
2026-06-16,957228.5579337066,1084412.0735478,1314098.648983478
2026-06-17,966471.1404476656,1092786.0222531236,1326787.013840592
2026-06-18,968472.1321242457,1094598.9572887756,1329534.0071652555
2026-06-22,991609.9457713617,1115559.2559228137,1361297.9671955958
2026-06-23,964119.3382812638,1090817.6858853016,1323558.4222738964
2026-06-24,968750.4287139367,1094985.671199242,1329916.0571673145
2026-06-25,983856.8379627906,1108581.452324867,1350654.3769973894
2026-06-26,954090.861876699,1081792.04862274,1309791.1697349118
2026-06-29,965595.0941406809,1092143.5272639175,1325584.3634819977
2026-06-30,975886.1884538273,1101455.4023497994,1339712.1420792635
2026-07-01,971878.3255952508,1097828.8960556404,1334210.0839510194
2026-07-02,943131.4637812667,1071817.358489517,1294745.93303411
2026-07-03,948985.4913404684,1077114.363037513,1302782.43554221
2026-07-06,948952.1741431111,1077082.711046361,1302736.6971616817
2026-07-07,939203.9541633758,1068231.1341928458,1289354.1851177285
2026-07-08,932005.4796990476,1061694.7767776945,1279472.0044306675
2026-07-09,955676.3685038815,1083188.4127320084,1311967.778549459
2026-07-10,936956.0232593234,1066189.9684005291,1286268.1896785619
2026-07-13,920217.0713399589,1050990.6684596622,1263288.6892026057
2026-07-14,940034.924262171,1073624.8698224148,1290494.954137961
2026-07-15,938129.9645073856,1071449.1930300298,1287879.7949689373
2026-07-16,920814.8210572527,1051673.3653955443,1264109.289559141
2026-07-17,887628.9326541852,1013771.3745257373,1218551.1720600936
2026-07-20,901194.9114840459,1029265.2374443461,1237174.7644139826
2026-07-21,928810.9484230186,1060805.8358820977,1275086.500885906
2026-07-22,924501.2709530874,1055883.7028919186,1269170.1068399362
2026-07-23,926610.0535622943,1058292.1681476862,1272065.0772780734
2026-07-24,911164.5928344507,1040651.7269946152,1250861.3021637998
2026-07-27,921598.75511272,1052568.7056393242,1265185.4867480395
2026-07-28,895550.5862846818,1022818.7876891318,1229426.1446539133
2026-07-29,901575.1195009477,1029699.4774625794,1237696.7200505985
2026-07-30,891670.1127101189,1018386.853482422,1224098.9685688657
2026-07-31,899211.5583237138,1027000.0266275832,1234451.9855260693
2026-08-03,890388.3805294299,1016821.2798866237,1222339.3861650166
2026-08-04,901706.4284552385,1027162.45970228,1237876.9830797391
2026-08-05,912920.6051186974,1037408.7334520957,1253271.9838669326
2026-08-06,911580.0778838485,1036183.907998605,1251431.6866739162
2026-08-07,920032.846836924,1043907.1129414492,1263035.7828632146
2026-08-10,921518.4018720347,1045157.037312339,1264442.6389479095
2026-08-11,914025.9521369062,1040057.8935559425,1264442.6389479095
2026-08-12,919342.984868113,1043676.5116598147,1264442.6389479095
2026-08-13,914057.3094991249,1040079.2344662491,1264442.6389479095
2026-08-14,914435.5576808879,1040336.6591968233,1264442.6389479095
2026-08-17,929177.4375939497,1050368.4799278392,1264442.6389479095
2026-08-18,926180.8496669261,1048336.0211536303,1264442.6389479095
2026-08-20,900103.2833118078,1030648.7115070471,1264442.6389479095
2026-08-21,905228.2521994249,1034124.7610129702,1264442.6389479095
2026-08-24,894298.2516310728,1026706.6730963271,1264442.6389479095
