symbol,config,module,n,cum_R,pnl,wins,hold_days,win_rate,avg_hold_d
603993.SS,fund_only,B_STOCK,1,37.8,631251.0,1,175,1.0,175.0
518850.SS,fund_only,A_ETF,12,61.55,614851.0,4,269,0.333,22.4
510300.SS,fund_only,A_ETF,5,40.55,572406.0,3,178,0.6,35.6
600030.SS,fund_only,B_STOCK,7,25.53,400412.0,4,309,0.571,44.1
300003.SZ,fund_only,B_STOCK,2,23.73,399591.0,1,127,0.5,63.5
159915.SZ,fund_only,A_ETF,5,36.52,357574.0,2,148,0.4,29.6
512980.SS,fund_only,A_ETF,2,3.65,310979.0,1,7,0.5,3.5
300073.SZ,fund_only,B_STOCK,1,16.76,272149.0,1,80,1.0,80.0
600893.SS,fund_only,B_STOCK,1,4.81,196403.0,1,75,1.0,75.0
512400.SS,fund_only,A_ETF,4,8.33,138537.0,1,117,0.25,29.2
002371.SZ,fund_only,B_STOCK,1,13.46,135845.0,1,126,1.0,126.0
515300.SS,fund_only,A_ETF,6,16.04,123137.0,2,247,0.333,41.2
600196.SS,fund_only,B_STOCK,6,3.01,88205.0,1,128,0.167,21.3
512010.SS,fund_only,A_ETF,1,7.45,74231.0,1,72,1.0,72.0
002049.SZ,fund_only,B_STOCK,3,3.64,62576.0,1,55,0.333,18.3
512760.SS,fund_only,A_ETF,1,3.54,60821.0,1,56,1.0,56.0
601225.SS,fund_only,B_STOCK,1,2.97,49301.0,1,44,1.0,44.0
600460.SS,fund_only,B_STOCK,2,0.77,44939.0,1,86,0.5,43.0
512480.SS,fund_only,A_ETF,1,2.42,41585.0,1,56,1.0,56.0
159928.SZ,fund_only,A_ETF,4,2.56,24451.0,1,165,0.25,41.2
600850.SS,fund_only,B_STOCK,2,1.91,23918.0,1,53,0.5,26.5
603160.SS,fund_only,B_STOCK,2,1.71,17562.0,1,83,0.5,41.5
002594.SZ,fund_only,B_STOCK,6,1.83,17483.0,2,96,0.333,16.0
300059.SZ,fund_only,B_STOCK,2,1.9,16869.0,2,110,1.0,55.0
002747.SZ,fund_only,B_STOCK,1,1.7,16300.0,1,85,1.0,85.0
000725.SZ,fund_only,B_STOCK,2,-0.03,9452.0,1,33,0.5,16.5
601688.SS,fund_only,B_STOCK,1,0.9,8796.0,1,48,1.0,48.0
159901.SZ,fund_only,A_ETF,5,4.49,5833.0,1,106,0.2,21.2
510050.SS,fund_only,A_ETF,8,1.81,5699.0,2,175,0.25,21.9
000661.SZ,fund_only,B_STOCK,1,0.25,2447.0,1,35,1.0,35.0
002281.SZ,fund_only,B_STOCK,2,0.56,220.0,1,99,0.5,49.5
600660.SS,fund_only,B_STOCK,1,0.01,54.0,1,54,1.0,54.0
512000.SS,fund_only,A_ETF,1,0.0,0.0,0,0,0.0,0.0
600745.SS,fund_only,B_STOCK,1,-0.09,-906.0,0,35,0.0,35.0
002304.SZ,fund_only,B_STOCK,1,-0.2,-1342.0,0,3,0.0,3.0
600809.SS,fund_only,B_STOCK,1,-0.11,-1964.0,0,35,0.0,35.0
300136.SZ,fund_only,B_STOCK,1,-0.12,-2341.0,0,58,0.0,58.0
002008.SZ,fund_only,B_STOCK,1,-0.28,-2914.0,0,1,0.0,1.0
000858.SZ,fund_only,B_STOCK,1,-0.1,-3345.0,0,9,0.0,9.0
300274.SZ,fund_only,B_STOCK,2,-0.43,-4450.0,1,2,0.5,1.0
000596.SZ,fund_only,B_STOCK,1,-0.26,-4764.0,0,1,0.0,1.0
300383.SZ,fund_only,B_STOCK,1,-0.38,-5214.0,0,3,0.0,3.0
600760.SS,fund_only,B_STOCK,1,-0.57,-5518.0,0,10,0.0,10.0
601899.SS,fund_only,B_STOCK,1,-0.28,-6330.0,0,14,0.0,14.0
601318.SS,fund_only,B_STOCK,2,-1.17,-11828.0,0,46,0.0,23.0
512200.SS,fund_only,A_ETF,1,-1.21,-16464.0,0,11,0.0,11.0
600362.SS,fund_only,B_STOCK,1,-1.7,-17152.0,0,5,0.0,5.0
002230.SZ,fund_only,B_STOCK,1,-1.8,-17375.0,0,32,0.0,32.0
002179.SZ,fund_only,B_STOCK,3,-0.42,-17544.0,1,81,0.333,27.0
300014.SZ,fund_only,B_STOCK,2,-0.81,-17729.0,0,22,0.0,11.0
002475.SZ,fund_only,B_STOCK,3,-1.8,-19273.0,0,26,0.0,8.7
600600.SS,fund_only,B_STOCK,4,-0.63,-19408.0,1,10,0.25,2.5
002050.SZ,fund_only,B_STOCK,2,-1.83,-21791.0,0,32,0.0,16.0
000768.SZ,fund_only,B_STOCK,3,-2.24,-21817.0,2,103,0.667,34.3
000625.SZ,fund_only,B_STOCK,3,-2.63,-26051.0,0,37,0.0,12.3
512660.SS,fund_only,A_ETF,1,-1.98,-27828.0,0,2,0.0,2.0
515210.SS,fund_only,A_ETF,1,-0.78,-31494.0,0,59,0.0,59.0
002415.SZ,fund_only,B_STOCK,4,-1.55,-34418.0,1,43,0.25,10.8
515130.SS,fund_only,A_ETF,4,1.7,-73159.0,1,95,0.25,23.8
515220.SS,fund_only,A_ETF,6,-6.32,-77041.0,1,86,0.167,14.3
512100.SS,fund_only,A_ETF,2,-1.73,-86086.0,1,42,0.5,21.0
600519.SS,fund_only,B_STOCK,6,-3.69,-98804.0,0,84,0.0,14.0
159611.SZ,fund_only,A_ETF,3,-4.86,-99812.0,0,22,0.0,7.3
515050.SS,fund_only,A_ETF,3,-3.65,-101905.0,0,21,0.0,7.0
601238.SS,fund_only,B_STOCK,5,-3.18,-104568.0,0,66,0.0,13.2
159995.SZ,fund_only,A_ETF,1,-3.69,-107148.0,0,3,0.0,3.0
512580.SS,fund_only,A_ETF,4,-3.68,-130406.0,1,75,0.25,18.8
159825.SZ,fund_only,A_ETF,2,-5.69,-235857.0,0,33,0.0,16.5
512800.SS,fund_only,A_ETF,11,-13.33,-255450.0,0,195,0.0,17.7
512890.SS,fund_only,A_ETF,9,-14.05,-261225.0,0,179,0.0,19.9
510500.SS,fund_only,A_ETF,8,-14.45,-340940.0,1,129,0.125,16.1
518850.SS,full_v2,A_ETF,10,63.05,695877.0,3,255,0.3,25.5
600030.SS,full_v2,B_STOCK,7,25.53,382107.0,4,309,0.571,44.1
603993.SS,full_v2,B_STOCK,1,37.8,163899.0,1,175,1.0,175.0
510300.SS,full_v2,A_ETF,3,34.44,158814.0,2,98,0.667,32.7
159915.SZ,full_v2,A_ETF,5,36.52,155203.0,2,148,0.4,29.6
300003.SZ,full_v2,B_STOCK,2,23.73,102171.0,1,127,0.5,63.5
515300.SS,full_v2,A_ETF,4,16.79,81546.0,2,174,0.5,43.5
002371.SZ,full_v2,B_STOCK,1,13.46,54829.0,1,126,1.0,126.0
512010.SS,full_v2,A_ETF,1,7.45,30331.0,1,72,1.0,72.0
510050.SS,full_v2,A_ETF,5,3.22,19780.0,1,124,0.2,24.8
600460.SS,full_v2,B_STOCK,1,1.93,18348.0,1,64,1.0,64.0
603160.SS,full_v2,B_STOCK,2,1.71,17858.0,1,83,0.5,41.5
002594.SZ,full_v2,B_STOCK,6,1.83,16786.0,2,96,0.333,16.0
600850.SS,full_v2,B_STOCK,1,2.32,12665.0,1,52,1.0,52.0
002747.SZ,full_v2,B_STOCK,1,1.7,11609.0,1,85,1.0,85.0
300059.SZ,full_v2,B_STOCK,2,1.9,11006.0,2,110,1.0,55.0
512100.SS,full_v2,A_ETF,1,0.79,7707.0,1,38,1.0,38.0
159928.SZ,full_v2,A_ETF,4,2.56,4757.0,1,165,0.25,41.2
601688.SS,full_v2,B_STOCK,1,0.9,3708.0,1,48,1.0,48.0
000661.SZ,full_v2,B_STOCK,1,0.25,1728.0,1,35,1.0,35.0
600660.SS,full_v2,B_STOCK,1,0.01,39.0,1,54,1.0,54.0
600809.SS,full_v2,B_STOCK,1,-0.11,-499.0,0,35,0.0,35.0
512580.SS,full_v2,A_ETF,2,-1.39,-612.0,1,46,0.5,23.0
600745.SS,full_v2,B_STOCK,1,-0.09,-646.0,0,35,0.0,35.0
000725.SZ,full_v2,B_STOCK,2,-0.03,-1026.0,1,33,0.5,16.5
601899.SS,full_v2,B_STOCK,1,-0.28,-1235.0,0,14,0.0,14.0
000596.SZ,full_v2,B_STOCK,1,-0.26,-1454.0,0,1,0.0,1.0
002008.SZ,full_v2,B_STOCK,1,-0.28,-2887.0,0,1,0.0,1.0
300274.SZ,full_v2,B_STOCK,2,-0.43,-3228.0,1,2,0.5,1.0
515210.SS,full_v2,A_ETF,1,-0.78,-3785.0,0,59,0.0,59.0
600760.SS,full_v2,B_STOCK,1,-0.57,-4053.0,0,10,0.0,10.0
002179.SZ,full_v2,B_STOCK,3,-0.42,-4899.0,1,81,0.333,27.0
002415.SZ,full_v2,B_STOCK,4,-1.55,-4999.0,1,43,0.25,10.8
002049.SZ,full_v2,B_STOCK,2,-0.56,-5212.0,0,7,0.0,3.5
300014.SZ,full_v2,B_STOCK,1,-0.37,-5961.0,0,11,0.0,11.0
601318.SS,full_v2,B_STOCK,2,-1.17,-6124.0,0,46,0.0,23.0
600196.SS,full_v2,B_STOCK,4,-1.1,-7653.0,0,16,0.0,4.0
002050.SZ,full_v2,B_STOCK,2,-1.83,-7731.0,0,32,0.0,16.0
600600.SS,full_v2,B_STOCK,4,-0.63,-11664.0,1,10,0.25,2.5
600362.SS,full_v2,B_STOCK,1,-1.7,-12115.0,0,5,0.0,5.0
002475.SZ,full_v2,B_STOCK,2,-1.58,-12195.0,0,25,0.0,12.5
002230.SZ,full_v2,B_STOCK,1,-1.8,-12530.0,0,32,0.0,32.0
601238.SS,full_v2,B_STOCK,4,-2.6,-13890.0,0,60,0.0,15.0
000625.SZ,full_v2,B_STOCK,3,-2.63,-14110.0,0,37,0.0,12.3
000768.SZ,full_v2,B_STOCK,3,-2.24,-15760.0,2,103,0.667,34.3
515050.SS,full_v2,A_ETF,2,-2.89,-15771.0,0,14,0.0,7.0
512660.SS,full_v2,A_ETF,1,-1.98,-17542.0,0,2,0.0,2.0
159901.SZ,full_v2,A_ETF,3,-2.57,-22192.0,0,30,0.0,10.0
512400.SS,full_v2,A_ETF,1,-2.63,-26082.0,0,7,0.0,7.0
600519.SS,full_v2,B_STOCK,5,-3.51,-26482.0,0,76,0.0,15.2
515130.SS,full_v2,A_ETF,2,-1.81,-28917.0,0,15,0.0,7.5
515220.SS,full_v2,A_ETF,6,-6.32,-57196.0,1,86,0.167,14.3
512890.SS,full_v2,A_ETF,7,-12.76,-58381.0,0,139,0.0,19.9
510500.SS,full_v2,A_ETF,6,-11.35,-59016.0,1,98,0.167,16.3
159995.SZ,full_v2,A_ETF,1,-3.69,-61264.0,0,3,0.0,3.0
159611.SZ,full_v2,A_ETF,3,-4.86,-89861.0,0,22,0.0,7.3
512800.SS,full_v2,A_ETF,10,-12.24,-100330.0,0,191,0.0,19.1
518850.SS,split_A_leg(h80),A_ETF,10,63.05,365183.0,3,255,0.3,25.5
510300.SS,split_A_leg(h80),A_ETF,4,41.63,155568.0,3,173,0.75,43.2
159915.SZ,split_A_leg(h80),A_ETF,5,36.52,105577.0,2,148,0.4,29.6
515300.SS,split_A_leg(h80),A_ETF,6,16.04,54508.0,2,247,0.333,41.2
512980.SS,split_A_leg(h80),A_ETF,1,9.5,47771.0,1,3,1.0,3.0
512010.SS,split_A_leg(h80),A_ETF,1,7.45,21242.0,1,72,1.0,72.0
510050.SS,split_A_leg(h80),A_ETF,7,4.75,20796.0,2,174,0.286,24.9
515130.SS,split_A_leg(h80),A_ETF,3,4.79,16640.0,1,90,0.333,30.0
159901.SZ,split_A_leg(h80),A_ETF,5,4.49,11185.0,1,106,0.2,21.2
159928.SZ,split_A_leg(h80),A_ETF,4,2.56,5031.0,1,165,0.25,41.2
512100.SS,split_A_leg(h80),A_ETF,1,0.79,4790.0,1,38,1.0,38.0
512200.SS,split_A_leg(h80),A_ETF,1,-1.21,-1811.0,0,11,0.0,11.0
515210.SS,split_A_leg(h80),A_ETF,1,-0.78,-3959.0,0,59,0.0,59.0
512580.SS,split_A_leg(h80),A_ETF,3,-2.27,-9940.0,1,68,0.333,22.7
515050.SS,split_A_leg(h80),A_ETF,2,-2.89,-14875.0,0,14,0.0,7.0
512400.SS,split_A_leg(h80),A_ETF,3,-5.96,-28394.0,0,8,0.0,2.7
159995.SZ,split_A_leg(h80),A_ETF,1,-3.69,-30227.0,0,3,0.0,3.0
515220.SS,split_A_leg(h80),A_ETF,6,-6.32,-32717.0,1,86,0.167,14.3
512890.SS,split_A_leg(h80),A_ETF,9,-14.05,-46526.0,0,179,0.0,19.9
159611.SZ,split_A_leg(h80),A_ETF,3,-4.86,-48280.0,0,22,0.0,7.3
510500.SS,split_A_leg(h80),A_ETF,8,-14.45,-66756.0,1,129,0.125,16.1
512800.SS,split_A_leg(h80),A_ETF,11,-13.33,-71545.0,0,195,0.0,17.7
603993.SS,split_stock_leg(nogate),CD_STOCK,2,37.34,271870.0,1,194,0.5,97.0
300003.SZ,split_stock_leg(nogate),CD_STOCK,4,26.8,189850.0,2,182,0.5,45.5
600030.SS,split_stock_leg(nogate),B_STOCK,7,25.53,130326.0,4,309,0.571,44.1
002371.SZ,split_stock_leg(nogate),B_STOCK,1,13.46,67957.0,1,126,1.0,126.0
600893.SS,split_stock_leg(nogate),CD_STOCK,2,5.26,63090.0,2,136,1.0,68.0
300223.SZ,split_stock_leg(nogate),CD_STOCK,1,6.43,36026.0,1,61,1.0,61.0
600196.SS,split_stock_leg(nogate),B_STOCK,7,2.93,33627.0,1,134,0.143,19.1
002049.SZ,split_stock_leg(nogate),B_STOCK,3,3.64,27174.0,1,55,0.333,18.3
300750.SZ,split_stock_leg(nogate),CD_STOCK,2,4.68,25892.0,1,122,0.5,61.0
601225.SS,split_stock_leg(nogate),B_STOCK,1,2.97,21371.0,1,44,1.0,44.0
002384.SZ,split_stock_leg(nogate),CD_STOCK,2,5.72,20511.0,1,91,0.5,45.5
600460.SS,split_stock_leg(nogate),CD_STOCK,4,1.13,20249.0,3,152,0.75,38.0
002050.SZ,split_stock_leg(nogate),B_STOCK,3,2.0,10093.0,1,126,0.333,42.0
603160.SS,split_stock_leg(nogate),B_STOCK,6,2.42,9809.0,4,207,0.667,34.5
002594.SZ,split_stock_leg(nogate),B_STOCK,6,1.83,8798.0,2,96,0.333,16.0
300059.SZ,split_stock_leg(nogate),B_STOCK,2,1.9,8523.0,2,110,1.0,55.0
002747.SZ,split_stock_leg(nogate),B_STOCK,1,1.7,8093.0,1,85,1.0,85.0
600703.SS,split_stock_leg(nogate),CD_STOCK,4,0.98,7805.0,2,116,0.5,29.0
601127.SS,split_stock_leg(nogate),CD_STOCK,4,1.13,7293.0,1,86,0.25,21.5
000661.SZ,split_stock_leg(nogate),B_STOCK,6,1.64,5983.0,2,138,0.333,23.0
601899.SS,split_stock_leg(nogate),CD_STOCK,3,2.02,5407.0,1,88,0.333,29.3
601688.SS,split_stock_leg(nogate),B_STOCK,1,0.9,5282.0,1,48,1.0,48.0
000625.SZ,split_stock_leg(nogate),B_STOCK,5,0.71,4757.0,2,119,0.4,23.8
002230.SZ,split_stock_leg(nogate),B_STOCK,2,0.28,2034.0,1,86,0.5,43.0
603986.SS,split_stock_leg(nogate),CD_STOCK,1,0.35,2017.0,1,48,1.0,48.0
002281.SZ,split_stock_leg(nogate),B_STOCK,2,0.56,1142.0,1,99,0.5,49.5
600850.SS,split_stock_leg(nogate),B_STOCK,3,1.36,202.0,1,74,0.333,24.7
600660.SS,split_stock_leg(nogate),B_STOCK,1,0.01,28.0,1,54,1.0,54.0
002466.SZ,split_stock_leg(nogate),CD_STOCK,2,-0.1,-432.0,1,46,0.5,23.0
300347.SZ,split_stock_leg(nogate),CD_STOCK,5,-0.08,-432.0,2,94,0.4,18.8
603799.SS,split_stock_leg(nogate),CD_STOCK,4,1.04,-456.0,2,75,0.5,18.8
600438.SS,split_stock_leg(nogate),CD_STOCK,1,-0.08,-472.0,0,28,0.0,28.0
300136.SZ,split_stock_leg(nogate),B_STOCK,1,-0.12,-674.0,0,58,0.0,58.0
600809.SS,split_stock_leg(nogate),B_STOCK,1,-0.11,-831.0,0,35,0.0,35.0
000725.SZ,split_stock_leg(nogate),CD_STOCK,3,-0.61,-850.0,1,46,0.333,15.3
002179.SZ,split_stock_leg(nogate),B_STOCK,4,0.51,-865.0,2,92,0.5,23.0
601012.SS,split_stock_leg(nogate),CD_STOCK,1,-0.25,-1254.0,0,2,0.0,2.0
002241.SZ,split_stock_leg(nogate),CD_STOCK,3,-0.38,-1326.0,1,73,0.333,24.3
300383.SZ,split_stock_leg(nogate),B_STOCK,1,-0.38,-1986.0,0,3,0.0,3.0
002008.SZ,split_stock_leg(nogate),B_STOCK,3,-0.44,-2070.0,1,59,0.333,19.7
002304.SZ,split_stock_leg(nogate),CD_STOCK,4,-0.55,-2166.0,1,86,0.25,21.5
300474.SZ,split_stock_leg(nogate),CD_STOCK,2,-0.46,-2326.0,0,46,0.0,23.0
300122.SZ,split_stock_leg(nogate),CD_STOCK,1,-0.43,-2422.0,0,8,0.0,8.0
300274.SZ,split_stock_leg(nogate),B_STOCK,2,-0.43,-2676.0,1,2,0.5,1.0
000596.SZ,split_stock_leg(nogate),CD_STOCK,3,-0.59,-3018.0,0,20,0.0,6.7
002326.SZ,split_stock_leg(nogate),CD_STOCK,3,-0.58,-3083.0,1,10,0.333,3.3
002821.SZ,split_stock_leg(nogate),CD_STOCK,1,-0.54,-3145.0,0,5,0.0,5.0
600760.SS,split_stock_leg(nogate),B_STOCK,1,-0.57,-3299.0,0,10,0.0,10.0
002410.SZ,split_stock_leg(nogate),CD_STOCK,2,-0.62,-3640.0,0,47,0.0,23.5
600745.SS,split_stock_leg(nogate),B_STOCK,5,1.62,-4159.0,2,199,0.4,39.8
002555.SZ,split_stock_leg(nogate),CD_STOCK,9,-0.74,-4362.0,3,229,0.333,25.4
300394.SZ,split_stock_leg(nogate),CD_STOCK,3,-0.92,-4707.0,0,36,0.0,12.0
000858.SZ,split_stock_leg(nogate),CD_STOCK,2,-0.96,-5109.0,0,33,0.0,16.5
603259.SS,split_stock_leg(nogate),CD_STOCK,2,-1.0,-5526.0,0,3,0.0,1.5
300073.SZ,split_stock_leg(nogate),CD_STOCK,2,-0.84,-7502.0,0,12,0.0,6.0
000568.SZ,split_stock_leg(nogate),CD_STOCK,3,-1.52,-7758.0,0,59,0.0,19.7
600362.SS,split_stock_leg(nogate),B_STOCK,1,-1.7,-8581.0,0,5,0.0,5.0
002460.SZ,split_stock_leg(nogate),CD_STOCK,3,-2.15,-9246.0,0,6,0.0,2.0
601318.SS,split_stock_leg(nogate),CD_STOCK,3,-1.65,-9395.0,0,54,0.0,18.0
000768.SZ,split_stock_leg(nogate),B_STOCK,3,-2.24,-11012.0,2,103,0.667,34.3
300014.SZ,split_stock_leg(nogate),CD_STOCK,4,-1.76,-12788.0,0,52,0.0,13.0
002475.SZ,split_stock_leg(nogate),B_STOCK,5,-2.56,-14573.0,0,40,0.0,8.0
002415.SZ,split_stock_leg(nogate),B_STOCK,4,-1.55,-14682.0,1,43,0.25,10.8
600600.SS,split_stock_leg(nogate),CD_STOCK,6,-2.02,-15208.0,1,21,0.167,3.5
002812.SZ,split_stock_leg(nogate),CD_STOCK,7,-4.16,-24196.0,0,77,0.0,11.0
601238.SS,split_stock_leg(nogate),B_STOCK,7,-3.48,-37134.0,0,85,0.0,12.1
600519.SS,split_stock_leg(nogate),B_STOCK,6,-3.69,-40559.0,0,84,0.0,14.0
