module,rr,exit_v,zone,n,exp_r,pf,e1,e2,e2020,e2022,passed
A·early,无,a6_1_costbasis,关,111,-0.7360912991695804,0.585191513570075,-0.37364360613515024,-0.8016403500375087,7.133364618936939,,False
A·early,无,a6_1_costbasis,低+中,2,7.133364618936939,23.184687116185508,,7.133364618936939,7.133364618936939,,False
A·early,无,a6_2_top_plus_keywave,关,111,-0.8623511645160026,0.5462160114043364,-0.4494437959004681,-0.9370259013932801,7.133364618936939,,False
A·early,无,a6_2_top_plus_keywave,低+中,2,7.133364618936939,23.184687116185508,,7.133364618936939,7.133364618936939,,False
A·early,无,a6_3_structure_stop,关,111,-2.435753943924551,0.0,-2.589572075019649,-2.407935771279693,-0.32154452220029633,,False
A·early,无,a6_3_structure_stop,低+中,2,-0.32154452220029633,0.0,,-0.32154452220029633,-0.32154452220029633,,False
A·early,无,b3_dual,关,111,-0.7841551191190643,0.5452229477201379,-0.37364360613515024,-0.8583965629565807,8.488873239426429,,False
A·early,无,b3_dual,低+中,2,8.488873239426429,27.400304322828877,,8.488873239426429,8.488873239426429,,False
A·early,2,a6_1_costbasis,关,19,-1.6371381814441517,0.12044214343903897,-2.097643890807577,-1.5507933609385094,,,False
A·early,2,a6_1_costbasis,低+中,0,,,,,,,False
A·early,2,a6_2_top_plus_keywave,关,19,-2.2954207425779805,0.0941166468362502,-2.5271782994777117,-2.251966200659281,,,False
A·early,2,a6_2_top_plus_keywave,低+中,0,,,,,,,False
A·early,2,a6_3_structure_stop,关,19,-2.9026618261563413,0.0,-2.5271782994777117,-2.973064987408584,,,False
A·early,2,a6_3_structure_stop,低+中,0,,,,,,,False
A·early,2,b3_dual,关,19,-0.9443151878079822,0.41976859858972393,-2.097643890807577,-0.728066055995558,,,False
A·early,2,b3_dual,低+中,0,,,,,,,False
A·early,3,a6_1_costbasis,关,10,-2.062039479920366,0.17120065596994627,-3.2959517366903,-1.92493811805704,,,False
A·early,3,a6_1_costbasis,低+中,0,,,,,,,False
A·early,3,a6_2_top_plus_keywave,关,10,-2.2902638161367292,0.15681584018821454,-3.2959517366903,-2.178520713852999,,,False
A·early,3,a6_2_top_plus_keywave,低+中,0,,,,,,,False
A·early,3,a6_3_structure_stop,关,10,-3.270391893379684,0.0,-3.2959517366903,-3.267551910789616,,,False
A·early,3,a6_3_structure_stop,低+中,0,,,,,,,False
A·early,3,b3_dual,关,10,-1.983760197300488,0.1924656844319161,-3.2959517366903,-1.8379611373682867,,,False
A·early,3,b3_dual,低+中,0,,,,,,,False
A·early,5,a6_1_costbasis,关,2,-3.2706899639540152,0.0,,-3.2706899639540152,,,False
A·early,5,a6_1_costbasis,低+中,0,,,,,,,False
A·early,5,a6_2_top_plus_keywave,关,2,-3.2706899639540152,0.0,,-3.2706899639540152,,,False
A·early,5,a6_2_top_plus_keywave,低+中,0,,,,,,,False
A·early,5,a6_3_structure_stop,关,2,-3.2706899639540152,0.0,,-3.2706899639540152,,,False
A·early,5,a6_3_structure_stop,低+中,0,,,,,,,False
A·early,5,b3_dual,关,2,-3.2706899639540152,0.0,,-3.2706899639540152,,,False
A·early,5,b3_dual,低+中,0,,,,,,,False
B·ambush,无,a6_1_costbasis,关,0,,,,,,,False
B·ambush,无,a6_1_costbasis,低+中,0,,,,,,,False
B·ambush,无,a6_2_top_plus_keywave,关,0,,,,,,,False
B·ambush,无,a6_2_top_plus_keywave,低+中,0,,,,,,,False
B·ambush,无,a6_3_structure_stop,关,0,,,,,,,False
B·ambush,无,a6_3_structure_stop,低+中,0,,,,,,,False
B·ambush,无,b3_dual,关,0,,,,,,,False
B·ambush,无,b3_dual,低+中,0,,,,,,,False
B·ambush,2,a6_1_costbasis,关,0,,,,,,,False
B·ambush,2,a6_1_costbasis,低+中,0,,,,,,,False
B·ambush,2,a6_2_top_plus_keywave,关,0,,,,,,,False
B·ambush,2,a6_2_top_plus_keywave,低+中,0,,,,,,,False
B·ambush,2,a6_3_structure_stop,关,0,,,,,,,False
B·ambush,2,a6_3_structure_stop,低+中,0,,,,,,,False
B·ambush,2,b3_dual,关,0,,,,,,,False
B·ambush,2,b3_dual,低+中,0,,,,,,,False
B·ambush,3,a6_1_costbasis,关,0,,,,,,,False
B·ambush,3,a6_1_costbasis,低+中,0,,,,,,,False
B·ambush,3,a6_2_top_plus_keywave,关,0,,,,,,,False
B·ambush,3,a6_2_top_plus_keywave,低+中,0,,,,,,,False
B·ambush,3,a6_3_structure_stop,关,0,,,,,,,False
B·ambush,3,a6_3_structure_stop,低+中,0,,,,,,,False
B·ambush,3,b3_dual,关,0,,,,,,,False
B·ambush,3,b3_dual,低+中,0,,,,,,,False
B·ambush,5,a6_1_costbasis,关,0,,,,,,,False
B·ambush,5,a6_1_costbasis,低+中,0,,,,,,,False
B·ambush,5,a6_2_top_plus_keywave,关,0,,,,,,,False
B·ambush,5,a6_2_top_plus_keywave,低+中,0,,,,,,,False
B·ambush,5,a6_3_structure_stop,关,0,,,,,,,False
B·ambush,5,a6_3_structure_stop,低+中,0,,,,,,,False
B·ambush,5,b3_dual,关,0,,,,,,,False
B·ambush,5,b3_dual,低+中,0,,,,,,,False
B·breakout,无,a6_1_costbasis,关,0,,,,,,,False
B·breakout,无,a6_1_costbasis,低+中,0,,,,,,,False
B·breakout,无,a6_2_top_plus_keywave,关,0,,,,,,,False
B·breakout,无,a6_2_top_plus_keywave,低+中,0,,,,,,,False
B·breakout,无,a6_3_structure_stop,关,0,,,,,,,False
B·breakout,无,a6_3_structure_stop,低+中,0,,,,,,,False
B·breakout,无,b3_dual,关,0,,,,,,,False
B·breakout,无,b3_dual,低+中,0,,,,,,,False
B·breakout,2,a6_1_costbasis,关,0,,,,,,,False
B·breakout,2,a6_1_costbasis,低+中,0,,,,,,,False
B·breakout,2,a6_2_top_plus_keywave,关,0,,,,,,,False
B·breakout,2,a6_2_top_plus_keywave,低+中,0,,,,,,,False
B·breakout,2,a6_3_structure_stop,关,0,,,,,,,False
B·breakout,2,a6_3_structure_stop,低+中,0,,,,,,,False
B·breakout,2,b3_dual,关,0,,,,,,,False
B·breakout,2,b3_dual,低+中,0,,,,,,,False
B·breakout,3,a6_1_costbasis,关,0,,,,,,,False
B·breakout,3,a6_1_costbasis,低+中,0,,,,,,,False
B·breakout,3,a6_2_top_plus_keywave,关,0,,,,,,,False
B·breakout,3,a6_2_top_plus_keywave,低+中,0,,,,,,,False
B·breakout,3,a6_3_structure_stop,关,0,,,,,,,False
B·breakout,3,a6_3_structure_stop,低+中,0,,,,,,,False
B·breakout,3,b3_dual,关,0,,,,,,,False
B·breakout,3,b3_dual,低+中,0,,,,,,,False
B·breakout,5,a6_1_costbasis,关,0,,,,,,,False
B·breakout,5,a6_1_costbasis,低+中,0,,,,,,,False
B·breakout,5,a6_2_top_plus_keywave,关,0,,,,,,,False
B·breakout,5,a6_2_top_plus_keywave,低+中,0,,,,,,,False
B·breakout,5,a6_3_structure_stop,关,0,,,,,,,False
B·breakout,5,a6_3_structure_stop,低+中,0,,,,,,,False
B·breakout,5,b3_dual,关,0,,,,,,,False
B·breakout,5,b3_dual,低+中,0,,,,,,,False
C·v1,无,a6_1_costbasis,关,256,-0.711274139746225,0.37571031970125884,-1.3925219643132696,0.06080672809642484,0.16020778098441643,0.03079391336692657,False
C·v1,无,a6_1_costbasis,低+中,90,-0.3324040896707736,0.5493411020267849,-0.8197933231037168,0.4334932771524227,0.16020778098441643,-0.002210310832212884,False
C·v1,无,a6_2_top_plus_keywave,关,256,-0.449610139748272,0.6246963576134167,-1.0932001831211131,0.27979190940761334,0.16020778098441643,-0.09726387483330079,False
C·v1,无,a6_2_top_plus_keywave,低+中,90,-0.2543097077780878,0.7236795539599491,-0.6046435036295552,0.29621482855993303,0.16020778098441643,-0.05125380868204895,False
C·v1,无,a6_3_structure_stop,关,256,-1.9070574606085,0.00375403082785779,-2.487956095115506,-1.2487056748338916,0.0,-1.3140154008533789,False
C·v1,无,a6_3_structure_stop,低+中,90,-1.6878429293156028,0.0,-1.9152564724923515,-1.3304787900378539,0.0,-1.3219524207603888,False
C·v1,无,b3_dual,关,256,-0.6718589600940017,0.39113506564631884,-1.358174157460203,0.10596493025435899,0.16020778098441643,0.03079391336692657,False
C·v1,无,b3_dual,低+中,90,-0.31341175052350356,0.5696171314950683,-0.7887149499536386,0.4334932771524227,0.16020778098441643,-0.002210310832212884,False
C·v1,2,a6_1_costbasis,关,150,-1.1751513364203598,0.16467520528336002,-1.770545580182772,-0.4173768443591089,0.16020778098441643,0.09831768364029747,False
C·v1,2,a6_1_costbasis,低+中,62,-0.4253538740359626,0.4546987090228566,-0.8348696373302344,0.18072945563956033,0.16020778098441643,0.09831768364029747,False
C·v1,2,a6_2_top_plus_keywave,关,150,-0.9341642231756803,0.39976450453178336,-1.5085851998994424,-0.20308298007271094,0.16020778098441643,-0.47744551717821765,False
C·v1,2,a6_2_top_plus_keywave,低+中,62,-0.5211256905405228,0.49648446034531435,-0.6683312550968885,-0.3032614549971008,0.16020778098441643,-0.47744551717821765,False
C·v1,2,a6_3_structure_stop,关,150,-2.2793881720200053,0.005351739670482442,-2.8848267292198537,-1.5088300083111017,0.0,-1.6124336148361158,False
C·v1,2,a6_3_structure_stop,低+中,62,-1.8443705452083352,0.0,-2.0159237476654375,-1.5904718055718234,0.0,-1.6124336148361158,False
C·v1,2,b3_dual,关,150,-1.0906984798756172,0.2000762188331176,-1.7156105405895095,-0.29535585714884666,0.16020778098441643,0.09831768364029747,False
C·v1,2,b3_dual,低+中,62,-0.4136742638326488,0.46967190407465076,-0.8152983986111683,0.18072945563956033,0.16020778098441643,0.09831768364029747,False
C·v1,3,a6_1_costbasis,关,97,-1.4413742535993208,0.1810298711884137,-2.334812783399851,-0.31938168129167877,,0.35261738898341716,False
C·v1,3,a6_1_costbasis,低+中,43,-0.4403560263192241,0.5043956643161668,-0.9757045468238895,0.23587368379193224,,0.35261738898341716,False
C·v1,3,a6_2_top_plus_keywave,关,97,-1.2632762452254642,0.339088428349966,-1.8793536757171938,-0.4895976115846887,,-0.2573822338302107,False
C·v1,3,a6_2_top_plus_keywave,低+中,43,-0.4748487813025759,0.5838640319236947,-0.5713415112421746,-0.35296322769466176,,-0.2573822338302107,False
C·v1,3,a6_3_structure_stop,关,97,-2.7259682277726736,0.0015055357230275286,-3.5315061798357914,-1.7143624275073617,,-1.6280095600373203,False
C·v1,3,a6_3_structure_stop,低+中,43,-2.0043764425032906,0.0,-2.173729882417447,-1.7904563078748832,,-1.6280095600373203,False
C·v1,3,b3_dual,关,97,-1.3940769334795906,0.18778605914848576,-2.261142600596184,-0.30520377012386996,,0.35261738898341716,False
C·v1,3,b3_dual,低+中,43,-0.4235156581190974,0.5233488726195875,-0.9455322204653291,0.23587368379193224,,0.35261738898341716,False
C·v1,5,a6_1_costbasis,关,40,-2.394456284003538,0.15562649496360784,-3.495483079889802,-0.10770832331668229,,1.7575899010082998,False
C·v1,5,a6_1_costbasis,低+中,19,-0.0440057709282222,0.9546451389822272,-0.8799303116947776,1.7671640673993145,,1.7575899010082998,False
C·v1,5,a6_2_top_plus_keywave,关,40,-2.0916737343373213,0.2859046463412632,-3.0650732836388217,-0.06999774732651304,,0.8143035272051662,False
C·v1,5,a6_2_top_plus_keywave,低+中,19,0.5380611910330596,1.5726370523766946,0.22478522086455804,1.216825793064813,,0.8143035272051662,False
C·v1,5,a6_3_structure_stop,关,40,-4.116613259141138,0.0,-4.8430093548934465,-2.607944444886342,,-1.5842942936572757,False
C·v1,5,a6_3_structure_stop,低+中,19,-2.512040379009523,0.0,-2.5764957768758703,-2.372387016965772,,-1.5842942936572757,False
C·v1,5,b3_dual,关,40,-2.34917943269357,0.16357788172039128,-3.468663234237748,-0.024097691024894067,,1.7575899010082998,False
C·v1,5,b3_dual,低+中,19,-0.005893358685830186,0.993925967924532,-0.8242275553405124,1.7671640673993145,,1.7575899010082998,False
D,无,a6_1_costbasis,关,0,,,,,,,False
D,无,a6_1_costbasis,低+中,0,,,,,,,False
D,无,a6_2_top_plus_keywave,关,0,,,,,,,False
D,无,a6_2_top_plus_keywave,低+中,0,,,,,,,False
D,无,a6_3_structure_stop,关,0,,,,,,,False
D,无,a6_3_structure_stop,低+中,0,,,,,,,False
D,无,b3_dual,关,0,,,,,,,False
D,无,b3_dual,低+中,0,,,,,,,False
D,2,a6_1_costbasis,关,0,,,,,,,False
D,2,a6_1_costbasis,低+中,0,,,,,,,False
D,2,a6_2_top_plus_keywave,关,0,,,,,,,False
D,2,a6_2_top_plus_keywave,低+中,0,,,,,,,False
D,2,a6_3_structure_stop,关,0,,,,,,,False
D,2,a6_3_structure_stop,低+中,0,,,,,,,False
D,2,b3_dual,关,0,,,,,,,False
D,2,b3_dual,低+中,0,,,,,,,False
D,3,a6_1_costbasis,关,0,,,,,,,False
D,3,a6_1_costbasis,低+中,0,,,,,,,False
D,3,a6_2_top_plus_keywave,关,0,,,,,,,False
D,3,a6_2_top_plus_keywave,低+中,0,,,,,,,False
D,3,a6_3_structure_stop,关,0,,,,,,,False
D,3,a6_3_structure_stop,低+中,0,,,,,,,False
D,3,b3_dual,关,0,,,,,,,False
D,3,b3_dual,低+中,0,,,,,,,False
D,5,a6_1_costbasis,关,0,,,,,,,False
D,5,a6_1_costbasis,低+中,0,,,,,,,False
D,5,a6_2_top_plus_keywave,关,0,,,,,,,False
D,5,a6_2_top_plus_keywave,低+中,0,,,,,,,False
D,5,a6_3_structure_stop,关,0,,,,,,,False
D,5,a6_3_structure_stop,低+中,0,,,,,,,False
D,5,b3_dual,关,0,,,,,,,False
D,5,b3_dual,低+中,0,,,,,,,False
