sample,module,group,symbol,signal_date,entry_date,entry_price,stop_price,exit_date,exit_reason,holding_bars,r_net,is_tail,src,r_at_5,r_at_10,r_at_15,peak_r_at_5,peak_r_at_10,peak_r_at_15,slope5_r_at_10
A_cn,A,frozen,159915.SZ,2026-02-04,2026-02-05,3.264,3.233,2026-02-06,exit_a6_1_costbasis,1,-2.064516129032272,False,ohlcv,0.29032258064517513,2.3225806451613153,-1.8709677419354969,1.8387096774193854,2.5806451612903505,2.5806451612903505,2.03225806451614
A_cn,A,frozen,159915.SZ,2026-02-09,2026-02-10,3.327,3.187,2026-02-12,exit_a6_1_costbasis,2,-0.4071428571428584,False,ohlcv,-0.22857142857142856,-0.8714285714285699,-0.22142857142857222,-0.05714285714285714,0.12142857142857064,0.12142857142857064,-0.6428571428571412
A_cn,A,frozen,159915.SZ,2026-03-10,2026-03-11,3.303,3.1,2026-03-18,exit_a6_1_costbasis,5,-0.09852216748768314,False,ohlcv,-0.14778325123152625,-0.32512315270935904,-0.596059113300493,0.22660098522167635,0.22660098522167635,0.22660098522167635,-0.1773399014778328
A_cn,A,frozen,159915.SZ,2026-03-11,2026-03-12,3.34,3.252,2026-03-18,exit_a6_1_costbasis,4,-0.6477272727272673,False,ohlcv,-0.022727272727270206,-0.3749999999999987,-1.2272727272727222,0.10227272727273105,0.10227272727273105,0.10227272727273105,-0.3522727272727285
A_cn,A,frozen,159915.SZ,2026-05-26,2026-05-27,4.053,3.916,2026-06-09,structure_stop_C,9,-1.3576642335766433,False,ohlcv,0.1313868613138671,-0.5912408759124085,0.42335766423357535,0.6204379562043792,0.6715328467153258,0.6715328467153258,-0.7226277372262755
A_cn,A,frozen,510300.SS,2025-08-05,2025-08-06,4.058,3.994,2025-10-20,exit_a6_1_costbasis,47,7.187500000000039,True,ohlcv,0.7343750000000138,1.9375000000000204,5.625000000000039,0.7343750000000138,2.2812500000000124,6.000000000000042,1.2031250000000067
A_cn,A,frozen,510300.SS,2025-08-08,2025-08-11,4.06,4.048,2025-10-20,exit_a6_1_costbasis,44,38.16666666666808,True,ohlcv,9.333333333333679,24.66666666666758,34.8333333333346,9.333333333333679,24.66666666666758,34.8333333333346,15.3333333333339
A_cn,A,frozen,510300.SS,2025-09-09,2025-09-10,4.403,4.379,2025-10-20,exit_a6_1_costbasis,22,4.7916666666666465,False,ohlcv,3.916666666666676,4.0,8.958333333333357,5.583333333333343,5.583333333333343,8.958333333333357,0.08333333333332409
A_cn,A,frozen,510300.SS,2026-02-04,2026-02-05,4.68,4.585,2026-02-06,exit_a6_1_costbasis,1,-0.49473684210526303,False,ohlcv,0.45263157894737116,0.5789473684210605,-0.2736842105263144,0.557894736842106,0.7368421052631628,0.7368421052631628,0.12631578947368932
A_cn,A,frozen,510300.SS,2026-02-09,2026-02-10,4.733,4.61,2026-02-24,exit_a6_1_costbasis,4,-0.14634146341463614,False,ohlcv,-0.1382113821138175,-0.44715447154471555,-0.4065040650406512,0.0,0.13821138211382472,0.13821138211382472,-0.30894308943089804
A_cn,A,frozen,510300.SS,2026-03-12,2026-03-13,4.672,4.665,2026-03-16,exit_a6_1_costbasis,1,-1.000000000000059,False,ohlcv,-10.428571428571846,-26.28571428571541,-26.14285714285834,1.1428571428571972,1.1428571428571972,1.1428571428571972,-15.857142857143565
A_cn,A,frozen,510300.SS,2026-05-28,2026-05-29,4.946,4.866,2026-06-08,structure_stop_C,6,-2.0749999999999953,False,ohlcv,-0.24999999999999445,-2.4374999999999902,0.47500000000000275,0.23750000000000138,0.23750000000000138,0.47500000000000275,-2.187499999999996
A_cn,A,frozen,510300.SS,2026-06-30,2026-07-01,5.009,4.866,2026-07-03,structure_stop_C,2,-1.3216783216783177,False,ohlcv,-1.2797202797202787,-1.2027972027972011,-1.552447552447548,-0.0769230769230774,-0.0769230769230774,-0.0769230769230774,0.0769230769230774
A_cn,A,frozen,512400.SS,2025-08-06,2025-08-07,1.254,1.227,2025-11-24,exit_a6_1_costbasis,71,14.296296296296335,True,ohlcv,2.148148148148157,3.222222222222231,5.481481481481496,2.148148148148157,3.222222222222231,6.5555555555555785,1.0740740740740744
A_cn,A,frozen,512890.SS,2024-04-25,2024-04-26,1.047,1.034,2024-06-12,exit_a6_1_costbasis,29,-0.307692307692311,False,ohlcv,0.07692307692308611,1.6153846153846376,3.2307692307692584,0.07692307692308611,1.923076923076948,3.2307692307692584,1.5384615384615516
A_cn,A,frozen,512890.SS,2024-05-09,2024-05-10,1.06,1.044,2024-06-12,exit_a6_1_costbasis,22,-1.06250000000001,False,ohlcv,0.5,1.0,1.4374999999999931,0.75,1.8124999999999931,2.187499999999993,0.5
A_cn,A,frozen,512890.SS,2024-05-20,2024-05-21,1.085,1.064,2024-06-06,structure_stop_C,12,-1.666666666666669,False,ohlcv,0.4761904761904787,-0.6666666666666702,-1.4285714285714362,0.4761904761904787,0.4761904761904787,0.4761904761904787,-1.1428571428571488
A_cn,A,frozen,512890.SS,2024-12-23,2024-12-24,1.104,1.1,2025-01-06,structure_stop_C,8,-7.25000000000003,False,ohlcv,6.7499999999999725,-3.2500000000000275,-7.5,6.7499999999999725,6.7499999999999725,6.7499999999999725,-10.0
A_cn,A,frozen,512890.SS,2024-12-24,2024-12-25,1.116,1.1,2025-01-06,structure_stop_C,7,-2.5625000000000067,False,ohlcv,0.5,-1.3125000000000069,-2.375,0.9374999999999931,0.9374999999999931,0.9374999999999931,-1.8125000000000069
A_cn,A,frozen,512890.SS,2025-05-29,2025-05-30,1.153,1.146,2025-07-30,exit_a6_1_costbasis,42,3.7142857142856442,True,ohlcv,2.142857142857093,2.2857142857142496,4.1428571428570615,2.9999999999999365,3.2857142857142176,4.1428571428570615,0.14285714285715645
A_cn,A,frozen,512890.SS,2025-06-20,2025-06-23,1.181,1.172,2025-07-30,exit_a6_1_costbasis,27,-0.2222222222222215,False,ohlcv,0.7777777777777558,3.333333333333292,4.22222222222217,2.777777777777731,3.333333333333292,5.444444444444365,2.5555555555555363
A_cn,A,frozen,512890.SS,2025-08-06,2025-08-07,1.201,1.185,2025-08-12,exit_a6_1_costbasis,3,-0.8125000000000042,False,ohlcv,-0.18750000000000694,0.375,-0.25,0.375,0.375,1.125,0.5625000000000069
A_cn,A,frozen,512890.SS,2025-08-21,2025-08-22,1.212,1.192,2025-09-02,structure_stop_C,7,-1.4999999999999973,False,ohlcv,-0.7499999999999944,-1.1,-1.0,0.35000000000000553,0.35000000000000553,0.35000000000000553,-0.35000000000000553
A_cn,A,frozen,512890.SS,2025-08-22,2025-08-25,1.209,1.202,2025-08-28,structure_stop_C,3,-3.2857142857142487,False,ohlcv,-2.1428571428571246,-3.428571428571374,-3.5714285714285308,1.428571428571406,1.428571428571406,1.428571428571406,-1.2857142857142494
A_cn,A,frozen,512890.SS,2025-08-26,2025-08-27,1.214,1.205,2025-08-28,structure_stop_C,1,-3.111111111111142,False,ohlcv,-1.5555555555555747,-2.555555555555575,-4.888888888888949,-1.5555555555555747,-1.5555555555555747,-1.5555555555555747,-1.0
A_cn,A,frozen,515050.SS,2025-02-17,2025-02-18,0.41,0.397,2025-03-03,structure_stop_C,9,-2.307692307692313,False,ohlcv,1.1538461538461589,-2.1538461538461586,-1.5384615384615408,1.4615384615384677,1.4615384615384677,1.4615384615384677,-3.3076923076923177
A_cn,A,frozen,515050.SS,2025-08-08,2025-08-11,0.459,0.454,2025-10-20,exit_a6_1_costbasis,44,36.99999999999997,True,ohlcv,8.99999999999999,19.99999999999999,37.19999999999997,10.199999999999989,19.99999999999999,37.19999999999997,11.0
A_cn,A,frozen,515050.SS,2026-02-25,2026-02-26,0.803,0.782,2026-03-05,exit_a6_1_costbasis,5,-0.7619047619047624,False,ohlcv,-0.9523809523809523,0.6666666666666614,0.42857142857142855,0.8571428571428519,0.8571428571428519,0.8571428571428519,1.6190476190476137
A_cn,A,frozen,515050.SS,2026-04-01,2026-04-02,0.795,0.764,2026-04-03,exit_a6_1_costbasis,1,-0.580645161290322,False,ohlcv,2.0967741935483835,4.1290322580645125,7.354838709677408,2.0967741935483835,4.1290322580645125,7.645161290322574,2.032258064516129
A_cn,A,frozen,515050.SS,2026-04-07,2026-04-08,0.817,0.78,2026-07-03,exit_a6_1_costbasis,58,10.216216216216242,True,ohlcv,2.5945945945946023,4.378378378378389,4.594594594594605,2.5945945945946023,4.378378378378389,5.810810810810826,1.7837837837837862
A_cn,A,frozen,518850.SS,2024-01-19,2024-01-22,4.67,4.635,2024-01-23,exit_a6_1_costbasis,1,-1.0000000000000013,False,ohlcv,-0.7428571428571341,0.7142857142857215,-0.31428571428571644,-0.5999999999999949,0.7142857142857215,0.7142857142857215,1.4571428571428557
A_cn,A,frozen,518850.SS,2024-02-27,2024-02-28,4.66,4.649,2024-05-10,exit_a6_1_costbasis,47,60.999999999999375,True,ohlcv,14.090909090908958,21.818181818181596,21.54545454545432,14.090909090908958,23.727272727272478,23.727272727272478,7.72727272727264
A_cn,A,frozen,518850.SS,2024-02-29,2024-03-01,4.684,4.656,2024-05-10,exit_a6_1_costbasis,45,23.107142857142474,True,ohlcv,7.642857142856998,7.678571428571295,11.178571428571232,7.642857142856998,8.464285714285577,11.178571428571232,0.035714285714297044
A_cn,A,frozen,518850.SS,2024-04-24,2024-04-25,5.312,5.247,2024-05-10,exit_a6_1_costbasis,8,0.2923076923076938,False,ohlcv,-0.6769230769230803,0.6615384615384599,3.9384615384615045,0.523076923076917,1.153846153846136,3.9384615384615045,1.3384615384615401
A_cn,A,frozen,518850.SS,2024-07-31,2024-08-01,5.55,5.375,2024-08-06,exit_a6_1_costbasis,3,-1.0114285714285698,False,ohlcv,-1.0342857142857156,-0.43428571428571255,0.0057142857142876285,-0.1657142857142854,-0.1657142857142854,0.0057142857142876285,0.6000000000000031
A_cn,A,frozen,518850.SS,2024-08-01,2024-08-02,5.495,5.425,2024-08-06,structure_stop_C,2,-1.7428571428571358,False,ohlcv,-1.8999999999999924,-0.485714285714281,0.6999999999999899,0.37142857142856706,0.37142857142856706,0.7999999999999975,1.4142857142857115
A_cn,A,frozen,518850.SS,2024-08-13,2024-08-14,5.497,5.418,2024-11-14,exit_a6_1_costbasis,59,2.936708860759511,True,ohlcv,0.3797468354430424,0.7974683544303789,0.253164556962032,0.4050632911392422,0.7974683544303789,0.7974683544303789,0.4177215189873365
A_cn,A,frozen,518850.SS,2024-09-06,2024-09-09,5.517,5.485,2024-11-14,exit_a6_1_costbasis,41,6.624999999999979,True,ohlcv,3.46874999999999,6.2499999999999725,6.7499999999999725,3.46874999999999,6.718749999999989,7.906249999999969,2.7812499999999827
A_cn,A,frozen,518850.SS,2024-09-13,2024-09-18,5.642,5.539,2024-11-14,exit_a6_1_costbasis,36,0.8446601941747439,False,ohlcv,0.7281553398058138,0.8834951456310557,1.708737864077652,0.8737864077669835,1.2427184466019263,1.708737864077652,0.15533980582524187
A_cn,A,frozen,518850.SS,2024-12-25,2024-12-26,5.975,5.938,2025-01-02,exit_a6_1_costbasis,4,0.24324324324326266,False,ohlcv,0.6486486486486506,3.054054054054072,4.567567567567591,0.6486486486486506,3.054054054054072,4.567567567567591,2.4054054054054217
A_cn,A,frozen,518850.SS,2024-12-27,2024-12-30,5.963,5.959,2024-12-31,structure_stop_C,1,-8.499999999999012,False,ohlcv,12.499999999998558,44.99999999999489,47.49999999999456,20.99999999999756,44.99999999999489,49.49999999999434,32.499999999996334
A_cn,A,frozen,518850.SS,2025-03-06,2025-03-07,6.549,6.539,2025-03-12,structure_stop_C,3,-1.499999999999969,False,ohlcv,5.399999999999574,29.099999999997983,29.59999999999794,5.399999999999574,29.099999999997983,29.59999999999794,23.69999999999841
A_cn,A,frozen,518850.SS,2025-08-05,2025-08-06,7.516,7.466,2025-08-13,structure_stop_C,5,-1.740000000000012,False,ohlcv,-1.4800000000000022,-1.6200000000000139,-0.48000000000000215,0.6799999999999986,0.6799999999999986,0.6799999999999986,-0.14000000000001173
A_cn,A,frozen,518850.SS,2025-08-07,2025-08-08,7.529,7.502,2025-08-12,structure_stop_C,2,-3.0740740740740513,False,ohlcv,-2.3333333333333113,-3.444444444444426,-0.6666666666666557,0.7777777777777705,0.7777777777777705,0.7777777777777705,-1.1111111111111147
A_cn,A,frozen,518850.SS,2025-08-29,2025-09-01,7.59,7.502,2025-11-19,exit_a6_1_costbasis,51,15.2272727272727,True,ohlcv,2.613636363636366,4.6590909090909065,4.0454545454545405,2.613636363636366,4.761363636363638,5.556818181818185,2.0454545454545405
A_cn,A,frozen,588000.SS,2026-06-16,2026-06-17,1.828,1.75,2026-07-20,exit_a6_1_costbasis,22,0.1666666666666673,False,ohlcv,3.435897435897433,5.923076923076917,4.064102564102559,3.435897435897433,6.615384615384607,6.615384615384607,2.487179487179484
Bp_cn,B,frozen,000725.SZ,2023-09-04,2023-09-05,3.934,3.594,2023-09-08,exit_a6_1_costbasis,3,-0.35294117647058876,False,close,-0.4117647058823529,-0.6764705882352935,-0.6764705882352935,0.0294117647058817,0.0294117647058817,0.0294117647058817,-0.2647058823529405
Bp_cn,B,frozen,000725.SZ,2025-12-31,2026-01-05,4.164,3.944,2026-02-04,exit_a6_1_costbasis,22,0.3181818181818179,False,close,0.8636363636363664,1.090909090909093,1.0454545454545485,1.2727272727272754,1.7272727272727288,1.7272727272727288,0.2272727272727267
Bp_cn,B,frozen,000858.SZ,2025-11-10,2025-11-11,115.094,110.244,2025-11-20,exit_a6_1_costbasis,7,-0.10001938144329706,False,close,-0.02061855670102978,-0.35670103092783334,-0.5360824742268036,0.19587628865979462,0.19587628865979462,0.19587628865979462,-0.3360824742268036
Bp_cn,B,frozen,002049.SZ,2025-07-17,2025-07-18,67.604,65.694,2025-09-04,exit_a6_1_costbasis,34,4.200207329842939,False,close,0.036649214659689795,0.8534031413612557,4.602094240837708,0.036649214659689795,2.7696335078534116,4.7068062827225186,0.8167539267015659
Bp_cn,B,frozen,002050.SZ,2023-12-11,2023-12-12,28.273,26.493,2023-12-27,exit_a6_1_costbasis,11,-0.628243258426965,False,close,-0.06741573033707916,-0.10674157303370851,-0.5112359550561796,0.13483146067415833,0.13483146067415833,0.13483146067415833,-0.03932584269662935
Bp_cn,B,frozen,002179.SZ,2023-08-25,2023-08-28,44.251,39.581,2023-09-20,exit_a6_1_costbasis,17,-0.7268203426124197,False,close,-0.46895074946466814,-0.25695931477516,-0.4432548179871526,-0.25695931477516,-0.25695931477516,-0.25695931477516,0.21199143468950818
Bp_cn,B,frozen,002179.SZ,2025-09-17,2025-09-18,39.101,38.071,2025-09-29,exit_a6_1_costbasis,7,0.9329116504854364,False,close,1.6990291262135904,1.3009708737864096,-0.40776699029126334,1.8349514563106781,1.8349514563106781,1.8349514563106781,-0.39805825242718074
Bp_cn,B,frozen,002179.SZ,2026-05-11,2026-05-12,41.221,33.651,2026-06-03,exit_a6_1_costbasis,16,-0.6938204755614272,False,close,-0.32100396301188927,-0.10171730515191502,-0.7108322324966972,0.01717305151915491,0.01717305151915491,0.01717305151915491,0.21928665785997425
Bp_cn,B,frozen,002415.SZ,2023-12-11,2023-12-12,30.714,29.354,2023-12-13,exit_a6_1_costbasis,1,-0.04464264705882287,False,close,-0.6397058823529396,-0.7867647058823535,-0.17647058823529305,0.007352941176471741,0.007352941176471741,0.5220588235294126,-0.1470588235294139
Bp_cn,B,frozen,002415.SZ,2023-12-28,2023-12-29,30.514,29.104,2024-01-04,exit_a6_1_costbasis,3,-0.5961092198581557,False,close,-0.9787234042553183,-2.397163120567375,-1.5106382978723396,0.6453900709219859,0.6453900709219859,0.6453900709219859,-1.4184397163120566
Bp_cn,B,frozen,002415.SZ,2026-03-18,2026-03-19,30.6,30.22,2026-03-20,structure_stop_C,1,-1.7384210526315704,False,close,-2.9473684210526145,-3.1052631578947154,-2.9999999999999813,-1.5789473684210458,-1.5789473684210458,-1.5789473684210458,-0.15789473684210084
Bp_cn,B,frozen,002415.SZ,2026-04-10,2026-04-13,30.21,28.26,2026-05-18,exit_a6_1_costbasis,22,0.8255333333333341,False,close,0.8307692307692297,1.0717948717948702,2.3230769230769246,1.041025641025642,1.538461538461539,2.451282051282053,0.24102564102564053
Bp_cn,B,frozen,002475.SZ,2023-12-28,2023-12-29,32.403,31.063,2024-01-09,structure_stop_C,6,-1.25552462686567,False,close,-0.522388059701492,-1.9402985074626853,-2.8805970149253732,0.9328358208955225,0.9328358208955225,0.9328358208955225,-1.417910447761193
Bp_cn,B,frozen,002475.SZ,2025-03-28,2025-03-31,40.502,39.832,2025-04-01,exit_a6_1_costbasis,1,-0.2246298507462647,False,close,-13.61194029850743,-13.134328358208922,-15.119402985074592,-0.16417910447761067,-0.16417910447761067,-0.16417910447761067,0.4776119402985067
Bp_cn,B,frozen,300003.SZ,2023-05-17,2023-05-18,22.933,22.043,2023-06-02,exit_a6_1_costbasis,11,-0.6999247191011242,False,close,-0.044943820224718115,0.5730337078651699,-1.4719101123595482,0.3595505617977529,0.8202247191011236,0.8202247191011236,0.617977528089888
Bp_cn,B,frozen,300003.SZ,2025-05-30,2025-06-03,10.945,10.665,2025-09-23,exit_a6_1_costbasis,80,24.43233928571419,True,close,5.499999999999974,6.3214285714285445,6.367857142857115,9.678571428571386,9.678571428571386,9.678571428571386,0.8214285714285696
Bp_cn,B,frozen,300014.SZ,2025-06-25,2025-06-26,45.402,41.042,2025-07-07,exit_a6_1_costbasis,7,-0.4416059633027528,False,close,-0.1995412844036708,-0.19495412844036733,-0.40596330275229436,-0.0160550458715597,0.11697247706421975,0.11697247706421975,0.00458715596330347
Bp_cn,B,frozen,300014.SZ,2026-06-17,2026-06-18,66.63,53.92,2026-06-29,exit_a6_1_costbasis,6,-0.36952242328874896,False,close,0.014162077104642557,-0.421715184893784,-0.7663257277734068,0.2832415420928411,0.2832415420928411,0.2832415420928411,-0.4358772619984266
Bp_cn,B,frozen,300073.SZ,2025-08-15,2025-08-18,42.517,41.167,2025-11-06,exit_a6_1_costbasis,52,16.761098518518498,True,close,0.5925925925925899,3.985185185185178,8.170370370370357,0.6518518518518478,3.985185185185178,8.170370370370357,3.392592592592588
Bp_cn,B,frozen,300136.SZ,2024-10-08,2024-10-09,25.901,20.281,2024-12-06,exit_a6_1_costbasis,42,-0.12026708185053349,True,close,-0.4537366548042705,-0.286476868327402,-0.20640569395017794,-0.44483985765124545,-0.23487544483985767,-0.20640569395017794,0.16725978647686854
Bp_cn,B,frozen,300274.SZ,2023-07-31,2023-08-01,76.136,73.163,2023-08-02,structure_stop_C,1,-1.3387608476286559,False,close,-0.4820047090480973,0.12041708711739126,-2.718129835183314,-0.0625630676084739,0.9781365623948881,0.9781365623948881,0.6024217961654885
Bp_cn,B,frozen,300274.SZ,2023-08-04,2023-08-07,75.42,71.386,2023-08-08,exit_a6_1_costbasis,1,0.9047050074367825,False,close,0.2858205255329672,-0.5096678235002465,-2.099157164105104,0.8983639067922632,0.8983639067922632,0.8983639067922632,-0.7954883490332137
Bp_cn,B,frozen,600030.SS,2023-07-26,2023-07-27,19.585,18.805,2023-08-31,exit_a6_1_costbasis,25,1.6159166666666633,False,close,2.6666666666666607,4.02564102564102,2.8717948717948656,2.9871794871794806,4.02564102564102,4.397435897435891,1.35897435897436
Bp_cn,B,frozen,600030.SS,2024-09-19,2024-09-20,18.08,17.55,2024-12-16,exit_a6_1_costbasis,56,20.720603773584997,True,close,6.000000000000034,15.943396226415173,12.943396226415159,6.000000000000034,20.849056603773683,20.849056603773683,9.943396226415139
Bp_cn,B,frozen,600030.SS,2025-12-26,2025-12-29,28.33,28.0,2026-01-09,structure_stop_C,7,-1.5706969696969728,False,close,3.515151515151534,-1.4545454545454526,-2.9696969696969755,3.515151515151534,3.515151515151534,3.515151515151534,-4.969696969696987
Bp_cn,B,frozen,600196.SS,2025-06-30,2025-07-01,24.447,23.907,2025-09-30,exit_a6_1_costbasis,65,8.412135185185198,True,close,0.0,0.9814814814814852,1.8148148148148184,0.5370370370370363,0.9814814814814852,2.3333333333333397,0.9814814814814852
Bp_cn,B,frozen,600460.SS,2026-05-13,2026-05-14,31.8,29.63,2026-07-17,exit_a6_1_costbasis,45,1.9300460829493085,True,close,0.32718894009216437,1.7050691244239615,1.29953917050691,0.32718894009216437,1.7050691244239615,3.023041474654375,1.3778801843317972
Bp_cn,B,frozen,600519.SS,2023-12-28,2023-12-29,1585.661,1481.555,2024-01-03,exit_a6_1_costbasis,2,-0.38879277851420796,False,close,-0.5440608610454739,-0.7390544252972937,-0.8164755153401342,0.05763356578871535,0.05763356578871535,0.05763356578871535,-0.19499356425181982
Bp_cn,B,frozen,600519.SS,2025-05-08,2025-05-09,1499.409,1452.439,2025-05-27,exit_a6_1_costbasis,12,-0.6278349797743249,False,close,1.1288056206088983,0.02150308707685736,-0.8301043219076003,1.1922503725782407,1.1922503725782407,1.1922503725782407,-1.107302533532041
Bp_cn,B,frozen,600519.SS,2026-02-03,2026-02-04,1456.976,1293.986,2026-03-09,exit_a6_1_costbasis,17,-0.5917968955150624,False,close,0.1214798453892874,0.04086140254003224,-0.5142646788146522,0.42947420087121907,0.42947420087121907,0.42947420087121907,-0.08061844284925516
Bp_cn,B,frozen,600519.SS,2026-03-13,2026-03-16,1391.976,1362.986,2026-03-24,exit_a6_1_costbasis,6,-0.185994342876854,False,close,0.8623663332183509,-0.13728872024836208,1.3797861331493615,2.2421524663677124,2.2421524663677124,2.2421524663677124,-0.999655053466713
Bp_cn,B,frozen,600519.SS,2026-03-31,2026-04-01,1436.466,1368.636,2026-04-20,exit_a6_1_costbasis,12,-0.9277084770750375,False,close,0.007813651776503032,0.044375644994843304,-0.8107032286598826,0.007813651776503032,0.044375644994843304,0.044375644994843304,0.03656199321834028
Bp_cn,B,frozen,600519.SS,2026-04-24,2026-04-27,1391.976,1371.976,2026-04-28,exit_a6_1_costbasis,1,-0.9695988000000038,False,close,-2.25,-3.795500000000004,-5.25,-0.75,-0.75,-0.75,-1.545500000000004
Bp_cn,B,frozen,600600.SS,2025-05-20,2025-05-21,68.49,67.38,2025-05-22,exit_a6_1_costbasis,1,-0.08872972972973342,False,close,0.6396396396396471,3.5405405405405483,0.09009009009009782,0.6396396396396471,3.5405405405405483,3.5405405405405483,2.9009009009009015
Bp_cn,B,frozen,600600.SS,2025-05-27,2025-05-28,69.2,66.75,2025-06-03,exit_a6_1_costbasis,3,0.19624489795918001,False,close,1.3142857142857123,-0.24897959183673418,-1.0979591836734672,1.3142857142857123,1.3142857142857123,1.3142857142857123,-1.5632653061224464
Bp_cn,B,frozen,600600.SS,2026-05-29,2026-06-01,58.95,56.85,2026-06-03,exit_a6_1_costbasis,2,-0.26616666666666555,False,close,-0.7619047619047621,-0.35238095238095307,-3.5142857142857133,0.08095238095237832,0.08095238095237832,0.08095238095237832,0.40952380952380896
Bp_cn,B,frozen,600600.SS,2026-06-08,2026-06-09,57.45,56.95,2026-06-10,exit_a6_1_costbasis,1,-0.4749000000000044,False,close,-0.6000000000000085,-13.180000000000007,-15.14,2.4599999999999937,2.4599999999999937,2.4599999999999937,-12.579999999999998
Bp_cn,B,frozen,600660.SS,2025-08-20,2025-08-21,60.51,52.08,2025-10-15,exit_a6_1_costbasis,33,0.7188007117437711,False,close,0.1909845788849347,0.7259786476868325,0.8422301304863584,0.2479240806642946,0.7259786476868325,0.9062870699881386,0.5349940688018978
Bp_cn,B,frozen,600703.SS,2025-08-11,2025-08-12,13.0,11.751,2025-10-15,exit_a6_1_costbasis,40,1.3186549239391514,False,close,0.12009607686148942,1.4091273018414723,1.6893514811849468,0.12009607686148942,1.4091273018414723,2.161729383506804,1.289031224979983
Bp_cn,B,frozen,600760.SS,2023-12-25,2023-12-26,42.145,38.065,2024-01-05,exit_a6_1_costbasis,7,-0.5691531862745098,False,close,-0.24754901960784406,-1.156862745098039,-1.5343137254901953,-0.07107843137255046,-0.07107843137255046,-0.07107843137255046,-0.9093137254901951
Bp_cn,B,frozen,600809.SS,2025-03-11,2025-03-12,206.84,182.24,2025-04-16,exit_a6_1_costbasis,24,-0.11409918699186948,False,close,0.31747967479674816,-0.18373983739837443,-0.185772357723577,0.48495934959349635,0.48495934959349635,0.48495934959349635,-0.5012195121951226
Bp_cn,B,frozen,600850.SS,2026-02-27,2026-03-02,23.367,22.667,2026-03-03,exit_a6_1_costbasis,1,-0.403381428571428,False,close,-1.524285714285716,-2.9057142857142924,-5.107142857142861,-0.40571428571428964,-0.40571428571428964,-0.40571428571428964,-1.3814285714285761
Bp_cn,B,frozen,600893.SS,2026-01-06,2026-01-07,40.928,39.388,2026-03-23,exit_a6_1_costbasis,47,4.811085714285718,True,close,0.7922077922077965,2.876623376623378,6.227272727272733,2.558441558441563,2.876623376623378,6.227272727272733,2.0844155844155816
Bp_cn,B,frozen,601225.SS,2025-07-18,2025-07-21,18.282,17.972,2025-09-03,exit_a6_1_costbasis,32,2.9732838709677636,False,close,4.935483870967766,2.5161290322580787,8.903225806451655,6.677419354838738,6.677419354838738,8.903225806451655,-2.4193548387096873
Bp_cn,B,frozen,601238.SS,2025-11-06,2025-11-07,7.85,7.66,2025-11-13,exit_a6_1_costbasis,4,-0.578947368421054,False,close,-0.26315789473684187,-0.3684210526315767,2.947368421052642,0.7894736842105302,0.7894736842105302,3.526315789473693,-0.10526315789473488
Bp_cn,B,frozen,601238.SS,2025-11-17,2025-11-18,7.85,7.73,2025-11-21,exit_a6_1_costbasis,3,-1.5000000000000093,False,close,4.250000000000026,9.500000000000068,6.83333333333338,4.250000000000026,11.666666666666746,11.666666666666746,5.250000000000041
Bp_cn,B,frozen,601238.SS,2025-11-24,2025-11-25,9.0,7.59,2025-12-23,exit_a6_1_costbasis,20,-0.489361702127659,False,close,-0.007092198581560132,-0.2340425531914894,-0.5248226950354611,0.17730496453900707,0.17730496453900707,0.17730496453900707,-0.22695035460992927
Bp_cn,B,frozen,601318.SS,2023-07-03,2023-07-04,40.558,38.068,2023-07-10,exit_a6_1_costbasis,4,-0.24118795180723052,False,close,-0.6345381526104406,-0.05622489959839376,-0.6305220883534133,-0.09638554216867543,0.18072289156626606,0.18072289156626606,0.5783132530120468
Bp_cn,B,frozen,601318.SS,2023-07-13,2023-07-14,41.388,38.878,2023-08-23,exit_a6_1_costbasis,28,-0.9328239043824698,False,close,-0.6374501992031884,0.3426294820717132,1.3505976095617542,-0.15139442231075528,0.3426294820717132,1.4262948207171346,0.9800796812749015
Bp_cn,B,frozen,601899.SS,2025-02-05,2025-02-06,15.28,14.51,2025-02-20,exit_a6_1_costbasis,10,-0.27958441558441544,False,close,1.0649350649350682,0.24675324675324856,-0.38961038961038846,1.4545454545454544,1.4545454545454544,1.4545454545454544,-0.8181818181818197
Bp_cn,B,frozen,603993.SS,2025-05-21,2025-05-22,6.861,6.621,2025-11-13,exit_a6_1_costbasis,118,37.80416666666679,True,close,-0.7500000000000009,-0.41666666666666635,1.8333333333333401,0.0416666666666696,0.0416666666666696,1.8333333333333401,0.3333333333333346
C_cn,C,frozen,000661.SZ,2026-07-03,2026-07-06,68.8,61.09,2026-07-08,exit_a6_1_costbasis,2,-0.35911802853437186,False,close,0.09079118028534415,0.4773022049286653,0.8573281452658891,0.09079118028534415,0.9260700389105067,1.2399481193255526,0.3865110246433212
C_cn,C,frozen,002304.SZ,2024-02-20,2024-02-21,86.223,77.523,2024-03-25,exit_a6_1_costbasis,23,0.3854916091954025,False,close,0.38850574712643615,0.41839080459770106,1.0632183908045973,0.60919540229885,0.60919540229885,1.0632183908045973,0.029885057471264947
C_cn,C,frozen,002304.SZ,2026-07-17,2026-07-20,39.8,37.03,2026-08-18,exit_a6_1_costbasis,21,-0.014368231046931428,False,close,-0.16606498194945646,1.1191335740072224,0.3754512635379089,0.4115523465703979,1.1191335740072224,1.1191335740072224,1.2851985559566788
C_cn,C,frozen,002326.SZ,2023-07-21,2023-07-24,15.01,14.52,2023-07-28,exit_a6_1_costbasis,4,-0.21430612244897995,False,close,0.36734693877550945,0.36734693877550945,-0.9795918367346943,0.7142857142857133,0.7959183673469395,0.7959183673469395,0.0
C_cn,C,frozen,002410.SZ,2023-11-15,2023-11-16,20.183,17.323,2023-12-06,exit_a6_1_costbasis,14,-0.5070569930069934,False,close,0.03146853146853142,-0.2937062937062937,-0.622377622377623,0.15384615384615433,0.15384615384615433,0.15384615384615433,-0.32517482517482516
C_cn,C,frozen,002410.SZ,2024-07-18,2024-07-19,10.023,7.973,2024-08-15,exit_a6_1_costbasis,19,-0.11708439024390259,False,close,-0.05365853658536558,0.09756097560975663,0.004878048780487702,0.17073170731707302,0.23414634146341487,0.23414634146341487,0.1512195121951222
C_cn,C,frozen,002460.SZ,2023-10-27,2023-10-30,44.0,41.11,2023-11-01,exit_a6_1_costbasis,2,-0.45467128027681747,False,close,-0.7058823529411761,-0.10034602076124537,-0.36332179930795744,0.21799307958477593,0.21799307958477593,0.21799307958477593,0.6055363321799306
C_cn,C,frozen,002460.SZ,2024-08-06,2024-08-07,27.37,25.52,2024-08-09,exit_a6_1_costbasis,2,-0.14992972972973007,False,close,-0.2756756756756763,-0.3783783783783777,-0.8810810810810817,-0.19459459459459413,-0.19459459459459413,-0.1459459459459456,-0.10270270270270139
C_cn,C,frozen,002555.SZ,2024-01-25,2024-01-26,16.557,14.807,2024-01-30,exit_a6_1_costbasis,2,-0.8951754285714284,False,close,-1.2114285714285722,-0.828571428571429,-0.2057142857142856,-0.28571428571428603,-0.28571428571428603,-0.2057142857142856,0.38285714285714323
C_cn,C,frozen,002555.SZ,2024-07-22,2024-07-23,11.063,10.163,2024-07-24,exit_a6_1_costbasis,1,-0.812292222222223,False,close,-0.3777777777777775,0.08888888888888893,0.08888888888888893,-0.3777777777777775,0.1444444444444433,0.999999999999998,0.4666666666666664
C_cn,C,frozen,002555.SZ,2024-07-31,2024-08-01,11.183,10.023,2024-08-23,exit_a6_1_costbasis,16,-0.7768818965517247,False,close,0.5603448275862072,0.01724137931034446,-0.3965517241379302,0.6724137931034476,0.6724137931034476,0.6724137931034476,-0.5431034482758627
C_cn,C,frozen,002812.SZ,2023-06-27,2023-06-28,93.804,88.354,2023-07-06,exit_a6_1_costbasis,6,-0.4245511926605492,False,close,0.07889908256880594,-0.396330275229357,-0.61467889908257,0.5761467889908255,0.5761467889908255,0.5761467889908255,-0.4752293577981629
C_cn,C,frozen,002812.SZ,2023-10-17,2023-10-18,60.046,56.676,2023-10-19,exit_a6_1_costbasis,1,-0.78339643916914,False,close,0.5133531157270045,1.6083086053412459,2.0237388724035625,0.7982195845697329,1.7685459940652835,2.275964391691395,1.0949554896142413
C_cn,C,frozen,002812.SZ,2023-10-27,2023-10-30,63.466,54.096,2023-11-23,exit_a6_1_costbasis,18,-0.39524717182497293,False,close,-0.15581643543223053,0.3415154749199567,0.09498399146211238,0.2710779082177159,0.5421558164354325,0.5421558164354325,0.4973319103521872
C_cn,C,frozen,002812.SZ,2024-03-11,2024-03-12,46.666,40.456,2024-03-25,exit_a6_1_costbasis,9,-0.9801394524959752,False,close,-0.22061191626409,-1.1980676328502424,-0.8293075684380038,-0.035426731078904844,-0.035426731078904844,-0.035426731078904844,-0.9774557165861524
C_cn,C,frozen,002812.SZ,2024-04-29,2024-04-30,40.886,34.466,2024-05-14,exit_a6_1_costbasis,7,-0.08892305295950202,False,close,0.2803738317757004,-0.26479750778816236,-0.4003115264797507,0.2803738317757004,0.2803738317757004,0.2803738317757004,-0.5451713395638628
C_cn,C,frozen,300003.SZ,2024-09-25,2024-09-26,9.225,8.476,2024-11-19,exit_a6_1_costbasis,33,3.2576769025367223,False,close,4.47263017356476,2.7503337783711665,3.618157543391195,7.583444592790399,7.583444592790399,7.583444592790399,-1.7222963951935932
C_cn,C,frozen,300014.SZ,2023-10-27,2023-10-30,44.525,40.925,2023-11-03,exit_a6_1_costbasis,4,-0.3401458333333329,False,close,-0.18055555555555508,0.36111111111111216,-0.1361111111111116,0.2361111111111114,0.5611111111111118,0.5611111111111118,0.5416666666666673
C_cn,C,frozen,300122.SZ,2024-07-31,2024-08-01,27.18,24.46,2024-08-09,exit_a6_1_costbasis,6,-0.42543382352941117,False,close,-0.3860294117647063,-0.9448529411764711,-1.6654411764705894,-0.19117647058823523,-0.19117647058823523,-0.19117647058823523,-0.5588235294117648
C_cn,C,frozen,300223.SZ,2024-09-24,2024-09-25,45.95,42.55,2024-11-25,exit_a6_1_costbasis,38,6.42766176470587,False,close,9.32352941176469,5.858823529411755,7.81176470588234,9.32352941176469,9.544117647058808,9.544117647058808,-3.4647058823529355
C_cn,C,frozen,300347.SZ,2023-07-25,2023-07-26,64.776,60.596,2023-08-08,exit_a6_1_costbasis,9,-0.48200382775119494,False,close,0.29904306220095694,-0.34928229665071625,0.16028708133971334,0.7272727272727288,0.7488038277511986,0.9665071770334944,-0.6483253588516732
C_cn,C,frozen,300347.SZ,2023-08-24,2023-08-25,66.146,58.726,2023-08-28,exit_a6_1_costbasis,1,0.44526334231805914,False,close,-0.07412398921832844,-0.7587601078167118,-0.7210242587601079,0.16442048517520197,0.16442048517520197,0.16442048517520197,-0.6846361185983834
C_cn,C,frozen,300347.SZ,2024-03-04,2024-03-05,45.076,35.136,2024-04-19,exit_a6_1_costbasis,31,0.4924470824949694,False,close,-0.3038229376257549,0.6961770623742458,0.3863179074446677,-0.14486921529175031,0.6961770623742458,0.6961770623742458,1.0000000000000007
C_cn,C,frozen,300347.SZ,2024-03-12,2024-03-13,43.366,39.846,2024-04-19,exit_a6_1_costbasis,25,1.8768846590909058,False,close,2.258522727272726,1.6335227272727257,2.184659090909088,2.451704545454544,2.451704545454544,2.499999999999997,-0.6250000000000002
C_cn,C,frozen,300750.SZ,2024-01-16,2024-01-17,136.773,126.183,2024-01-24,exit_a6_1_costbasis,5,-0.23576704438149076,False,close,-0.278564683663833,-1.5212464589235142,0.13881019830028332,-0.11331444759206703,-0.11331444759206703,0.13881019830028332,-1.2426817752596813
C_cn,C,frozen,300750.SZ,2024-02-05,2024-02-06,131.103,120.313,2024-05-31,exit_a6_1_costbasis,72,4.91602381835032,True,close,0.6617238183503227,0.6153846153846138,1.2474513438368833,1.0797034291010168,1.0797034291010168,1.2474513438368833,-0.04633920296570896
C_cn,C,frozen,600438.SS,2024-07-31,2024-08-01,18.18,15.79,2024-08-29,exit_a6_1_costbasis,20,-0.08292050209205026,False,close,0.37238493723849386,0.28870292887029336,0.23849372384937245,0.37238493723849386,0.37238493723849386,0.677824267782427,-0.08368200836820051
C_cn,C,frozen,600745.SS,2026-07-09,2026-07-10,19.4,15.2,2026-07-27,exit_a6_1_costbasis,11,-0.6212857142857142,False,close,-0.14047619047619048,-0.6190476190476186,-0.8071428571428566,0.4047619047619055,0.4047619047619055,0.4047619047619055,-0.4785714285714282
C_cn,C,frozen,600850.SS,2026-05-18,2026-05-19,17.45,15.308,2026-06-09,exit_a6_1_costbasis,15,-0.5566993464052296,False,close,0.1984126984126988,1.7469654528478067,-0.6265172735760967,0.5485527544351079,1.7469654528478067,1.7469654528478067,1.5485527544351079
C_cn,C,frozen,601127.SS,2023-06-13,2023-06-14,26.969,22.339,2023-07-25,exit_a6_1_costbasis,27,2.823548812095031,False,close,2.3866090712742962,2.0777537796976224,3.723542116630668,2.3866090712742962,2.4924406047516183,3.723542116630668,-0.30885529157667363
C_cn,C,frozen,601238.SS,2026-07-28,2026-07-29,5.2,4.82,2026-08-14,exit_a6_1_costbasis,12,-0.15789473684210484,False,close,0.5263157894736848,0.07894736842105331,-0.2631578947368436,0.9736842105263164,0.9736842105263164,0.9736842105263164,-0.4473684210526315
C_cn,C,frozen,603259.SS,2024-03-06,2024-03-07,48.611,40.951,2024-03-08,exit_a6_1_costbasis,1,-0.23872206266318502,False,close,0.507832898172324,-0.3302872062663179,-0.8198433420365531,0.5665796344647527,0.5665796344647527,0.5665796344647527,-0.8381201044386419
C_cn,C,frozen,603259.SS,2024-03-12,2024-03-13,52.751,46.561,2024-03-15,exit_a6_1_costbasis,2,-0.7613491114701126,False,close,-1.0,-1.5411954765751217,-1.6058158319870761,-0.04038772213247174,-0.04038772213247174,-0.04038772213247174,-0.5411954765751216
C_cn,C,frozen,603799.SS,2024-03-05,2024-03-06,24.79,19.82,2024-03-26,exit_a6_1_costbasis,14,-0.03315694164989969,False,close,0.40241448692152926,0.488933601609658,0.1368209255533199,0.40241448692152926,0.537223340040242,0.537223340040242,0.08651911468812873
A_us,A,frozen,IGV,2024-09-11,2024-09-12,86.86000061035156,84.19999694824219,2024-12-19,exit_a6_1_costbasis,69,6.053804613195964,True,ohlcv,0.003760196413615869,0.7518786641120659,0.5112777210513635,0.4360881337264665,0.924810412675103,0.9436085265536982,0.74811846769845
A_us,A,frozen,IGV,2024-09-13,2024-09-16,87.5199966430664,86.68000030517578,2024-12-19,exit_a6_1_costbasis,67,18.383992543142593,True,ohlcv,2.0000090826521344,2.0476294277929155,2.8333514986376023,2.0000090826521344,2.1428701180744776,2.8333514986376023,0.04762034514078111
A_us,A,frozen,IGV,2024-10-28,2024-10-29,92.44999694824219,91.88999938964844,2024-11-01,structure_stop_C,3,-1.790089999999991,False,ohlcv,-0.3571389645776567,19.892942779291552,15.482220708446867,2.571444141689373,19.892942779291552,21.37509536784741,20.25008174386921
A_us,A,frozen,IGV,2024-10-30,2024-10-31,92.56999969482422,92.37000274658203,2024-11-01,structure_stop_C,1,-5.612929541466399,False,ohlcv,25.700389105058367,59.25089646753643,53.700808728160524,25.700389105058367,59.25089646753643,59.25089646753643,33.550507362478065
A_us,A,frozen,IGV,2025-07-15,2025-07-16,109.44999694824219,107.61000061035156,2025-08-04,exit_a6_1_costbasis,13,0.07095421524886643,False,ohlcv,0.7880475345396646,1.934789279020782,0.5978305939329607,1.0108719088451397,1.934789279020782,1.934789279020782,1.1467417444811172
A_us,A,frozen,IGV,2025-07-21,2025-07-22,111.19000244140625,110.52999877929688,2025-08-04,structure_stop_C,9,-2.4411834281222586,False,ohlcv,2.5605839922319324,-0.3181786655569427,-4.272703102603227,2.5605839922319324,2.75755999445138,2.75755999445138,-2.878762657788875
A_us,A,frozen,IGV,2025-10-13,2025-10-14,113.08000183105469,112.02999877929688,2025-10-17,exit_a6_1_costbasis,3,-1.279123290657284,False,ohlcv,0.7714240041852557,3.809512737418802,2.495226192725212,0.7714240041852557,3.809512737418802,3.809512737418802,3.038088733233546
A_us,A,frozen,IGV,2025-10-24,2025-10-27,117.75,113.30999755859375,2025-10-31,exit_a6_1_costbasis,4,-0.7224649941576728,False,ohlcv,-0.5045037459619218,-1.8626108323596124,-2.3220702453776894,-0.150900405526153,-0.150900405526153,-0.150900405526153,-1.3581070863976905
A_us,A,frozen,XLK,2024-11-07,2024-11-08,118.55999755859375,115.29000091552734,2024-11-18,structure_stop_C,6,-1.3221891858471089,False,ohlcv,-0.39602431142893807,-0.5565754015935418,-0.5183490626567585,0.006117520794204454,0.006117520794204454,0.006117520794204454,-0.16055109016460378
A_us,A,frozen,XLK,2024-11-29,2024-12-02,116.94999694824219,114.76499938964844,2025-01-02,exit_a6_1_costbasis,21,0.05174072599793618,False,ohlcv,1.58810301963742,1.1784931143328026,0.4713993407637085,1.6544666052124362,1.6544666052124362,1.7254043409033772,-0.40960990530461744
A_us,A,frozen,XLK,2024-12-02,2024-12-03,117.4749984741211,115.94499969482422,2025-01-02,exit_a6_1_costbasis,20,-0.26959052059439886,False,ohlcv,1.411768225790366,2.1209185199960108,1.019612047471826,2.019612047471826,2.1209185199960108,2.1209185199960108,0.7091502942056448
A_us,A,frozen,XLK,2024-12-13,2024-12-16,119.68000030517578,118.57499694824219,2024-12-19,structure_stop_C,3,-2.2621444885559474,False,ohlcv,-1.5384541029447303,-2.2126626851244517,-2.443428729243622,0.9411744398798633,0.9411744398798633,0.9411744398798633,-0.6742085821797218
A_us,A,frozen,XLK,2024-12-17,2024-12-18,120.3949966430664,119.40499877929688,2024-12-19,structure_stop_C,1,-3.2478742688481166,False,ohlcv,-0.1313106403310702,-4.454551059255092,-6.065666879879163,-0.1313106403310702,-0.05050053560006473,-0.05050053560006473,-4.323240418924022
A_us,A,frozen,XLK,2024-12-24,2024-12-26,119.87999725341797,117.49500274658203,2024-12-31,structure_stop_C,3,-1.0251079985668836,False,ohlcv,-1.6331260436459953,-2.301891198505467,-1.184487821730869,0.19497066595010973,0.19497066595010973,0.19497066595010973,-0.6687651548594716
A_us,A,frozen,XLK,2025-01-21,2025-01-22,119.625,116.54000091552734,2025-01-28,structure_stop_C,4,-1.6822127179695183,False,ohlcv,-0.9092386183496267,-1.3403576542510702,-0.4732575422213539,0.41653291522095576,0.41653291522095576,0.41653291522095576,-0.4311190359014435
A_us,A,frozen,XLK,2025-10-24,2025-10-27,148.85000610351562,142.18499755859375,2025-11-07,exit_a6_1_costbasis,9,-0.8482892183572268,False,ohlcv,0.22355413715264263,-0.7156786432172308,-0.7164295624064213,0.4823694247684284,0.4823694247684284,0.4823694247684284,-0.9392327803698735
A_us,A,frozen,XLK,2025-11-28,2025-12-01,141.72000122070312,140.7899932861328,2025-12-16,exit_a6_1_costbasis,11,0.05191615941196231,False,ohlcv,5.2472723096359255,2.1182628098902363,3.0967530230192457,5.2472723096359255,7.537564193013831,7.537564193013831,-3.129009499745689
A_us,A,frozen,XLK,2025-12-24,2025-12-26,146.61000061035156,144.36000061035156,2026-01-02,structure_stop_C,4,-0.5007136569552937,False,ohlcv,-1.0266655815972223,-0.20444742838541666,-0.44000244140625,-0.03555636935763889,0.017774793836805556,0.07999674479166667,0.8222181532118056
A_us,A,frozen,XLK,2026-01-28,2026-01-29,147.83999633789062,147.02999877929688,2026-01-30,structure_stop_C,1,-2.404751751940328,False,ohlcv,-12.000037676135936,-6.012357772586843,-9.419768668525355,-1.1975359807098185,-1.1975359807098185,-1.1975359807098185,5.987679903549092
B_us,B,variant,IGV,2024-08-08,2024-08-09,81.45999908447266,78.51000213623047,2024-08-12,exit_a6_1_costbasis,1,0.34526763685078876,False,ohlcv,1.3423739596857203,1.4983060140381004,1.637290450057156,1.3423739596857203,1.952545116923825,1.952545116923825,0.1559320543523801
B_us,B,variant,IGV,2025-04-24,2025-04-25,93.1500015258789,76.68000030517578,2025-08-04,exit_a6_1_costbasis,68,0.9985943955685588,True,ohlcv,0.2343655327420051,0.4408015542284538,0.6830600586634155,0.2343655327420051,0.4408015542284538,0.7073467311729533,0.20643602148644868
B_us,B,variant,SOXX,2024-10-04,2024-10-07,229.60000610351562,223.25999450683594,2024-10-24,exit_a6_1_costbasis,13,-0.2775387329452047,False,ohlcv,0.9242886264467544,-0.03785568677662281,-0.003155242250883877,0.9242886264467544,1.6088293834642202,1.6088293834642202,-0.9621443132233772
B_us,B,variant,SOXX,2025-01-03,2025-01-06,227.25999450683594,214.63999938964844,2025-01-14,exit_a6_1_costbasis,5,-0.6447901383689776,False,ohlcv,-0.770998374974609,0.41125233355580704,-1.090332791658203,0.130745625489684,0.41125233355580704,0.677496541984659,1.182250708530416
B_us,B,variant,SOXX,2025-01-15,2025-01-16,227.25,216.1199951171875,2025-01-28,structure_stop_C,7,-1.2450358314048502,False,ohlcv,0.7295589896574795,-0.7645993507134474,-0.6244379064895752,0.7690919859175012,0.7690919859175012,0.7690919859175012,-1.4941583403709269
B_us,B,variant,SOXX,2025-01-30,2025-01-31,219.99000549316406,208.97999572753906,2025-02-04,exit_a6_1_costbasis,2,-0.589463080969909,False,ohlcv,0.02815597489855201,0.25885452469122117,0.36239661174800986,0.054495032929019666,0.25885452469122117,1.0063571301860434,0.23069854979266913
B_us,B,variant,SOXX,2025-02-19,2025-02-20,232.0,223.47000122070312,2025-02-25,structure_stop_C,3,-1.6157098504173364,False,ohlcv,-1.648300066902555,-2.974208528465785,-4.21102031762614,-0.10902612061779322,-0.10902612061779322,-0.10902612061779322,-1.3259084615632302
B_us,B,variant,XLK,2024-10-29,2024-10-30,115.59500122070312,113.23999786376953,2024-11-01,structure_stop_C,2,-1.8983405458815883,False,ohlcv,-0.9129505142949704,1.0530752409492183,0.02972381955130801,-0.33545638616668016,1.322714829513242,1.322714829513242,1.9660257552441889
B_us,B,variant,XLK,2024-11-05,2024-11-06,115.63500213623047,111.08999633789062,2024-11-18,exit_a6_1_costbasis,8,-0.30706974718115737,False,ohlcv,0.5368518590015829,0.0066003830639407915,0.38393682970105236,0.676566122174232,0.676566122174232,0.676566122174232,-0.5302514759376422
B_us,B,variant,XLK,2025-06-30,2025-07-01,126.20999908447266,124.81500244140625,2025-08-21,exit_a6_1_costbasis,36,2.3468096092318707,False,ohlcv,1.3871038311137849,1.9677486395580956,2.2903278733353387,1.627241652766004,1.9677486395580956,3.157718285979928,0.5806448084443108
B_us,B,variant,XLK,2026-04-08,2026-04-09,141.75999450683594,126.68000030517578,2026-06-25,exit_a6_1_costbasis,53,3.0668605555597725,True,ohlcv,0.5663137817375092,1.0828917844846995,1.1505313511065915,0.5663137817375092,1.0828917844846995,1.2473488096773948,0.5165780027471902
A_noshrink,A,variant,159652.SZ,2025-06-09,2025-06-10,0.936,0.925,2025-11-24,exit_a6_1_costbasis,113,44.81818181818178,True,ohlcv,2.2727272727272627,0.8181818181818081,4.545454545454535,2.7272727272727173,2.7272727272727173,4.545454545454535,-1.4545454545454546
A_noshrink,A,variant,159652.SZ,2025-06-11,2025-06-12,0.958,0.931,2025-11-24,exit_a6_1_costbasis,111,17.444444444444507,True,ohlcv,-0.03703703703703719,0.03703703703703719,1.8148148148148182,0.2962962962962975,0.2962962962962975,1.8148148148148182,0.07407407407407438
A_noshrink,A,variant,159652.SZ,2025-06-24,2025-06-25,0.951,0.935,2025-11-24,exit_a6_1_costbasis,102,29.875000000000185,True,ohlcv,2.87500000000002,2.6875000000000187,2.87500000000002,2.87500000000002,3.625000000000018,3.6875000000000258,-0.1875000000000013
A_noshrink,A,variant,159652.SZ,2025-06-26,2025-06-27,0.967,0.949,2025-11-24,exit_a6_1_costbasis,100,25.666666666666654,True,ohlcv,2.3333333333333273,1.2222222222222223,1.7777777777777777,2.3333333333333273,2.3333333333333273,2.388888888888889,-1.111111111111105
A_noshrink,A,variant,159652.SZ,2025-08-06,2025-08-07,1.085,1.066,2025-11-24,exit_a6_1_costbasis,71,18.105263157894825,True,ohlcv,2.736842105263174,3.894736842105286,6.578947368421085,2.736842105263174,3.894736842105286,7.947368421052672,1.157894736842112
A_noshrink,A,variant,159652.SZ,2025-08-08,2025-08-11,1.123,1.068,2025-11-24,exit_a6_1_costbasis,69,5.563636363636373,True,ohlcv,0.5272727272727263,0.8727272727272745,2.600000000000003,0.5272727272727263,0.8727272727272745,2.600000000000003,0.3454545454545482
A_noshrink,A,variant,159915.SZ,2026-02-26,2026-02-27,3.31,3.293,2026-03-03,structure_stop_C,2,-1.0000000000000044,False,ohlcv,-6.117647058823569,-0.11764705882354325,-0.41176470588236214,-0.5294117647058793,1.4705882352941206,2.294117647058845,6.000000000000026
A_noshrink,A,variant,159915.SZ,2026-03-19,2026-03-20,3.337,3.265,2026-03-24,structure_stop_C,2,-1.000000000000003,False,ohlcv,-1.0277777777777808,-2.4027777777777763,1.3888888888888826,0.05555555555555555,0.05555555555555555,1.3888888888888826,-1.3749999999999953
A_noshrink,A,variant,510300.SS,2025-08-12,2025-08-13,4.111,4.06,2025-10-20,exit_a6_1_costbasis,42,7.980392156862711,True,ohlcv,1.392156862745106,6.019607843137244,6.980392156862721,1.8235294117646996,6.490196078431361,7.490196078431361,4.627450980392138
A_noshrink,A,variant,510300.SS,2025-08-14,2025-08-15,4.119,4.106,2025-10-20,exit_a6_1_costbasis,40,30.69230769230791,False,ohlcv,10.46153846153855,24.384615384615586,16.46153846153862,10.46153846153855,24.846153846154067,28.769230769231033,13.923076923077033
A_noshrink,A,variant,510300.SS,2025-08-21,2025-08-22,4.252,4.144,2025-10-20,exit_a6_1_costbasis,35,2.4629629629629664,False,ohlcv,1.7037037037037106,0.7500000000000062,2.6388888888888986,1.7592592592592686,2.231481481481494,2.6388888888888986,-0.9537037037037045
A_noshrink,A,variant,510300.SS,2026-01-06,2026-01-07,4.797,4.657,2026-02-03,structure_stop_C,19,-1.1928571428571446,False,ohlcv,-0.17142857142857199,-0.5214285714285691,-0.621428571428571,-0.04999999999999778,-0.04999999999999778,-0.04999999999999778,-0.34999999999999715
A_noshrink,A,variant,510300.SS,2026-01-26,2026-01-27,4.712,4.687,2026-02-03,structure_stop_C,5,-3.2800000000000757,False,ohlcv,-4.4800000000001,0.6000000000000355,0.16000000000002132,2.24000000000005,2.24000000000005,2.24000000000005,5.080000000000135
A_noshrink,A,variant,510300.SS,2026-02-25,2026-02-26,4.751,4.705,2026-03-04,structure_stop_C,4,-2.630434782608696,False,ohlcv,-3.065217391304331,-0.8695652173913001,-1.93478260869565,-0.2608695652173997,-0.2608695652173997,-0.2608695652173997,2.1956521739130306
A_noshrink,A,variant,510300.SS,2026-02-26,2026-02-27,4.72,4.712,2026-03-04,structure_stop_C,3,-11.250000000000028,False,ohlcv,-8.249999999999972,-3.2499999999999725,-15.12499999999993,2.3750000000000138,2.3750000000000138,2.3750000000000138,5.0
A_noshrink,A,variant,510300.SS,2026-03-11,2026-03-12,4.711,4.641,2026-03-16,exit_a6_1_costbasis,2,-0.6571428571428601,False,ohlcv,-0.7000000000000025,-2.385714285714286,-2.5285714285714254,-0.24285714285714685,-0.24285714285714685,-0.24285714285714685,-1.6857142857142835
A_noshrink,A,variant,510300.SS,2026-05-22,2026-05-25,4.88,4.789,2026-06-08,exit_a6_1_costbasis,10,-1.098901098901096,False,ohlcv,0.4725274725274732,-0.40659340659340487,-0.6813186813186829,1.0109890109890147,1.0109890109890147,1.0109890109890147,-0.879120879120878
A_noshrink,A,variant,510300.SS,2026-05-26,2026-05-27,4.963,4.872,2026-06-02,structure_stop_C,4,-1.1648351648351642,False,ohlcv,-0.29670329670329754,-1.5054945054945073,-0.5824175824175805,-0.29670329670329754,0.02197802197801951,0.02197802197801951,-1.2087912087912098
A_noshrink,A,variant,510300.SS,2026-06-03,2026-06-04,4.919,4.856,2026-06-08,structure_stop_C,2,-2.20634920634921,False,ohlcv,-2.142857142857149,0.6190476190476312,2.047619047619064,0.11111111111112051,0.6190476190476312,2.7301587301587515,2.76190476190478
A_noshrink,A,variant,510300.SS,2026-06-15,2026-06-16,4.92,4.789,2026-06-29,exit_a6_1_costbasis,8,-0.2519083969465632,False,ohlcv,0.16793893129771148,0.7557251908396949,-0.717557251908398,1.3053435114503815,1.3053435114503815,1.3053435114503815,0.5877862595419834
A_noshrink,A,variant,510300.SS,2026-06-16,2026-06-17,4.898,4.839,2026-06-29,exit_a6_1_costbasis,7,-0.18644067796609545,False,ohlcv,1.1694915254237424,1.694915254237318,-1.694915254237303,3.2711864406780147,3.2711864406780147,3.2711864406780147,0.5254237288135757
A_noshrink,A,variant,510300.SS,2026-06-18,2026-06-22,4.983,4.894,2026-06-29,exit_a6_1_costbasis,5,-1.078651685393256,False,ohlcv,-0.8539325842696632,-1.2022471910112347,-1.7303370786516936,1.2134831460674282,1.2134831460674282,1.2134831460674282,-0.34831460674157144
A_noshrink,A,variant,512400.SS,2025-08-08,2025-08-11,1.292,1.23,2025-11-24,exit_a6_1_costbasis,69,5.612903225806445,True,ohlcv,0.6290322580645143,0.9838709677419337,2.8870967741935467,0.6290322580645143,0.9838709677419337,2.8870967741935467,0.3548387096774194
A_noshrink,A,variant,512890.SS,2024-03-26,2024-03-27,1.003,0.993,2024-06-12,exit_a6_1_costbasis,49,4.000000000000038,True,ohlcv,2.000000000000022,4.000000000000044,7.900000000000099,2.000000000000022,4.000000000000044,7.900000000000099,2.000000000000022
A_noshrink,A,variant,512890.SS,2024-04-02,2024-04-03,1.025,1.011,2024-06-12,exit_a6_1_costbasis,44,1.285714285714286,True,ohlcv,1.2857142857142858,4.071428571428579,1.9285714285714366,1.2857142857142858,4.071428571428579,4.214285714285722,2.7857142857142936
A_noshrink,A,variant,512890.SS,2024-04-08,2024-04-09,1.033,1.018,2024-06-12,exit_a6_1_costbasis,42,0.6666666666666711,True,ohlcv,2.0000000000000147,1.933333333333355,0.2000000000000089,2.0000000000000147,3.4000000000000328,3.4000000000000328,-0.06666666666665975
A_noshrink,A,variant,512890.SS,2024-05-16,2024-05-17,1.068,1.056,2024-06-12,structure_stop_C,17,-2.0833333333333397,False,ohlcv,0.6666666666666666,1.2499999999999907,-0.16666666666666666,1.7499999999999907,2.2499999999999907,2.2499999999999907,0.583333333333324
A_noshrink,A,variant,512890.SS,2025-06-03,2025-06-04,1.168,1.152,2025-07-30,exit_a6_1_costbasis,40,0.6875000000000105,False,ohlcv,0.06250000000000694,0.25,1.4375000000000069,0.375,0.5,1.4375000000000069,0.18749999999999306
A_noshrink,A,variant,512890.SS,2025-06-16,2025-06-17,1.175,1.164,2025-07-30,exit_a6_1_costbasis,31,0.3636363636363567,False,ohlcv,1.3636363636363398,0.9999999999999798,3.9090909090908594,1.3636363636363398,2.8181818181817797,3.9090909090908594,-0.36363636363636
A_noshrink,A,variant,512890.SS,2025-06-24,2025-06-25,1.191,1.172,2025-07-30,exit_a6_1_costbasis,25,-0.6315789473684178,False,ohlcv,0.3157894736842087,1.2631578947368347,1.315789473684197,0.7894736842105159,1.4210526315789331,2.0526315789473504,0.9473684210526261
A_noshrink,A,variant,512890.SS,2025-06-30,2025-07-01,1.188,1.18,2025-07-30,exit_a6_1_costbasis,21,-1.1249999999999953,False,ohlcv,3.75,4.875000000000014,3.1250000000000138,3.75,5.25,5.25,1.1250000000000138
A_noshrink,A,variant,515050.SS,2024-11-11,2024-11-12,0.406,0.388,2024-11-18,structure_stop_C,4,-2.11111111111111,False,ohlcv,-2.2777777777777777,-3.0,-2.0,0.05555555555555247,0.05555555555555247,0.05555555555555247,-0.7222222222222222
A_noshrink,A,variant,515050.SS,2024-11-13,2024-11-14,0.406,0.396,2024-11-15,structure_stop_C,1,-2.4999999999999982,False,ohlcv,-3.0,-4.4,-4.5,-1.6,-1.6,-1.6,-1.4
A_noshrink,A,variant,515050.SS,2024-12-11,2024-12-12,0.373,0.366,2025-01-06,structure_stop_C,16,-3.428571428571427,False,ohlcv,0.2857142857142857,2.0,-0.8571428571428571,0.5714285714285714,2.4285714285714284,4.428571428571429,1.7142857142857142
A_noshrink,A,variant,515050.SS,2025-08-12,2025-08-13,0.484,0.459,2025-10-20,exit_a6_1_costbasis,42,6.400000000000009,True,ohlcv,1.9600000000000044,4.160000000000005,6.160000000000009,1.9600000000000044,4.160000000000005,7.680000000000013,2.2000000000000006
A_noshrink,A,variant,515050.SS,2026-02-09,2026-02-10,0.784,0.736,2026-02-12,exit_a6_1_costbasis,2,-0.5208333333333325,False,ohlcv,0.22916666666666666,0.10416666666666667,0.6249999999999977,0.22916666666666666,0.770833333333331,0.770833333333331,-0.125
A_noshrink,A,variant,515050.SS,2026-04-09,2026-04-10,0.866,0.813,2026-07-03,exit_a6_1_costbasis,56,6.207547169811316,True,ohlcv,1.0754716981132075,2.9622641509433922,2.32075471698113,1.0754716981132075,3.132075471698111,3.132075471698111,1.8867924528301845
A_noshrink,A,variant,518850.SS,2024-01-15,2024-01-16,4.699,4.649,2024-01-19,structure_stop_C,3,-1.1799999999999966,False,ohlcv,-1.0,-0.9399999999999975,-0.7400000000000011,-0.03999999999999573,-0.03999999999999573,-0.03999999999999573,0.06000000000000249
A_noshrink,A,variant,518850.SS,2024-02-08,2024-02-19,4.67,4.666,2024-02-20,structure_stop_C,1,-4.500000000000511,False,ohlcv,-7.250000000000777,5.000000000000666,56.50000000000622,-2.750000000000333,5.000000000000666,57.00000000000622,12.250000000001444
A_noshrink,A,variant,518850.SS,2024-03-01,2024-03-04,4.736,4.66,2024-05-10,exit_a6_1_costbasis,44,7.828947368421093,True,ohlcv,2.105263157894749,2.407894736842115,3.026315789473705,2.1315789473684306,2.434210526315808,3.434210526315808,0.3026315789473658
A_noshrink,A,variant,518850.SS,2024-07-24,2024-07-25,5.414,5.403,2024-07-26,structure_stop_C,1,-7.181818181818085,False,ohlcv,4.0,-4.090909090909039,5.45454545454544,4.0,9.72727272727264,9.72727272727264,-8.09090909090904
A_noshrink,A,variant,518850.SS,2024-09-11,2024-09-12,5.54,5.522,2024-11-14,exit_a6_1_costbasis,38,10.50000000000014,False,ohlcv,7.944444444444524,11.555555555555697,12.166666666666822,7.944444444444524,12.777777777777898,12.777777777777898,3.611111111111174
A_noshrink,A,variant,518850.SS,2024-12-10,2024-12-11,6.04,5.945,2024-12-20,structure_stop_C,7,-1.610526315789476,False,ohlcv,-0.7999999999999982,-1.0210526315789545,-0.9578947368421098,0.3789473684210493,0.3789473684210493,0.3789473684210493,-0.22105263157895633
A_noshrink,A,variant,518850.SS,2024-12-23,2024-12-24,5.95,5.886,2025-01-02,exit_a6_1_costbasis,6,0.5312499999999847,False,ohlcv,-0.03124999999999653,1.1718750000000018,2.21874999999999,0.2968750000000017,1.5156249999999913,3.015624999999991,1.2031249999999982
A_noshrink,A,variant,518850.SS,2025-01-03,2025-01-06,6.044,5.982,2025-05-16,exit_a6_1_costbasis,84,18.88709677419373,True,ohlcv,1.387096774193567,1.887096774193567,3.193548387096812,1.387096774193567,1.887096774193567,3.193548387096812,0.5
A_noshrink,A,variant,518850.SS,2025-03-14,2025-03-17,6.702,6.597,2025-05-16,exit_a6_1_costbasis,40,4.885714285714304,False,ohlcv,0.9714285714285786,2.5142857142857276,1.9238095238095319,1.3142857142857192,2.5142857142857276,4.0571428571428765,1.542857142857149
A_cm10,A,variant,159652.SZ,2025-09-25,2025-09-26,1.325,1.261,2025-11-24,exit_a6_1_costbasis,35,1.625000000000001,False,ohlcv,2.8437499999999964,2.1406249999999982,2.40625,3.5312499999999964,3.8124999999999964,3.8124999999999964,-0.7031249999999982
A_cm10,A,variant,159652.SZ,2026-03-02,2026-03-03,2.118,1.991,2026-03-09,structure_stop_C,4,-1.6141732283464576,False,ohlcv,-1.3779527559055127,-2.1968503937007906,-4.196850393700794,-0.7244094488188996,-0.7244094488188996,-0.7244094488188996,-0.8188976377952777
A_cm10,A,variant,159915.SZ,2025-12-24,2025-12-25,3.21,3.166,2026-02-03,exit_a6_1_costbasis,26,1.8636363636363653,False,ohlcv,-0.5454545454545454,2.3636363636363638,3.090909090909091,0.4318181818181843,2.3636363636363638,3.6590909090909065,2.909090909090909
A_cm10,A,variant,159915.SZ,2025-12-26,2025-12-29,3.217,3.184,2026-02-03,exit_a6_1_costbasis,24,2.272727272727287,False,ohlcv,2.606060606060608,2.6969696969697026,1.3939393939393918,2.606060606060608,4.666666666666676,4.666666666666676,0.09090909090909458
A_cm10,A,variant,159915.SZ,2026-01-22,2026-01-23,3.322,3.242,2026-02-03,exit_a6_1_costbasis,7,-0.37499999999999806,False,ohlcv,-0.3750000000000028,-1.05,-0.037500000000001386,0.1875000000000014,0.1875000000000014,0.1875000000000014,-0.6749999999999973
A_cm10,A,variant,159915.SZ,2026-06-16,2026-06-17,4.086,3.858,2026-07-03,exit_a6_1_costbasis,11,-0.4122807017543885,False,ohlcv,0.7543859649122787,0.8245614035087699,-0.9605263157894741,1.2850877192982413,1.3552631578947325,1.3552631578947325,0.07017543859649122
A_cm10,A,variant,159915.SZ,2026-06-18,2026-06-22,4.291,4.071,2026-07-03,structure_stop_C,9,-1.3590909090909071,False,ohlcv,-0.3454545454545468,-1.1545454545454532,-1.9499999999999955,0.4727272727272677,0.4727272727272677,0.4727272727272677,-0.8090909090909064
A_cm10,A,variant,510300.SS,2025-09-30,2025-10-09,4.631,4.517,2025-10-20,structure_stop_C,7,-0.991228070175446,False,ohlcv,-0.4210526315789482,-0.5175438596491247,0.9473684210526295,0.5438596491228023,0.5438596491228023,0.9473684210526295,-0.0964912280701766
A_cm10,A,variant,510300.SS,2025-10-16,2025-10-17,4.592,4.504,2025-10-20,structure_stop_C,1,-0.8409090909090898,False,ohlcv,-0.022727272727270206,1.2272727272727324,1.0227272727272803,-0.022727272727270206,1.6704545454545467,1.6704545454545467,1.2500000000000024
A_cm10,A,variant,510300.SS,2025-10-22,2025-10-23,4.564,4.529,2025-11-19,exit_a6_1_costbasis,19,-0.5428571428571496,False,ohlcv,4.999999999999974,1.371428571428567,2.2285714285714278,4.999999999999974,4.999999999999974,4.999999999999974,-3.6285714285714077
A_cm10,A,variant,510300.SS,2025-11-05,2025-11-06,4.619,4.545,2025-11-19,exit_a6_1_costbasis,9,-1.000000000000005,False,ohlcv,0.31081081081081924,-0.6081081081081084,-1.5675675675675662,0.8783783783783855,0.9459459459459518,0.9459459459459518,-0.9189189189189276
A_cm10,A,variant,515050.SS,2024-12-17,2024-12-18,0.371,0.367,2025-01-06,structure_stop_C,12,-5.499999999999996,False,ohlcv,3.75,2.25,-1.5,4.75,8.25,8.25,-1.5
A_cm10,A,variant,515050.SS,2026-01-22,2026-01-23,0.794,0.757,2026-02-05,exit_a6_1_costbasis,9,-1.2972972972972974,False,ohlcv,-0.3783783783783784,-1.0810810810810811,-0.32432432432432434,0.05405405405405406,0.05405405405405406,0.05405405405405406,-0.7027027027027027
A_cm10,A,variant,515050.SS,2026-01-28,2026-01-29,0.794,0.769,2026-02-05,exit_a6_1_costbasis,5,-1.9200000000000002,False,ohlcv,-1.0,-1.04,1.0799999999999956,0.04,0.04,1.0799999999999956,-0.04
A_cm10,A,variant,515050.SS,2026-02-10,2026-02-11,0.781,0.763,2026-02-12,exit_a6_1_costbasis,1,-1.2222222222222217,False,ohlcv,1.1111111111111112,0.1111111111111111,1.9999999999999938,1.1111111111111112,2.222222222222216,2.222222222222216,-1.0
A_cm10,A,variant,516220.SS,2026-03-13,2026-03-16,1.054,1.028,2026-03-17,structure_stop_C,1,-1.923076923076922,False,ohlcv,-4.423076923076923,-3.0384615384615383,-4.230769230769231,-1.2307692307692308,-1.2307692307692308,-1.2307692307692308,1.3846153846153846
A_cm10,A,variant,518850.SS,2025-05-06,2025-05-07,7.652,7.504,2025-05-13,structure_stop_C,4,-2.3513513513513438,False,ohlcv,-1.939189189189181,-2.7432432432432305,-1.7027027027026946,0.37837837837837723,0.37837837837837723,0.37837837837837723,-0.8040540540540494
A_cm10,A,variant,518850.SS,2025-11-26,2025-11-27,9.067,9.033,2026-03-18,exit_a6_1_costbasis,71,48.5294117647049,True,ohlcv,2.7647058823528674,2.5882352941175704,9.117647058823357,4.529411764705787,4.529411764705787,10.323529411764468,-0.17647058823529718
A_cm10,A,variant,518850.SS,2025-11-28,2025-12-01,9.21,9.048,2026-03-18,exit_a6_1_costbasis,69,9.30246913580242,True,ohlcv,-0.055555555555557384,0.4999999999999945,1.0432098765431967,0.06790123456789615,0.4999999999999945,1.2839506172839343,0.5555555555555519
A_cm10,A,variant,518850.SS,2025-12-11,2025-12-12,9.278,9.146,2026-03-18,exit_a6_1_costbasis,60,10.901515151515172,True,ohlcv,0.7954545454545372,2.757575757575757,2.1666666666666687,1.0606060606060541,3.280303030303037,3.333333333333338,1.9621212121212195
A_cm10,A,variant,588000.SS,2026-07-08,2026-07-09,2.166,2.073,2026-07-16,structure_stop_C,5,-2.139784946236558,False,ohlcv,-1.4838709677419348,-2.2688172043010746,-4.193548387096774,1.7419354838709675,1.7419354838709675,1.7419354838709675,-0.7849462365591395
Bp202,B,variant,000725.SZ,2023-08-30,2023-08-31,3.854,3.594,2023-09-08,exit_a6_1_costbasis,6,-0.1538461538461542,False,close,0.2692307692307684,-0.38461538461538464,-0.7692307692307693,0.3461538461538453,0.3461538461538453,0.3461538461538453,-0.653846153846153
Bp202,B,variant,000725.SZ,2025-08-22,2025-08-25,4.154,3.944,2025-09-04,exit_a6_1_costbasis,8,-0.8095238095238085,False,close,0.09523809523809745,-0.47619047619047455,-0.1904761904761907,0.09523809523809745,0.09523809523809745,0.09523809523809745,-0.5714285714285721
Bp202,B,variant,000725.SZ,2026-05-21,2026-05-22,4.644,4.024,2026-07-17,exit_a6_1_costbasis,39,2.3161290322580643,False,close,1.5806451612903216,2.3387096774193545,1.8225806451612898,1.7258064516129035,2.3387096774193545,2.935483870967742,0.7580645161290331
Bp202,B,variant,000768.SZ,2023-05-08,2023-05-09,25.85,23.7,2023-05-11,exit_a6_1_costbasis,2,-0.3236511627906982,False,close,-0.42790697674418643,-0.27441860465116247,-0.5116279069767443,-0.17674418604651265,-0.1674418604651175,-0.1674418604651175,0.15348837209302396
Bp202,B,variant,000938.SZ,2026-04-09,2026-04-10,26.955,25.755,2026-05-27,exit_a6_1_costbasis,30,1.4442041666666687,False,close,0.8916666666666674,3.4833333333333383,4.141666666666671,1.0166666666666693,3.4833333333333383,4.500000000000002,2.591666666666671
Bp202,B,variant,002049.SZ,2025-07-10,2025-07-11,65.514,64.774,2025-09-04,exit_a6_1_costbasis,39,13.66822432432442,False,close,2.810810810810828,2.9189189189189535,5.02702702702706,2.810810810810828,2.9189189189189535,9.972972972973055,0.10810810810812575
Bp202,B,variant,002179.SZ,2023-08-18,2023-08-21,41.221,39.581,2023-08-22,exit_a6_1_costbasis,1,-0.30562256097560797,False,close,0.9939024390243958,0.5121951219512236,1.115853658536593,0.9939024390243958,1.115853658536593,1.115853658536593,-0.48170731707317216
Bp202,B,variant,002179.SZ,2025-08-04,2025-08-05,37.741,37.011,2025-08-06,exit_a6_1_costbasis,1,0.14008082191780885,False,close,1.0821917808219212,4.739726027397282,5.191780821917829,1.0821917808219212,4.739726027397282,5.191780821917829,3.6575342465753606
Bp202,B,variant,002179.SZ,2026-04-27,2026-04-28,36.051,34.631,2026-06-03,exit_a6_1_costbasis,23,-0.05426126760563528,False,close,0.007042253521125351,2.6619718309859133,2.957746478873233,0.39436619718309474,3.732394366197177,3.732394366197177,2.6549295774647876
Bp202,B,variant,002185.SZ,2023-07-14,2023-07-17,9.598,9.018,2023-08-09,exit_a6_1_costbasis,17,-0.6206896551724165,False,close,0.1206896551724112,-0.27586206896551746,-0.08620689655172535,0.6379310344827572,0.6379310344827572,0.6379310344827572,-0.39655172413792866
Bp202,B,variant,002185.SZ,2024-06-11,2024-06-12,8.238,7.798,2024-06-26,structure_stop_C,10,-1.3590909090909091,False,close,0.2272727272727267,-1.3136363636363637,-0.5181818181818182,0.3409090909090921,0.36363636363636437,0.36363636363636437,-1.5409090909090906
Bp202,B,variant,002230.SZ,2026-01-12,2026-01-13,60.92,52.82,2026-02-09,exit_a6_1_costbasis,19,-0.6581382716049382,False,close,0.0037037037037038435,-0.35185185185185197,-0.49629629629629657,0.3308641975308641,0.3308641975308641,0.3308641975308641,-0.3555555555555558
Bp202,B,variant,002415.SZ,2024-05-20,2024-05-21,30.804,29.694,2024-06-18,exit_a6_1_costbasis,19,-0.9016252252252238,False,close,-0.5585585585585565,-0.48648648648648596,0.27027027027027106,-0.15315315315315156,-0.15315315315315156,0.27027027027027106,0.07207207207207057
Bp202,B,variant,002415.SZ,2026-01-21,2026-01-22,31.4,29.29,2026-02-27,exit_a6_1_costbasis,20,-0.6309952606635054,False,close,-0.3175355450236959,-0.3649289099526065,-0.14218009478672855,-0.18483412322274745,-0.18483412322274745,0.07582938388625601,-0.047393364928910636
Bp202,B,variant,002555.SZ,2025-03-14,2025-03-17,14.679,13.799,2025-03-20,exit_a6_1_costbasis,3,-0.6871352272727259,False,close,-1.011363636363636,-1.2045454545454541,-3.1590909090909074,-0.21590909090909016,-0.21590909090909016,-0.21590909090909016,-0.19318181818181793
Bp202,B,variant,002821.SZ,2026-03-27,2026-03-30,98.605,91.625,2026-05-18,exit_a6_1_costbasis,31,2.5360164756446975,False,close,3.1747851002865306,3.0171919770773625,1.97994269340974,3.8323782234957,3.8323782234957,3.8323782234957,-0.15759312320916816
Bp202,B,variant,300003.SZ,2025-06-04,2025-06-05,13.225,10.905,2025-09-23,exit_a6_1_costbasis,78,1.9649892241379319,True,close,-0.1206896551724135,-0.17672413793103453,-0.15387931034482727,-0.09051724137930993,0.060344827586207135,0.060344827586207135,-0.05603448275862102
Bp202,B,variant,300014.SZ,2025-08-11,2025-08-12,45.862,43.332,2025-11-05,exit_a6_1_costbasis,55,12.196892490118573,True,close,0.42687747035573037,1.3952569169960471,3.7667984189723307,0.42687747035573037,1.3952569169960471,4.288537549407113,0.9683794466403169
Bp202,B,variant,300661.SZ,2026-04-08,2026-04-09,75.3,66.67,2026-06-12,exit_a6_1_costbasis,43,3.780382387022019,True,close,0.044032444959444944,0.7392815758980317,1.448435689455389,0.491309385863269,0.7392815758980317,1.6940903823870235,0.6952491309385866
Bp202,B,variant,600030.SS,2023-07-28,2023-07-31,22.115,19.255,2023-08-31,exit_a6_1_costbasis,23,-0.4447954545454546,False,close,0.13986013986014062,-0.0699300699300697,-0.11538461538461481,0.13986013986014062,0.3146853146853155,0.3146853146853155,-0.20979020979021032
Bp202,B,variant,600111.SS,2026-06-12,2026-06-15,50.45,46.26,2026-06-24,exit_a6_1_costbasis,6,-0.3413961813842489,False,close,0.88305489260143,-0.6754176610978525,-0.749403341288782,0.88305489260143,0.88305489260143,0.88305489260143,-1.5584725536992825
Bp202,B,variant,600362.SS,2025-03-07,2025-03-10,20.056,19.016,2025-04-08,structure_stop_C,20,-1.682746153846151,False,close,0.5096153846153809,0.2596153846153835,1.6634615384615346,0.5096153846153809,0.6442307692307658,2.2596153846153766,-0.24999999999999745
Bp202,B,variant,600362.SS,2025-05-06,2025-05-07,20.326,19.566,2025-05-26,exit_a6_1_costbasis,13,-0.27674473684210676,False,close,-0.18421052631578985,-0.5526315789473695,-0.9736842105263164,-0.13157894736842266,0.1973684210526293,0.1973684210526293,-0.3684210526315797
Bp202,B,variant,600460.SS,2026-05-25,2026-05-26,33.89,29.37,2026-07-17,exit_a6_1_costbasis,37,0.46374115044247827,False,close,-0.2588495575221243,-0.4070796460176999,0.309734513274336,0.988938053097345,0.988938053097345,0.988938053097345,-0.14823008849557562
Bp202,B,variant,600519.SS,2023-11-29,2023-11-30,1623.275,1604.555,2023-12-04,exit_a6_1_costbasis,2,-0.9649185363247922,False,close,-3.938034188034184,-6.235042735042727,-5.759829059829055,0.789529914529912,0.789529914529912,0.789529914529912,-2.2970085470085437
Bp202,B,variant,600519.SS,2024-04-22,2024-04-23,1540.661,1506.941,2024-05-27,exit_a6_1_costbasis,21,0.04327814353499585,False,close,0.8600237247924074,2.402135231316724,0.8748517200474488,1.0210557532621534,2.817319098457886,2.817319098457886,1.5421115065243167
Bp202,B,variant,600519.SS,2025-03-06,2025-03-07,1423.419,1380.519,2025-04-08,exit_a6_1_costbasis,21,0.1999203030303058,False,close,0.8104895104895083,2.3543123543123494,2.0046620046620003,1.0648018648018587,3.1435897435897346,3.1435897435897346,1.543822843822841
Bp202,B,variant,600519.SS,2025-11-10,2025-11-11,1410.019,1368.029,2025-11-26,exit_a6_1_costbasis,11,-0.3460352226720667,False,close,0.21433674684448673,-0.2381519409383186,-0.333412717313646,0.21433674684448673,0.333412717313646,0.333412717313646,-0.4524886877828053
Bp202,B,variant,600519.SS,2026-03-17,2026-03-18,1460.976,1391.976,2026-03-24,structure_stop_C,4,-1.0791445797101447,False,close,-1.1836231884057982,-0.5652173913043478,-0.34753623188405824,-0.2927536231884065,-0.2927536231884065,-0.2927536231884065,0.6184057971014504
Bp202,B,variant,600660.SS,2024-01-10,2024-01-11,33.5,32.61,2024-01-24,structure_stop_C,9,-1.385955056179776,False,close,0.1573033707865174,-1.4382022471910116,-0.6629213483146101,0.7078651685393282,0.8988764044943782,0.8988764044943782,-1.5955056179775289
Bp202,B,variant,600660.SS,2025-07-17,2025-07-18,55.67,54.45,2025-07-28,exit_a6_1_costbasis,6,-0.9226803278688543,False,close,-0.3196721311475417,-2.5491803278688545,-1.844262295081969,0.18852459016393203,0.18852459016393203,0.18852459016393203,-2.2295081967213126
Bp202,B,variant,600703.SS,2025-03-12,2025-03-13,12.791,12.051,2025-03-24,exit_a6_1_costbasis,7,-0.5713391891891884,False,close,-0.17567567567567668,-0.7297297297297307,-1.1351351351351346,0.10810810810810817,0.10810810810810817,0.10810810810810817,-0.5540540540540541
Bp202,B,variant,600703.SS,2025-08-18,2025-08-19,13.17,11.751,2025-10-15,exit_a6_1_costbasis,35,1.0407540521494012,False,close,1.1205073995771666,1.3671599718111338,1.3037350246652566,1.1205073995771666,1.7829457364341075,1.7829457364341075,0.24665257223396725
Bp202,B,variant,600703.SS,2026-01-05,2026-01-06,14.44,14.07,2026-02-09,exit_a6_1_costbasis,24,3.2852972972973093,False,close,3.6756756756756865,3.297297297297306,5.0270270270270405,3.6756756756756865,3.6756756756756865,5.675675675675687,-0.37837837837838073
Bp202,B,variant,600760.SS,2023-06-29,2023-06-30,43.545,41.095,2023-07-28,exit_a6_1_costbasis,20,-0.44634489795918525,False,close,-0.07346938775510184,0.061224489795917714,-0.14693877551020368,0.6734693877551007,0.6734693877551007,0.6734693877551007,0.13469387755101955
Bp202,B,variant,600760.SS,2023-11-20,2023-11-21,42.445,41.225,2023-11-27,structure_stop_C,4,-1.0921680327868863,False,close,-0.9016393442622971,-0.6393442622950835,-1.5163934426229535,-0.1311475409836097,-0.1311475409836097,-0.1311475409836097,0.2622950819672136
Bp202,B,variant,600850.SS,2023-11-14,2023-11-15,19.65,19.167,2023-11-22,structure_stop_C,5,-1.1628364389233976,False,close,-1.0351966873706069,-1.8467908902691614,-3.2608695652174102,-0.22360248447204484,-0.22360248447204484,-0.22360248447204484,-0.8115942028985547
Bp202,B,variant,601225.SS,2023-05-05,2023-05-08,13.939,13.079,2023-05-23,exit_a6_1_costbasis,11,0.40239651162790774,False,close,0.4767441860465121,0.6627906976744193,-2.093023255813956,1.3488372093023266,1.3488372093023266,1.3488372093023266,0.18604651162790725
Bp202,B,variant,601238.SS,2025-10-15,2025-10-16,7.99,7.43,2025-10-20,exit_a6_1_costbasis,2,-0.410714285714286,False,close,-0.446428571428571,-0.3749999999999996,-0.35714285714285715,-0.01785714285714246,-0.01785714285714246,-0.01785714285714246,0.07142857142857142
Bp202,B,variant,601318.SS,2024-07-02,2024-07-03,35.469,33.929,2024-07-05,exit_a6_1_costbasis,2,-0.17238246753246955,False,close,-0.4285714285714312,-0.6428571428571445,0.39610389610389596,0.058441558441556074,0.32467532467532484,0.5519480519480532,-0.2142857142857133
Bp202,B,variant,601318.SS,2024-07-09,2024-07-10,34.359,33.969,2024-07-17,exit_a6_1_costbasis,5,0.37343846153846927,False,close,0.30769230769230066,4.410256410256401,4.474358974358961,4.128205128205121,5.02564102564102,5.02564102564102,4.1025641025641
Bp202,B,variant,601600.SS,2025-03-06,2025-03-07,7.255,6.745,2025-03-24,exit_a6_1_costbasis,11,-0.11764705882352926,False,close,0.2745098039215681,0.1568627450980394,-0.019607843137254492,0.2745098039215681,0.2745098039215681,0.41176470588235303,-0.11764705882352869
Bp404,B,variant,000725.SZ,2024-04-01,2024-04-02,4.174,3.394,2024-05-29,exit_a6_1_costbasis,36,-0.28205128205128216,False,close,-0.064102564102565,-0.03846153846153877,-0.03846153846153877,0.05128205128205131,0.05128205128205131,0.05128205128205131,0.025641025641026226
Bp404,B,variant,000725.SZ,2026-01-06,2026-01-07,4.394,4.134,2026-02-04,exit_a6_1_costbasis,20,-0.6153846153846181,False,close,0.03846153846153767,0.0,0.42307692307692124,0.03846153846153767,0.5769230769230753,0.5769230769230753,-0.03846153846153767
Bp404,B,variant,000768.SZ,2023-05-17,2023-05-18,25.44,24.13,2023-05-24,exit_a6_1_costbasis,4,-0.5614045801526709,False,close,-0.7251908396946574,-0.793893129770993,-1.7480916030534341,-0.1297709923664133,-0.1297709923664133,-0.1297709923664133,-0.06870229007633565
Bp404,B,variant,000768.SZ,2023-06-30,2023-07-03,26.29,22.19,2023-07-28,exit_a6_1_costbasis,19,-0.31372926829268266,False,close,-0.13414634146341486,-0.19756097560975588,-0.29512195121951257,0.04146341463414678,0.04146341463414678,0.04146341463414678,-0.063414634146341
Bp404,B,variant,002049.SZ,2025-05-12,2025-05-13,66.585,62.315,2025-05-14,exit_a6_1_costbasis,1,-0.2474437939110067,False,close,-0.5667447306791545,-0.6182669789227156,-0.6697892271662752,-0.22248243559718725,-0.22248243559718725,-0.22248243559718725,-0.051522248243561164
Bp404,B,variant,002326.SZ,2025-04-23,2025-04-24,10.06,9.3,2025-04-29,exit_a6_1_costbasis,3,-0.5395526315789484,False,close,0.4078947368421037,1.6447368421052637,1.5657894736842104,0.4078947368421037,1.6447368421052637,1.697368421052631,1.23684210526316
Bp404,B,variant,002415.SZ,2026-03-10,2026-03-11,30.04,28.65,2026-03-20,exit_a6_1_costbasis,7,-0.07197122302158379,False,close,0.20143884892086406,-0.7625899280575528,-0.6618705035971207,0.4316546762589937,0.5971223021582744,0.5971223021582744,-0.9640287769784168
Bp404,B,variant,300003.SZ,2023-05-15,2023-05-16,22.293,21.183,2023-06-02,exit_a6_1_costbasis,13,0.015952252252252833,False,close,0.837837837837838,1.2342342342342358,-0.027027027027024864,0.864864864864866,1.2342342342342358,1.2342342342342358,0.39639639639639773
Bp404,B,variant,300136.SZ,2024-09-27,2024-09-30,20.651,18.011,2024-12-06,exit_a6_1_costbasis,44,1.7346018939393948,True,close,0.5113636363636368,1.397727272727273,1.1969696969696968,2.5946969696969697,2.5946969696969697,2.5946969696969697,0.8863636363636361
Bp404,B,variant,600030.SS,2023-07-25,2023-07-26,19.365,17.955,2023-08-31,exit_a6_1_costbasis,26,1.0500957446808512,False,close,1.5035460992907808,2.375886524822696,1.8156028368794341,1.8085106382978726,2.375886524822696,2.588652482269505,0.8723404255319152
Bp404,B,variant,600196.SS,2025-07-16,2025-07-17,25.557,24.317,2025-09-30,exit_a6_1_costbasis,53,2.7672927419354862,True,close,-0.0725806451612903,1.701612903225811,0.5540322580645177,0.11290322580645222,1.701612903225811,1.701612903225811,1.7741935483871012
Bp404,B,variant,600460.SS,2023-05-10,2023-05-11,34.27,32.91,2023-05-12,exit_a6_1_costbasis,1,-0.40019852941176776,False,close,-0.8088235294117618,-1.198529411764702,-1.7941176470588185,-0.3382352941176461,-0.3382352941176461,-0.3382352941176461,-0.3897058823529401
Bp404,B,variant,600460.SS,2026-05-11,2026-05-12,30.39,28.8,2026-07-17,exit_a6_1_costbasis,47,3.5217672955974857,True,close,0.36477987421383545,2.3396226415094334,1.4654088050314455,0.6540880503144649,2.3396226415094334,5.012578616352201,1.974842767295598
Bp404,B,variant,600600.SS,2025-05-28,2025-05-29,71.23,66.75,2025-06-03,exit_a6_1_costbasis,2,-0.3462566964285723,False,close,-0.1852678571428566,-1.0,-1.2142857142857126,0.2656249999999993,0.2656249999999993,0.2656249999999993,-0.8147321428571433
Bp404,B,variant,600660.SS,2024-02-05,2024-02-06,35.46,32.76,2024-05-30,exit_a6_1_costbasis,71,2.7461259259259214,True,close,0.159259259259259,0.448148148148148,2.0259259259259235,0.237037037037037,0.448148148148148,2.0259259259259235,0.28888888888888903
Bp404,B,variant,600703.SS,2025-06-25,2025-06-26,12.261,11.751,2025-07-08,exit_a6_1_costbasis,8,-0.28090392156862354,False,close,-0.021568627450978897,0.4686274509803939,0.154901960784315,0.2745098039215699,0.4686274509803939,0.5274509803921573,0.49019607843137275
Bp404,B,variant,601225.SS,2024-12-30,2024-12-31,21.063,20.193,2025-01-02,exit_a6_1_costbasis,1,0.1252149425287369,False,close,-0.7126436781609187,-1.2413793103448292,-1.8816091954023049,0.3218390804597724,0.3218390804597724,0.3218390804597724,-0.5287356321839106
Bp404,B,variant,601238.SS,2024-06-13,2024-06-14,8.44,8.3,2024-06-17,exit_a6_1_costbasis,1,-0.7857142857142898,False,close,-2.928571428571455,-5.428571428571474,-6.071428571428621,-0.3571428571428526,-0.3571428571428526,-0.3571428571428526,-2.500000000000019
Bp404,B,variant,601318.SS,2023-07-25,2023-07-26,41.548,38.068,2023-08-23,exit_a6_1_costbasis,20,-0.7188356321839078,False,close,0.7356321839080437,0.5977011494252862,-0.14367816091954005,0.9827586206896546,0.9827586206896546,0.9827586206896546,-0.13793103448275756
Bp404,B,variant,601899.SS,2025-02-10,2025-02-11,15.74,14.23,2025-02-20,exit_a6_1_costbasis,7,-0.4475099337748351,False,close,-0.07947019867549736,-0.35761589403973576,-0.6490066225165567,0.43708609271523075,0.43708609271523075,0.43708609271523075,-0.2781456953642384
Bp404,B,variant,603993.SS,2025-06-04,2025-06-05,6.831,6.581,2025-11-13,exit_a6_1_costbasis,109,36.412000000000006,True,close,1.4399999999999977,1.7999999999999972,2.2399999999999984,1.4399999999999977,2.16,2.2399999999999984,0.35999999999999943
