,S0_bh,S1_dca,v1_hedge50
1999-03-31,1025770.7432899774,1000326.2081190615,1000000.0
1999-04-30,1050209.060206764,1000484.9536445759,1000000.0
1999-05-31,1017217.9253559824,999267.0869107376,1000000.0
1999-06-30,1126576.477302228,1005331.970446547,1000000.0
1999-07-31,1106415.0118799617,1003430.1431727561,1000000.0
1999-08-31,1166898.434586211,1008565.5668169929,1000000.0
1999-09-30,1176674.04457054,1008922.0526632742,1000000.0
1999-10-31,1285421.5545136367,1021130.8619457283,1000000.0
1999-11-30,1436934.5702147805,1039074.1447005335,1000000.0
1999-12-31,1786394.040998595,1085656.2029159735,1000000.0
2000-01-31,1753403.0831588225,1080749.8798319986,1000000.0
2000-02-29,2086976.966454341,1131562.6775900866,1000000.0
2000-03-31,2140739.635169988,1139464.255147668,1000000.0
2000-04-30,1852374.8946120858,1092247.0848437177,1000000.0
2000-05-31,1625105.1497966086,1052523.9879518596,1000000.0
2000-06-30,1826715.3787440464,1089596.0324105388,1000000.0
2000-07-31,1748514.747133631,1073517.640243235,1000000.0
2000-08-31,1986782.893983771,1123122.8674405213,1000000.0
2000-09-30,1735073.7701854536,1068935.8551825169,1000000.0
2000-10-31,1597306.4558845211,1038264.3336866868,1000000.0
2000-11-30,1231353.010774397,951383.3668506814,1000000.0
2000-12-31,1141238.741707163,928251.006536801,1000000.0
2001-01-31,1257073.7724515584,958474.3464298283,1000000.0
2001-02-28,927653.9835158021,867260.5282429435,1000000.0
2001-03-31,765387.5490164837,819526.3423197116,949258.2118050967
2001-04-30,902238.6543347108,862818.7099723346,1029585.4694640707
2001-05-31,874477.3982510316,852832.4070631166,1017990.4597612481
2001-06-30,893441.2956917499,859640.9333285613,1029121.6659900665
2001-07-31,816413.8930491419,831490.4627984734,983909.0240863974
2001-08-31,716121.5352158116,791813.6157271343,925040.5914919333
2001-09-30,566562.9423180479,729854.1418703467,816920.671644503
2001-10-31,662749.7068080882,771482.7881926817,912370.243919029
2001-11-30,775162.9819898037,823436.6102473576,1023921.9640643129
2001-12-31,760695.6067058037,815893.5761349192,1009565.469279255
2002-01-31,752875.7028546702,811414.9871987319,1001805.4985413279
2002-02-28,660403.7356527481,762343.7691206299,910042.2526976508
2002-03-31,704977.5416262267,786120.0315127647,954274.4372125668
2002-04-30,620325.9208029608,737181.1917792258,870271.601242731
2002-05-31,587286.2406829546,717190.0344597396,837485.1430199026
2002-06-30,510258.4397655762,668553.3952121643,761047.6966644595
2002-07-31,466270.85000123107,639425.0773153692,717334.8048575339
2002-08-31,459232.67101869744,634380.8015740383,708464.6831989883
2002-09-30,405079.07348962204,593929.413724785,640215.637597438
2002-10-31,479955.8808780997,652389.4943142163,748380.7755950664
2002-11-30,541929.5150165653,702823.2174115769,836337.2980527827
2002-12-31,476436.7250077045,647469.5550621718,743386.1885154215
2003-01-31,477805.46263497835,647892.0663756732,744897.0476719552
2003-02-28,491881.24531426624,660947.3158430324,765782.0852432803
2003-03-31,493640.8675022161,662235.5562463552,768392.9365432755
2003-04-30,536651.0467274861,704502.7519788418,832209.5803161978
2003-05-31,582398.3471852855,750892.0627107655,897108.883730234
2003-06-30,585526.7512532615,754048.9269649494,907393.9324200589
2003-07-31,621694.1716499598,792515.4855162601,961057.5865878968
2003-08-31,652778.9421863109,827216.8171139958,1007179.8247141645
2003-09-30,633815.3102621061,805492.72628788,979042.4078294481
2003-10-31,687773.708900981,867156.7833535329,1059103.546065098
2003-11-30,691683.7935848044,871846.7549949526,1064905.1606104034
2003-12-31,713076.2820693244,897724.6016838441,1097396.672926868
2004-01-31,725006.5585609913,911918.6628538882,1111930.0057736072
2004-02-29,715227.6296202431,899691.7393016777,1097420.4539434721
2004-03-31,700950.8951929613,881732.8972540776,1076237.2528595028
2004-04-30,680023.6358929073,855408.2957723369,1045186.2906000741
2004-05-31,714836.8778178239,899200.2088375364,1096840.673318797
2004-06-30,738110.3295369792,928476.1084107651,1131372.8144184328
2004-07-31,682370.8018725582,858360.8185150379,1048668.9139673188
2004-08-31,665355.5743774269,836957.1996030606,1023422.455307271
2004-09-30,687260.3327220607,864511.4065686535,1055923.788372866
2004-10-31,721682.1590532742,907810.9541802484,1106997.4055621154
2004-11-30,765099.8176213161,962426.4459981874,1166942.6529005794
2004-12-31,788224.1818181215,991514.8069379289,1201253.584382488
2005-01-31,738466.3871816299,928923.9967589509,1127425.1206922561
2005-02-28,734912.4929007138,924453.5188376919,1122152.0060617875
2005-03-31,722077.867163946,908308.7192323833,1103108.5434825649
2005-04-30,690683.3716145562,868817.2802336876,1056526.7487773504
2005-05-31,751893.3802600945,945813.9409614275,1147347.5123135967
2005-06-30,726895.6643020419,914369.0727579839,1110256.982509562
2005-07-31,782233.5982397408,983979.1940283339,1192365.0155576267
2005-08-31,770375.1882177375,969062.3855939148,1174770.0196352934
2005-09-30,779861.6507188267,980995.4983456647,1188845.6224112406
2005-10-31,768201.404521425,966327.9620990626,1171544.6534013983
2005-11-30,815040.0221026064,1025246.7112817169,1241041.7684294195
2005-12-31,800563.088224119,1007036.0364119452,1219561.5200582438
2006-01-31,832062.8168183734,1046659.8490735773,1266299.4550041694
2006-02-28,814233.1174179729,1024231.6980899671,1239844.5181564493
2006-03-31,831258.7443098844,1045648.3985035381,1265106.4069916725
2006-04-30,829672.7256690343,1043653.3303455743,1262753.1411266264
2006-05-31,769603.0661963772,968091.125850049,1173624.378373761
2006-06-30,769129.5617472394,967495.5000327997,1172921.8129508817
2006-07-31,735999.7830236404,925821.231578796,1123765.2801216142
2006-08-31,771112.8815978427,969990.3372176107,1175864.5771679475
2006-09-30,806889.8157086351,1014994.4879858231,1228948.8446730296
2006-10-31,845199.3348310306,1063184.4018868557,1285790.8522857176
2006-11-30,874180.1967668813,1099639.7078645786,1328791.4018232047
2006-12-31,857756.3188001451,1078979.953232592,1304422.3620179172
2007-01-31,875841.0025590438,1101728.8515020893,1331255.6336288739
2007-02-28,861134.4854018531,1083229.381609898,1309434.7395180818
2007-03-31,865654.4615172668,1088915.1031962382,1316141.2845921838
2007-04-30,913978.1129586505,1149701.890806486,1387841.82863525
2007-05-31,942813.3833395793,1185974.0557618956,1430626.3557202818
2007-06-30,947331.9433669209,1191657.9960373805,1437330.7996641472
2007-07-31,945939.0437369155,1189905.8541473115,1435264.0754351239
2007-08-31,972607.8763784063,1223452.8361579312,1474834.1358993633
2007-09-30,1023690.9524394565,1287710.7306336365,1550299.5096357192
2007-10-31,1095772.6674899494,1378383.0157913836,1645371.4970105765
2007-11-30,1021699.4015769336,1285205.5395794788,1535464.7886681352
2007-12-31,1020970.2047252615,1284288.275820915,1534382.837916901
2008-01-31,899578.2673745928,1131588.186046401,1354084.4163167437
2008-02-29,856123.9232749308,1076926.5471441164,1288862.7773117821
2008-03-31,872153.0666915447,1097089.761375181,1313270.7250559912
2008-04-30,941774.4172221163,1184667.1302537294,1418418.5770434495
2008-05-31,997630.3296249701,1254928.8216353788,1502776.7396645662
2008-06-30,901707.2672856224,1134266.2755854535,1357867.1229145208
2008-07-31,907496.2353247253,1141548.2743620216,1366634.9246844938
2008-08-31,920671.7842648722,1158121.9245557496,1386590.2259640098
2008-09-30,777265.5187549843,977729.7988882118,1169451.8984802845
2008-10-31,657010.2133460074,826459.4894049172,987005.1714049004
2008-11-30,581700.6582932196,731726.8731503497,872748.4091759394
2008-12-31,594948.2064612869,748391.0918678782,892935.3741604328
2009-01-31,581344.9104178348,731279.3744639136,878644.5282004785
2009-02-28,550737.2288035541,692777.6763092078,832144.3401177365
2009-03-31,607554.1782271485,764248.2654360161,918496.0102891953
2009-04-30,686905.1158797028,864064.5758737881,1052845.0845847512
2009-05-31,708947.1462618344,891791.4586604191,1092892.5653103115
2009-06-30,729881.6187605062,918125.1336943291,1120806.615376384
2009-07-31,791474.45796581,995603.3606786133,1206191.8703900962
2009-08-31,803110.2766439664,1010240.1693129609,1216859.686490491
2009-09-30,848469.7902337479,1067298.3393072283,1285798.0894913399
2009-10-31,822564.052052157,1034711.2611837719,1246425.9693458693
2009-11-30,874777.4319113264,1100390.9757178118,1325781.0315566494
2009-12-31,920290.3255404267,1157642.0839440965,1394952.544970861
2010-01-31,860748.0703691549,1082743.3064102512,1304458.8941857426
2010-02-28,900375.8789812526,1132591.5093856629,1364686.1237995261
2010-03-31,969803.4024569433,1219925.0613408887,1466127.5310917262
2010-04-30,991551.2405420778,1247281.876797326,1499180.3816991888
2010-05-31,918252.1322770262,1155078.2209636418,1387789.4786408385
2010-06-30,863380.5780953517,1086054.7632903003,1304379.2340330738
2010-07-31,926046.5465428602,1164882.8899071352,1399637.7670697563
2010-08-31,878541.216996192,1105125.4773074083,1327424.9198713547
2010-09-30,994270.5721682005,1250702.550299192,1506290.450862211
2010-10-31,1057285.6948310079,1329969.8813737931,1602702.3277947407
2010-11-30,1055462.5699435708,1327676.5549794908,1599930.9958162778
2010-12-31,1105671.8311585768,1390835.269325532,1676254.0893020728
2011-01-31,1136937.7282099111,1430164.9430321786,1723781.376615614
2011-02-28,1172873.0871737795,1475368.3779523305,1778406.7125650947
2011-03-31,1167615.683194774,1468755.0387380798,1770414.9332464556
2011-04-30,1201161.8360643485,1510953.0682495134,1821408.4372255201
2011-05-31,1186523.5566511364,1492539.435274163,1799156.7899977001
2011-06-30,1162490.7719560226,1462308.3634207307,1762624.5561304362
2011-07-31,1181848.6073973225,1486658.7714810935,1792050.400054772
2011-08-31,1121940.8244924175,1411300.1930827172,1700981.7516188512
2011-09-30,1071556.4993894873,1347921.2641821865,1624387.1888013089
2011-10-31,1183019.8892440307,1488132.138222304,1786568.9176330704
2011-11-30,1151172.953555577,1448071.570405332,1756835.5484109924
2011-12-31,1144102.8683386669,1439178.0419643372,1746087.1437366153
2012-01-31,1240418.0100630014,1560333.7884573305,1892511.7040866187
2012-02-29,1319929.319689731,1660351.832349468,2000705.4280702954
2012-03-31,1386626.094329217,1744250.3489840569,2102102.214998166
2012-04-30,1370409.1422320292,1723850.8884008047,2077448.146712163
2012-05-31,1273930.7078518705,1602489.7344998068,1930775.3382164435
2012-06-30,1320064.910122643,1660522.3928638655,2000913.4230202215
2012-07-31,1333232.847589402,1677086.468511746,2020932.5033898414
2012-08-31,1402363.4350974557,1764046.5018469961,2126031.0270437067
2012-09-30,1414822.0009455532,1779718.2520882876,2144971.6570119816
2012-10-31,1340130.1700615052,1685762.6770283913,2031418.4320520016
2012-11-30,1357668.2438245395,1707823.989307733,2058081.385842359
2012-12-31,1351328.7715473736,1699849.5059361574,2048443.5511140325
2013-01-31,1387430.874881742,1745262.6902095238,2109357.5507675684
2013-02-28,1392202.9146740052,1751265.4851281117,2116612.4339540587
2013-03-31,1434314.010731693,1804237.4393521922,2193306.2768117976
2013-04-30,1470706.6776373736,1850016.1263466855,2248633.675312039
2013-05-31,1523321.341453999,1916200.619844353,2307182.9371405183
2013-06-30,1486833.8851529863,1870302.6963544814,2251711.431294071
2013-07-31,1580712.5588436178,1988393.58618896,2394434.2167227184
2013-08-31,1574453.9805975757,1980520.8601999946,2384919.3643608084
2013-09-30,1650534.3743419084,2076223.1218854655,2500583.607205592
2013-10-31,1732349.7477675916,2179139.4698711447,2618214.168035833
2013-11-30,1793868.1538436012,2256524.0667035957,2711739.9702774864
2013-12-31,1846377.2305933442,2322575.7412106134,2791568.9814830185
2014-01-31,1810901.7462309187,2277950.786990728,2737635.966202882
2014-02-28,1904207.4352853412,2395320.913920371,2879487.6489617466
2014-03-31,1852154.3388948424,2329842.821508768,2800351.8600229304
2014-04-30,1846238.984995297,2322401.840738362,2791358.808117217
2014-05-31,1929054.4706219628,2426576.239515615,2917262.3421212705
2014-06-30,1989315.0364678516,2502378.586980824,3010116.8044142
2014-07-31,2012827.5858074455,2531955.2497587814,3045862.6921898834
2014-08-31,2113659.782965545,2658793.0438844757,3199156.8480779277
2014-09-30,2097667.0153112854,2638675.587076007,3174843.207326558
2014-10-31,2153087.392126437,2708389.4140377156,3259098.238182975
2014-11-30,2250973.5950613595,2831521.4135927632,3401368.137537384
2014-12-31,2200537.3172272807,2768077.132850228,3330122.4168201545
2015-01-31,2154715.362376426,2710437.2535297684,3260459.768499715
2015-02-28,2310298.1266915323,2906146.3145826026,3496990.650485926
2015-03-31,2255799.0921783475,2837591.45299614,3414136.3268881487
2015-04-30,2299163.072157903,2892139.421999469,3480062.1412040778
2015-05-31,2350858.783321183,2957167.956083959,3558654.601044874
2015-06-30,2292461.2583452663,2883709.1457127873,3469873.442353093
2015-07-31,2396946.077674565,3015141.608525935,3628720.642291481
2015-08-31,2233367.726081869,2809374.821056223,3380034.47798251
2015-09-30,2184069.452024802,2747362.0462497976,3305086.4731678185
2015-10-31,2432396.426473709,3059734.9444781383,3682617.1602476533
2015-11-30,2447206.229554665,3078364.3387308395,3705132.455434889
2015-12-31,2408178.842285175,3029271.411558086,3645799.2462115274
2016-01-31,2241763.5352508603,2819935.9904535874,3392798.487102206
2016-02-29,2206672.3417890244,2775794.439467066,3339449.342779845
2016-03-31,2357886.1203794144,2966007.711203509,3552685.899357811
2016-04-30,2282745.124059969,2871487.1266066893,3467434.735561455
2016-05-31,2382502.1563492604,2996972.4604654782,3619095.3600015957
2016-06-30,2328227.2177734994,2928699.4913218706,3536581.1663958803
2016-07-31,2494715.9843765586,3138127.3179269894,3779170.2693963
2016-08-31,2520912.0206129476,3171079.5647757873,3818996.1054531117
2016-09-30,2576713.148108509,3241272.3416937212,3903830.5641998276
2016-10-31,2539165.218852437,3194040.4390370683,3846746.4442462972
2016-11-30,2550233.717246673,3207963.6100100013,3863573.883270511
2016-12-31,2579108.6380936233,3244285.65166936,3907472.427822324
2017-01-31,2711677.8471035734,3411045.739356882,4109017.4072447205
2017-02-28,2830314.5195932873,3560279.954866576,4289380.750243067
2017-03-31,2887682.194518706,3632443.306918213,4376596.831176962
2017-04-30,2966428.1970479228,3731498.663624976,4496314.385335076
2017-05-31,3082039.928404435,3876927.7764838394,4672078.910078428
2017-06-30,3010601.1173387156,3787064.2064544098,4563470.479706634
2017-07-31,3132870.7637776267,3940868.3749634395,4749357.033300421
2017-08-31,3197833.804089233,4022586.0104514686,4848120.348859137
2017-09-30,3188390.9748018677,4010707.784340448,4833764.414712556
2017-10-31,3335260.903230822,4195456.8850281825,5057050.779050453
2017-11-30,3401025.4493912864,4278182.742460325,5157032.624017478
2017-12-31,3421536.069028851,4303983.248888851,5188214.920748866
2018-01-31,3721163.31204688,4680887.250145332,5643738.243090825
2018-02-28,3673056.322080541,4620373.003095949,5570601.182266154
2018-03-31,3523238.806329328,4431916.1038628565,5342833.600678438
2018-04-30,3541060.274717809,4454333.90097712,5369927.580543429
2018-05-31,3741941.9263521065,4707024.869653228,5675327.972137624
2018-06-30,3784788.8571743043,4760922.437530506,5740468.164610407
2018-07-31,3890627.2796896053,4894057.610857489,5901374.327114132
2018-08-31,4115531.0953584746,5176966.291555613,6243295.61667692
2018-09-30,4103940.0604656013,5162385.816877066,6225673.76537061
2018-10-31,3751177.298736896,4718642.133723943,5689368.412405104
2018-11-30,3741236.714492157,4706137.776847276,5674255.73150415
2018-12-31,3417217.0004086792,4298550.25078011,5181648.169388104
2019-01-31,3725137.209199456,4685886.053733087,5649779.761445778
2019-02-28,3836562.099159537,4826048.498384326,5759391.8069157
2019-03-31,3987130.4956110273,5015449.937698455,5988301.18386504
2019-04-30,4206394.740532409,5291264.547915248,6321648.970486328
2019-05-31,3860410.08436123,4856047.109171138,5795647.93743626
2019-06-30,4153417.4696637997,5224623.927506689,6241107.539795612
2019-07-31,4250391.888891242,5346608.985534765,6390736.365127405
2019-08-31,4169655.043543539,5245049.328429272,6267992.008403434
2019-09-30,4207925.885760463,5293190.590277568,6326175.231800019
2019-10-31,4392235.766729984,5525035.768669237,6606381.842301665
2019-11-30,4570974.75722352,5749873.270156058,6878119.018991403
2019-12-31,4748619.819681292,5973334.709007139,7148193.095116907
2020-01-31,4892903.617268413,6154830.690745336,7367547.986235731
2020-02-29,4596519.569957713,5782006.336675263,6916954.8730386775
2020-03-31,4261624.299479834,5360738.343239202,6407812.979064055
2020-04-30,4899748.987009369,6163441.547419976,7377955.111967697
2020-05-31,5223176.422256654,6570284.040221903,7795403.242067792
2020-06-30,5551539.986501567,6983335.737337777,8195090.855343813
2020-07-31,5959385.742062226,7496368.850141328,8815139.505596045
2020-08-31,6611624.579407254,8316826.379617126,9806739.40635245
2020-09-30,6229562.601442969,7836226.929539617,9225889.880472759
2020-10-31,6039879.728305549,7597623.012435133,8937514.660524368
2020-11-30,6717901.989224933,8450513.759309256,9992299.759180907
2020-12-31,7047241.5921736015,8864793.224932164,10492995.361620631
2021-01-31,7065659.233640473,8887960.95391652,10520995.735724475
2021-02-28,7056227.3790356675,8876096.532964628,10506656.469868818
2021-03-31,7177368.0492590275,9028480.55139425,10690826.853006406
2021-04-30,7601535.989961739,9562045.49844399,11351609.804594837
2021-05-31,7510225.923023046,9447185.683837213,11212790.942346418
2021-06-30,7980525.056809376,10038779.503965443,11927787.578067536
2021-07-31,8208840.936688182,10325980.253169473,12274896.629025768
2021-08-31,8555146.69082973,10761601.604150029,12801385.902243452
2021-09-30,8068944.179948698,10150002.772461073,12062211.333155181
2021-10-31,8703485.45661156,10948198.369522449,13026905.599945508
2021-11-30,8877281.945711145,11166818.650796471,13291128.721102266
2021-12-31,8979578.731957903,11295498.765674284,13446650.71286665
2022-01-31,8194132.737926406,10307478.66797064,12252535.727470364
2022-02-28,7827365.219185783,9846118.265786069,11694938.396001605
2022-03-31,8192737.1831312645,10305723.18612272,12250414.062955577
2022-04-30,7078874.167530128,8904584.146818412,10557006.077282313
2022-05-31,6966561.390348786,8763304.820260884,10386256.790426875
2022-06-30,6345986.990341908,7982678.29216558,9442796.34630335
2022-07-31,7142518.829846527,8984643.381900134,10653765.221347548
2022-08-31,6775950.9795240825,8523534.144546162,10259743.842641314
2022-09-30,6062067.70426462,7625533.48157179,9174425.728523424
2022-10-31,6304543.04877723,7930545.558018214,9543061.466504486
2022-11-30,6654074.6515472215,8370224.735127199,10121795.274753697
2022-12-31,6054301.1692327075,7615763.882185761,9261994.50059891
2023-01-31,6698655.228191795,8426303.072819108,10241607.22997942
2023-02-28,6674554.117247199,8395986.052716907,10204966.26412335
2023-03-31,7308150.863165913,9192993.51543778,11168224.629560994
2023-04-30,7345269.363714094,9239685.235577555,11224655.958155798
2023-05-31,7924355.215382019,9968122.918233553,12105041.305016898
2023-06-30,8423895.859814987,10596499.916868813,12864493.918569146
2023-07-31,8749065.7914351,11005534.312678218,13358850.398206186
2023-08-31,8619315.305732839,10842319.92424822,13161590.482372694
2023-09-30,8181466.538164724,10291545.733025188,12495928.149235241
2023-10-31,8012481.208290397,10078977.455382131,12239019.421777718
2023-11-30,8879335.981459852,11169402.442192119,13556900.432544602
2023-12-31,9375421.370996682,11793433.042340387,14356112.600110747
2024-01-31,9545979.266675172,12007979.46568828,14675921.692198085
2024-02-29,10050326.822069181,12642403.124021942,15442682.269232517
2024-03-31,10178465.799545292,12803590.38069858,15637492.207853967
2024-04-30,9733282.40380728,12243589.889900394,14960679.018711898
2024-05-31,10332057.544030903,12996794.918688828,15870998.038049791
2024-06-30,11000552.364400608,13837701.006128328,16887312.023770943
2024-07-31,10815952.539398305,13605491.104339032,16606664.547986822
2024-08-31,10935345.756940586,13755676.985173183,16788178.290638354
2024-09-30,11222027.122802677,14116296.242590284,17224020.533081084
2024-10-31,11124998.184184454,13994242.604094278,17076507.2475139
2024-11-30,11720276.294913808,14743048.685725488,17981509.726057153
2024-12-31,11773491.468578545,14809988.566357741,18062412.85888643
2025-01-31,12028199.689902749,15130388.49662789,18449646.267017823
2025-02-28,11703021.969798239,14721344.30360878,17955277.94176384
2025-03-31,10815207.677072335,13604554.13482913,16605532.132332647
2025-04-30,10966278.076745417,13794587.04884147,16835204.766777743
2025-05-31,11972792.411902264,15060691.146791592,18365410.48974188
2025-06-30,12737358.187309356,16022445.815933472,19527781.341547117
2025-07-31,13046069.63531047,16410776.926326862,19997115.962998122
2025-08-31,13170525.36771082,16567330.993468799,20186326.25769803
2025-09-30,13878603.389918348,17458029.17259177,21262818.66723559
2025-10-31,14542053.396530885,18292589.340109173,22271463.016906872
2025-11-30,14315047.398118854,18007036.30344632,21926345.351132993
2025-12-31,14219145.665606093,17886400.58839115,21780545.75861121
2026-01-31,14394134.500862459,18106520.73340536,22046581.628952183
2026-02-28,14056656.639762929,17682004.0742969,21533513.373100936
2026-03-31,13376560.517861826,16826504.59767515,20499561.901623275
2026-04-30,15475353.146179492,19466596.104217287,23690360.46155255
2026-05-31,17110864.065152552,21523921.07657476,26176830.92776098
2026-06-30,17085354.654620163,21491832.542826936,26138048.920766495
2026-07-31,15962184.400164574,20078985.837926008,24430490.974298496
2026-08-31,16504628.264920611,20761331.211545046,25255169.448557008
