,S0_bh,S1_dca,v1_hedge0,v1_hedge50,v1_hedge100,v3_hedge50
1986-10-31,1036106.6708948107,1000169.2511907902,1000000.0,1000000.0,1000000.0,1000000.0
1986-11-30,1058359.3339904184,1000593.7193172957,1000000.0,1000000.0,1000000.0,1000000.0
1986-12-31,1028420.1778314344,999399.0441577672,1000000.0,1000000.0,1000000.0,1000000.0
1987-01-31,1163931.910071064,1005713.3036331491,1000000.0,1000000.0,1000000.0,1000000.0
1987-02-28,1206908.4911573124,1008290.5084850981,1000000.0,1000000.0,1000000.0,1000000.0
1987-03-31,1238758.6434968058,1010428.4242650984,1000000.0,1000000.0,1000000.0,1000000.0
1987-04-30,1224574.5949415155,1009148.731009838,1000000.0,1000000.0,1000000.0,1000000.0
1987-05-31,1231963.918411327,1009972.8230831733,1000000.0,1000000.0,1000000.0,1000000.0
1987-06-30,1290992.8414941344,1016616.2254986288,1000000.0,1000000.0,1000000.0,1000000.0
1987-07-31,1353249.28815223,1024729.1319030358,1000000.0,1000000.0,1000000.0,1000000.0
1987-08-31,1400557.3137025514,1031228.4732079481,1000000.0,1000000.0,1000000.0,1000000.0
1987-09-30,1366711.2132991722,1026356.1854047738,1000000.0,1000000.0,1000000.0,1000000.0
1987-10-31,1069273.2858297818,976767.2110195378,945108.0428415178,945108.0428415178,945108.0428415178,1059104.4632975473
1987-11-30,978012.024131239,959792.6040850019,907118.5764252096,907118.5764252096,907118.5764252096,1011385.5317409392
1987-12-31,1049271.4264481883,973869.4963249315,936781.8379315883,936781.8379315883,936781.8379315883,1048645.8377967519
1988-01-31,1091695.852692142,983215.1562841289,954441.919394735,967708.1862926962,980974.4531906574,1087492.7193129924
1988-02-29,1137347.7377120825,994022.4990224319,973445.5001093538,986711.767007315,999978.0339052762,1111363.2985286582
1988-03-31,1099424.8540968567,984602.1814424362,957659.2827516643,970925.5496496254,984191.8165475867,1091534.0801507463
1988-04-30,1109786.6510939251,987165.6422558259,961972.6039977918,975238.8708957529,988505.1377937142,1096952.0841592804
1988-05-31,1113311.4738613793,988528.5370514351,963439.887417453,976706.1543154141,989972.4212133754,1098795.1528749522
1988-06-30,1161468.888646861,1002335.601083377,983486.4488789027,996850.3178671384,1010214.1868553741,1124098.4290846228
1988-07-31,1155183.7452630377,1000616.7351096061,980870.1225312555,994233.9915194912,1007597.8605077269,1120812.0365739993
1988-08-31,1110593.531987747,986524.3505432124,962308.4855541859,975672.3545424216,989036.2235306574,1097496.587107535
1988-09-30,1154716.6719027208,1001183.830730079,980675.6931818746,994039.5621701103,1007403.431158346,1120567.8120114845
1988-10-31,1184698.2716037424,1011496.1724051298,993156.1800144091,1006520.0490026448,1019883.9179908806,1136244.6707077469
1988-11-30,1162318.2778820216,1003740.9829535906,992308.6156699377,1005672.4846581734,1019036.3536464091,1124542.5599899287
1988-12-31,1179389.9128804936,1010167.7595419553,1003211.3279339398,1016575.1969221755,1029939.0659104112,1133469.0219617393
1989-01-31,1263261.9807078263,1043218.6997470382,1056775.794523703,1064990.824724497,1073205.8549252914,1173108.7235289994
1989-02-28,1226697.938430815,1028375.484017994,1033424.3561763655,1047801.5107337678,1062178.6652911701,1159035.1834827878
1989-03-31,1252220.5686437483,1039060.9126236382,1049724.253254592,1064101.4078119944,1078478.5623693967,1172380.5243383485
1989-04-30,1314944.2182607623,1066129.5376615468,1089782.390860252,1104159.5454176546,1118536.6999750568,1205177.6332906866
1989-05-31,1361148.0637250955,1086641.4056238714,1119290.2401455217,1140475.5282050637,1161660.816264606,1234910.8988736982
1989-06-30,1350361.5721104469,1081420.2786351435,1112401.5025159325,1137880.3761568572,1163359.249797782,1232786.149957241
1989-07-31,1469693.372530201,1137447.5756231188,1188612.1457283935,1214091.0193693181,1239569.8930102428,1295182.679555604
1989-08-31,1492498.1904681036,1148515.2583914394,1203176.3259157138,1228655.1995566385,1254134.0731975632,1307106.923490937
1989-09-30,1482730.7326581648,1143781.4589480408,1196938.3890067958,1222417.2626477205,1247896.1362886452,1301999.6891393657
1989-10-31,1445402.31782867,1125011.0160485972,1173098.7880433425,1198577.6616842672,1224056.535325192,1282481.3081832782
1989-11-30,1469311.1862539593,1137432.1041718312,1188368.0644203357,1213846.9380612604,1239325.811702185,1294982.8409776748
1989-12-31,1500779.152317211,1153976.7992698676,1208464.9197919345,1233943.7934328592,1259422.667073784,1311436.8948757916
1990-01-31,1397499.6938940159,1098455.8402273438,1143589.1017503468,1169067.9753912715,1194546.8490321962,1257433.8566098998
1990-02-28,1409433.003534593,1105011.30840537,1152286.8776431163,1177765.751284041,1203244.6249249657,1263673.577334598
1990-03-31,1443618.7818728753,1124049.6343550903,1177203.7068935048,1202682.5805344295,1228161.4541753542,1281548.7281529426
1990-04-30,1404804.0006811505,1101703.1388219374,1148912.9578640359,1174391.8315049605,1199870.7051458852,1261253.1519950007
1990-05-31,1534030.783934859,1177008.687221092,1243101.8823064512,1262194.432890096,1281286.9834737405,1324242.095179969
1990-06-30,1520398.8254225627,1168880.8131194403,1233166.0201114137,1252258.5706950584,1271351.121278703,1317114.1804095206
1990-07-31,1512457.5415083587,1163924.034287781,1227377.8934418652,1246470.44402551,1265562.9946091545,1312961.820727871
1990-08-31,1369811.341449046,1076307.67204133,1121159.5544113053,1140252.1049949501,1159344.6555785947,1250862.9694649882
1990-09-30,1299698.497960822,1032028.9813951047,1067017.5035778605,1086110.0541615053,1105202.6047451498,1200945.7107121325
1990-10-31,1290992.8414941344,1026318.9727488391,1060079.7129443754,1079172.2635280201,1098264.8141116647,1193886.9891232543
1990-11-30,1368367.4834281546,1076906.1103591453,1121741.8136869483,1140834.364270593,1159926.9148542376,1256623.9070732458
1990-12-31,1402340.9792569478,1099502.7373271172,1148816.2798170636,1168477.7922339982,1188139.3046509326,1284749.1809629055
1991-01-31,1460563.0214459333,1139606.468951525,1195215.1172288987,1214876.6296458333,1234538.1420627676,1331956.7853199774
1991-02-28,1558831.4203380458,1207302.942373796,1273528.0600850848,1269970.393553636,1266412.727022187,1388010.8753398727
1991-03-31,1593441.8932939083,1231516.0140293327,1301110.1517989612,1297552.4852675125,1293994.8187360635,1416073.7438426302
1991-04-30,1593951.474995564,1231691.6338656677,1301516.2522659702,1297958.5857345215,1294400.9192030726,1416486.9229489432
1991-05-31,1655485.9278439127,1276357.4015397832,1350554.8459942557,1346997.179462807,1343439.512931358,1466380.296578206
1991-06-30,1576200.354528684,1218274.4679525355,1287369.8685003992,1283812.2019689505,1280254.5354375015,1402093.9569795404
1991-07-31,1646907.6668026391,1270825.140641229,1343718.580477523,1340160.9139460742,1336603.2474146252,1459424.869765906
1991-08-31,1679267.4008437882,1295304.898608384,1369506.9929415148,1365949.326410066,1362391.6598786172,1485662.7938283433
1991-09-30,1647119.9493121284,1270917.8517509683,1343887.7545784793,1340330.0880470306,1336772.4215155817,1459596.9926998175
1991-10-31,1666612.356590668,1286023.687284749,1359421.8204078178,1355864.1538763691,1352306.4873449202,1475401.8290843833
1991-11-30,1593441.8932939083,1229562.4780316702,1301110.1517989612,1297552.4852675125,1293994.8187360635,1416073.7438426302
1991-12-31,1771250.6563520776,1366766.7176350432,1442811.1223825086,1435602.5458299117,1428393.9692773144,1556530.121718108
1992-01-31,1735960.697927807,1339535.5968063544,1414687.528952323,1410579.7970144905,1406472.0650766576,1531071.2074026493
1992-02-29,1752607.7679073003,1352381.1311820324,1427954.0627996717,1423846.3308618392,1419738.5989240063,1544568.9870020926
1992-03-31,1714345.0767585696,1322856.1327851715,1397461.412270744,1393353.6803329117,1389245.9483950788,1513544.8264354982
1992-04-30,1762162.8136091481,1359754.1805039528,1436370.5045451913,1432262.7726073589,1428155.040669526,1552316.41048893
1992-05-31,1763861.4624808675,1361064.9248271736,1437740.0418715142,1433632.3099336817,1429524.5779958488,1553693.709203692
1992-06-30,1733242.8856527763,1337438.4258898778,1413053.7841386173,1408946.052200785,1404838.320262952,1528867.5504752614
1992-07-31,1801487.046903927,1390098.306599868,1468075.7063811184,1463967.974443286,1459860.242505453,1584201.2908062388
1992-08-31,1758255.8045654523,1356739.378557502,1433220.4746545483,1429112.742716716,1425005.010778883,1549148.5288719365
1992-09-30,1774265.7678192744,1369093.2963090134,1446128.5233008673,1442020.7913630349,1437913.059425202,1562129.7295073322
1992-10-31,1778002.8730962179,1371976.9938221278,1449141.568112178,1445033.8361743456,1440926.1042365127,1565159.8497285026
1992-11-30,1831808.4541384536,1413495.4977830518,1492522.370836434,1488414.6388986015,1484306.9069607686,1608786.4984434245
1992-12-31,1850323.947157817,1427782.7809119055,1507450.5053246545,1503342.773386822,1499235.0414489892,1623799.2330722965
1993-01-31,1863361.3072857808,1437842.9210986262,1517961.8897721586,1513854.1578343261,1509746.4258964933,1634370.1872271476
1993-02-28,1882896.093307057,1452916.7308241175,1533711.830247373,1529604.0983095407,1525496.3663717078,1650209.385149802
1993-03-31,1918101.1646472523,1480082.3494378286,1562095.953699242,1557988.2217614097,1553880.4898235768,1678754.3659973622
1993-04-30,1869349.1514774377,1442463.3773407687,1522789.595050872,1518681.8631130396,1514574.1311752067,1639225.251888638
1993-05-31,1911816.021263429,1475232.4854381927,1557028.5506539468,1552920.8187161144,1548813.0867782815,1673658.2451634707
1993-06-30,1913259.8792843204,1476346.6231130993,1558192.6626057716,1554084.9306679391,1549977.1987301062,1674828.9543250762
1993-07-31,1903067.856455403,1468482.0571703939,1549975.3341588336,1545867.6022210012,1541759.8702831683,1666565.0569553475
1993-08-31,1968594.205431523,1519044.7669639073,1602806.017577018,1598698.2856391855,1594590.5537013526,1719695.140358937
1993-09-30,1948932.0239848327,1503872.653914259,1586953.3644145543,1582845.632476722,1578737.900538889,1703752.6476597046
1993-10-31,1986727.5121746447,1533037.14012029,1617426.0140034908,1613318.2820656584,1609210.5501278255,1734397.9906580744
1993-11-30,1961077.6161348992,1513244.6708318808,1596745.7600513138,1592638.0281134814,1588530.2961756485,1713600.5383785078
1993-12-31,1980867.1930070033,1528515.087205686,1612701.1259010267,1608593.3939631942,1604485.6620253613,1729646.3258543187
1994-01-31,2045246.8535557967,1578192.9670784047,1664607.290644968,1660499.5587071355,1656391.8267693026,1781846.6511875477
1994-02-28,1983797.4173901249,1530776.1636646788,1615063.6221967589,1610955.8902589264,1606848.1583210935,1732022.2107967746
1994-03-31,1893045.6077946362,1460748.4956576433,1541894.835736672,1537787.1037988395,1533679.3718610066,1658438.8159002857
1994-04-30,1914873.6410719643,1477591.8652213423,1559583.7916375455,1555476.059699713,1551368.3277618801,1676137.4248825049
1994-05-31,1938612.6057305012,1495909.7846473965,1578821.3241097631,1574713.5921719307,1570605.8602340978,1695385.4555133977
1994-06-30,1886675.5773267373,1455833.1294430296,1536732.703784504,1532624.9718466715,1528517.2399088386,1653273.8669090609
1994-07-31,1946086.8162843883,1501677.1796736254,1584878.2592079367,1580770.5272701043,1576662.7953322714,1701445.6959557382
1994-08-31,2019257.1499825462,1558138.2889233225,1644173.8810165788,1640066.1490787463,1635958.4171409134,1760773.676116335
1994-09-30,1964984.4955799934,1516259.37277495,1600192.520985062,1596084.7890472296,1591977.0571093967,1716768.314914345
1994-10-31,2005922.6202610177,1547848.8409824898,1633367.8727424394,1629260.140804607,1625152.408866774,1749961.7708702388
1994-11-30,1926679.425688526,1486701.673272291,1569150.9386546095,1565043.206716777,1560935.4747789442,1685709.7928096622
1994-12-31,1950375.8820057244,1504986.7915891656,1588354.0233061828,1584246.2913683504,1580138.5594305175,1704923.35682131
1995-01-31,1997726.5454959858,1541524.4271204986,1626725.9548363723,1622618.2228985399,1618510.490960707,1743316.2283876736
1995-02-28,2069792.8287067572,1597133.6075619622,1685126.8785228522,1681019.1465850198,1676911.4146471869,1801749.022178311
1995-03-31,2126358.6007667603,1640781.9835451609,1730966.5304399822,1726858.7985021498,1722751.0665643169,1847613.6893587096
1995-04-30,2185812.3480657497,1686658.834884936,1779146.5336840593,1775038.8017462268,1770931.069808394,1895819.9850246317
1995-05-31,2265182.9380636555,1747904.3059192917,1843466.7062099788,1839358.9742721464,1835251.2423343135,1960175.2578617865
1995-06-30,2313382.7315918743,1785097.1636071627,1882526.7539623077,1878419.0220244753,1874311.2900866424,1999256.6211637969
1995-07-31,2386892.872823537,1841820.4817235328,1942097.7482884177,1937990.0163505853,1933882.2844127524,2058860.1241160398
1995-08-31,2386128.5002710535,1841230.6617785909,1941478.31765988,1937370.5857220476,1933262.8537842147,2058240.3554565704
1995-09-30,2481806.223116346,1915059.3583185698,2019013.4303566448,2014905.6984188124,2010797.9664809795,2135817.780020366
1995-10-31,2469448.478055392,1905523.6358651954,2008998.9867904212,2004891.2548525888,2000783.5229147559,2125797.8714488074
1995-11-30,2570816.8754987773,1983743.4808932052,2091145.6964521047,2087037.9645142723,2082930.2325764394,2207989.409582848
1995-12-31,2615661.8796248958,2018347.6510438144,2127487.0969934594,2123379.3650556267,2119271.6331177945,2244350.642074579
1996-01-31,2700977.9350717217,2084180.8772145149,2196625.3433604767,2192517.611422644,2188409.879484812,2313526.618035136
1996-02-29,2719705.7106005745,2098631.9658825025,2211801.918878868,2208174.30380885,2204546.6887388313,2329191.8544714283
1996-03-31,2741236.444685736,2115245.927688708,2229249.950082918,2225622.3350128997,2221994.7199428813,2346649.407281246
1996-04-30,2778055.148214974,2143656.688407281,2259087.0139530962,2255459.398883078,2251831.7838130593,2376502.7536050784
1996-05-31,2841543.1703844713,2192646.545014282,2310536.3044192404,2306908.689349222,2303281.0742792035,2427980.120583416
1996-06-30,2847955.7091937084,2197594.7123380755,2315732.8841920528,2312105.2691220343,2308477.654052016,2433179.536193886
1996-07-31,2717667.383793952,2097059.1126959908,2210220.1017046766,2206592.486634658,2202964.8715646397,2327539.138046176
1996-08-31,2768797.401705292,2136513.046842854,2251729.5474258135,2248101.932355795,2244474.3172857766,2368996.3862906424
1996-09-30,2918875.4335757545,2252319.1628621262,2373569.0493924315,2369941.434322413,2366313.8192523946,2490682.676995319
1996-10-31,2995061.008339711,2311106.950789175,2435419.623860872,2431792.0087908534,2428164.393720835,2552455.4753368613
1996-11-30,3214827.059482216,2480687.085193344,2613834.718239805,2610207.1031697867,2606579.4880997683,2730646.215534121
1996-12-31,3145690.8710559644,2427338.8812074913,2557707.1247423417,2554079.5096723232,2550451.894602305,2674589.201604783
1997-01-31,3338575.32104872,2576176.114184097,2714298.6327153863,2710671.017645368,2707043.4025753494,2830983.7982136263
1997-02-28,3358365.027519426,2591446.6305612843,2730364.728135251,2726737.1130652325,2723109.497995214,2847029.6907705935
1997-03-31,3215251.6245011943,2481014.696271613,2614179.397536436,2610551.7824664176,2606924.167396399,2730990.4614019445
1997-04-30,3403040.2574773934,2625919.7962819384,2766633.9122422305,2763006.297172212,2759378.6821021936,2883253.2669476573
1997-05-31,3602379.754620725,2779737.9976915168,2928465.8922563535,2924838.277186335,2921210.6621163166,3044881.7457862147
1997-06-30,3758912.57444456,2900524.8821369978,3055545.655837129,3051918.0407671104,3048290.425697092,3171801.7085582935
1997-07-31,4052655.8401790443,3127188.7468449855,3294018.4873174136,3290390.872247395,3286763.2571773767,3409974.664194864
1997-08-31,3819767.412225899,2947482.870035737,3104950.1092080087,3101322.4941379903,3097694.879067972,3221144.036604264
1997-09-30,4022801.7655020384,3104152.1678560134,3269781.7249812693,3266154.109911251,3262526.4948412324,3385768.3792070593
1997-10-31,3884104.823630557,2997128.1488060392,3157181.8586897114,3153554.243619693,3149926.6285496745,3273310.1054805606
1997-11-30,4057284.8430324867,3130760.6676305807,3297776.501699907,3294148.8866298883,3290521.27155987,3413727.9529332384
1997-12-31,4121112.413538286,3180012.5330974916,3349594.341427963,3345966.726357945,3342339.1112879263,3465480.6325409096
1998-01-31,4162942.4357958096,3212290.224577512,3383553.669222908,3379926.0541528896,3376298.439082871,3499397.2570140073
1998-02-28,4456218.368972774,3438593.4770912877,3621647.100964594,3618019.4858945757,3614391.8708245573,3737191.2900011973
1998-03-31,4678787.378671587,3610336.484633674,3802337.752067436,3798710.1369974175,3795082.521927399,3917654.725445491
1998-04-30,4721254.248457579,3643105.592731098,3836814.0988073265,3833186.483737308,3829558.8686672896,3952087.718720324
1998-05-31,4632370.86190196,3574519.673477238,3764654.919905045,3761027.3048350266,3757399.689765008,3880019.2788532637
1998-06-30,4815063.4186644,3715492.44051452,3912972.2309166687,3909344.61584665,3905717.0007766318,4028150.0831735344
1998-07-31,4759134.882928669,3672335.7811588696,3867567.151606692,3863939.5365366735,3860311.921466655,3982802.1000383394
1998-08-31,4065268.6352880294,3136921.275953437,3304258.07172116,3300630.4566511414,3297002.841581123,3420201.372481892
1998-09-30,4318923.165576651,3332651.094617186,3510306.0522066103,3506678.437136592,3503050.8220665734,3625869.574060528
1998-10-31,4665707.769399489,3600243.743344537,3792006.544039647,3788378.9289696286,3784751.31389961,3907049.5148337074
1998-11-30,4941572.389643078,3813111.741541074,4016097.2284163195,3981802.07381829,3947506.9192202613,4100115.2353044534
1998-12-31,5220154.9517602995,4028077.0106574697,4242395.754646799,4208100.600048769,4173805.4454507404,4325995.587122431
1999-01-31,5434230.587501915,4193266.1965803714,4416293.935861012,4381998.781262983,4347703.626664953,4499572.423911758
1999-02-28,5258799.69958667,4057896.81902342,4273787.703278445,4239492.548680415,4205197.394082386,4357329.526937603
1999-03-31,5462810.707924782,4215319.742327774,4439510.174099438,4405215.019501409,4370919.864903379,4522745.76113378
1999-04-30,5670091.7481795205,4375265.950957793,4607888.961230523,4573593.806632494,4539298.652034464,4690813.403064059
1999-05-31,5528506.831069053,4266013.456551242,4492876.528883514,4458581.374285485,4424286.219687455,4576013.500852036
1999-06-30,5829469.516506597,4498248.109637144,4737354.904153196,4703059.749555167,4668764.5949571375,4820040.107377791
1999-07-31,5642657.797789574,4354096.835117659,4585603.781229513,4551308.626631483,4517013.472033454,4668569.403587772
1999-08-31,5607368.098562507,4326865.914295733,4556937.209763198,4522642.055165169,4488346.9005671395,4639955.804745191
1999-09-30,5447267.688432676,4203326.136760329,4426884.249570984,4392589.094972955,4358293.940374926,4510143.167904296
1999-10-31,5787937.311835647,4466200.225928144,4703617.413060038,4669322.258462009,4635027.10386398,4786364.959401719
1999-11-30,5898266.156596547,4551334.304763087,4793239.874639659,4758944.72004163,4724649.5654436005,4875821.808677795
1999-12-31,6239444.843306767,4814601.207214003,5070386.561054603,5036091.406456574,5001796.251858545,5152456.358956907
2000-01-31,5921834.958291128,4569520.919749041,4812385.312343897,4778090.157745868,4743795.003147839,4894931.8677505525
2000-02-29,5802758.207919405,4477636.612653063,4715656.7414217265,4681361.586823697,4647066.432225668,4798382.040428666
2000-03-31,6363999.985767093,4910712.857258878,5171565.346112006,5137270.191513977,5102975.036915948,5253448.176915126
2000-04-30,6168015.796420269,4759483.743400088,5012363.230672348,4978068.076074319,4943772.92147629,5094540.249211472
2000-05-31,6032843.4181190375,4655179.416317331,4902559.839662664,4868264.685064634,4833969.530466605,4984939.76260992
2000-06-30,6177230.775391408,4766594.383848572,5019848.753615944,4985553.599017914,4951258.444419885,5102011.939744351
2000-07-31,6076286.942967002,4688702.149898831,4937849.936690398,4903554.782092368,4869259.627494339,5020164.647478134
2000-08-31,6445112.121773861,4973302.173735779,5237454.455244452,5203159.300646422,5168864.146048393,5319215.530329756
2000-09-30,6100408.353098984,4707315.179304119,4957444.269953696,4923149.115355667,4888853.960757637,5039722.772601075
2000-10-31,6070214.470888473,4684016.3914484745,4932917.138774035,4898621.984176005,4864326.829577976,5015240.964821623
2000-11-30,5584180.835151159,4308973.709265342,4538101.70370199,4503806.54910396,4469511.394505931,4621155.104596387
2000-12-31,5606816.008519513,4326439.8998899255,4556488.735306913,4522193.580708884,4487898.426110854,4639508.159019633
2001-01-31,5801016.921107746,4476292.9672172805,4714242.257197631,4679947.102599601,4645651.948001572,4796970.170013503
2001-02-28,5265636.803414886,4063172.5974254822,4279341.627789194,4245046.473191164,4210751.318593135,4362873.188415896
2001-03-31,4927558.115255938,3802297.775863514,4004749.9847731716,3970454.8301751423,3936159.6755771134,4088752.179393909
2001-04-30,5306065.346394255,4094368.852336394,4312297.284413916,4278002.129815887,4243706.975217857,4395653.465265477
2001-05-31,5333074.213370817,4115209.9570847326,4334242.714835461,4303637.6552361855,4273032.59563691,4421235.1423755465
2001-06-30,5199558.623592975,4012184.0732329246,4225757.709218458,4195152.649619183,4164547.5900199073,4312978.013275293
2001-07-31,5143714.586145516,3969092.6160821067,4180382.927694861,4149777.868095585,4119172.80849631,4267698.543053962
2001-08-31,4813959.238578412,3714640.411702905,3912447.8439149214,3881842.7843156457,3851237.7247163705,4000326.2662099604
2001-09-30,4420546.09467366,3411067.3462867467,3592789.8648145166,3562184.805215241,3531579.7456159657,3684886.2758988193
2001-10-31,4500554.05059444,3472804.6339520323,3657807.3311176696,3627202.271518394,3596597.2119191187,3750953.735476127
2001-11-30,4838887.270407013,3733875.8621555516,3932749.5973615665,3902144.537762291,3871539.4781630156,4030336.1552164843
2001-12-31,4875536.199768099,3762155.6184441694,3962531.8921641037,3931926.832564828,3901321.7729655528,4060599.4163040775
2002-01-31,4799605.41585497,3703564.4371654345,3900827.68878048,3870222.6291812044,3839617.569581929,3997898.726864879
2002-02-28,4699935.796881907,3626655.436464027,3819832.417517136,3789227.35791786,3758622.298318585,3915595.4303138633
2002-03-31,4872606.234582181,3759894.74199194,3960150.892542848,3929545.832943572,3898940.773344297,4058179.964960073
2002-04-30,4573342.3276149575,3528970.93323264,3716957.8155161454,3686352.7559168697,3655747.6963175945,3811059.4648927925
2002-05-31,4531809.604549601,3496922.649510113,3683206.7667447734,3652601.7071454977,3621996.6475462224,3776763.356828578
2002-06-30,4203455.736260652,3243551.88170002,3416374.0959023256,3385769.03630305,3355163.9767037746,3505621.4976150705
2002-07-31,3871364.7626947598,2987297.4163768124,3146495.0044284374,3115889.9448291617,3085284.8852298865,3233730.877177159
2002-08-31,3890262.5715889665,3001879.7094815187,3161853.2181855943,3131248.1585863186,3100643.0989870434,3249499.9067355157
2002-09-30,3462239.0843269536,2671599.9409700176,2813999.3348463024,2783394.2752470267,2752789.2156477515,2892341.3038471793
2002-10-31,3761545.499635515,2902556.550838497,3057262.155917069,3026657.0963177932,2996052.036718518,3144277.321404612
2002-11-30,3976215.4745642603,3068204.3522696225,3231731.9810445295,3201126.921445254,3170521.8618459785,3324422.2106750025
2002-12-31,3736320.168614748,2883091.692628357,3036760.643800918,3006155.5842016423,2975550.524602367,3123108.9467166597
2003-01-31,3633890.0994267133,2804052.6198979113,2953512.6917089466,2922907.632109671,2892302.5725103957,3037152.5688954866
2003-02-28,3572100.8557275366,2756373.6076175123,2903293.3567353156,2872688.29713604,2842083.2375367647,2985300.8068221738
2003-03-31,3601954.930404543,2779410.1866064845,2927557.3173662554,2896952.2577669797,2866347.1981677045,3010353.490499732
2003-04-30,3893872.1518418943,3004665.0036670943,3164813.639830829,3134208.5802315534,3103603.520632278,3255322.0546848583
2003-05-31,4092065.219755102,3157598.5751626412,3325895.463642141,3290032.381349058,3254169.299055975,3416211.0562048214
2003-06-30,4138396.460644849,3193349.584093955,3363551.2750211237,3293177.312139724,3222803.3492583246,3419458.2159527615
2003-07-31,4205536.571408613,3245157.5359957116,3418119.5382131375,3347745.5753317378,3277371.6124503384,3475800.27227971
2003-08-31,4280702.982769258,3303158.8973295046,3479211.193732726,3408837.230851326,3338463.267969927,3538877.769987113
2003-09-30,4229572.705660715,3263704.7631758777,3437654.9557908988,3367280.992909499,3296907.0300280997,3495970.7071286933
2003-10-31,4462036.309397678,3443082.828900094,3626590.228118881,3556216.2652374813,3485842.302356082,3691047.499626067
2003-11-30,4493843.953395833,3467626.8588639824,3652441.9562358675,3582067.9933544677,3511694.0304730684,3717739.562677277
2003-12-31,4721976.371865927,3643662.8115736237,3837857.0488249827,3762314.7984982855,3686772.5481715887,3903845.4611265385
2004-01-31,4803555.062838607,3706612.1402244465,3904160.2977951895,3827658.5984650753,3751156.899134961,3971313.3232681453
2004-02-29,4862201.540447969,3751866.070499955,3951825.343161773,3875323.6438316586,3798821.9445015443,4020527.766128838
2004-03-31,4782661.176281912,3690489.5950356442,3887178.7484983555,3810677.049168241,3734175.3498381274,3953779.7726100567
2004-04-30,4702356.698760576,3628523.499633155,3821911.1191329523,3745409.419802838,3668907.720472724,3886390.5570674567
2004-05-31,4759177.391270008,3672368.5822680495,3868092.2539022537,3791590.5545721394,3715088.855242025,3934072.8534099064
2004-06-30,4844790.227514594,3738430.8161827167,3937674.262744138,3861172.5634140237,3784670.8640839094,4005916.6914246273
2004-07-31,4678659.853647572,3610238.0813061353,3802651.4595012222,3726149.760171108,3649648.060840994,3866504.843938005
2004-08-31,4689361.5877767475,3618495.9605488507,3811349.315937988,3734847.6166078737,3658345.91727776,3875485.432445277
2004-09-30,4733272.185985028,3652379.1063177995,3847037.744996128,3770536.045666014,3694034.3463359,3912333.9477285766
2004-10-31,4799605.41585497,3703564.4371654345,3900950.2140811943,3824448.51475108,3747946.8154209657,3967998.892739328
2004-11-30,4984845.881125688,3846503.2706858567,4051504.7834394434,3978399.5442767893,3905294.305114136,4126954.2464512032
2004-12-31,5146645.06972584,3971353.892547863,4183007.406943492,4109902.167780838,4036796.9286181848,4262731.487418824
2005-01-31,5016484.010152895,3870916.4962265533,4077218.7379149445,4004113.4987522904,3931008.259589637,4153504.0573980785
2005-02-28,5111312.343763027,3944089.770603231,4154290.6612054044,4081185.4220427503,4008080.182880097,4233081.276632222
2005-03-31,5013596.034913909,3868688.020869977,4074871.530096246,4001766.290933592,3928661.0517709386,4151080.5513636856
2005-04-30,4912779.727513518,3790894.1902477746,3992932.8687850013,3919827.629622347,3846722.390459694,4066478.3961749063
2005-05-31,5059927.53500086,3904439.2298080535,4112527.552138289,4039422.312975635,3966317.0738129816,4189960.6181064383
2005-06-30,5059205.411592511,3903882.010965528,4111940.644852084,4038835.40568943,3965730.1665267767,4189354.632842409
2005-07-31,5241176.363341009,4044297.9591738107,4259837.9103667615,4186732.6712041073,4113627.432041454,4342059.439204088
2005-08-31,5182359.333971886,3998912.424448057,4212034.248706452,4138929.0095437975,4065823.7703811442,4292701.87419561
2005-09-30,5218371.675001708,4026700.964126035,4241303.352988843,4168198.1138261887,4095092.8746635355,4322922.398464727
2005-10-31,5125793.691510485,3955264.14846824,4166060.4063885594,4092955.167225905,4019849.928063252,4245233.6085422505
2005-11-30,5306150.363076932,4094434.4545547534,4312645.662363221,4239540.423200567,4166435.184037913,4396583.757249811
2005-12-31,5301097.054401713,4090535.122697653,4308538.575338149,4235433.336175496,4162328.0970128416,4392343.165466781
2006-01-31,5436098.880943184,4194707.845330166,4418261.587682261,4345156.348519607,4272051.109356953,4505632.828362982
2006-02-28,5438562.291163191,4196608.709608473,4420263.729408066,4347158.490245412,4274053.2510827575,4507700.051603951
2006-03-31,5498907.547242875,4243173.484210584,4469309.460472347,4396204.2213096935,4323098.982147039,4558340.060660067
2006-04-30,5565750.358814472,4294752.028354847,4523636.093134111,4450530.853971457,4377425.6148088025,4614432.632027273
2006-05-31,5393674.519498531,4161971.538341921,4383781.100612312,4310675.861449658,4237570.622287003,4470031.520367531
2006-06-30,5394141.592858848,4162331.950529369,4384160.715447107,4311055.476284454,4237950.237121799,4470423.474942471
2006-07-31,5421575.543248795,4183501.0663695033,4406457.715083325,4333352.475920672,4260247.236758017,4493445.259693164
2006-08-31,5536915.188343574,4272501.6759523675,4500200.248993506,4427095.009830852,4353989.770668197,4590234.983551761
2006-09-30,5672936.696682762,4377461.225191663,4610752.009817133,4537646.770654479,4464541.531491824,4704380.334182598
2006-10-31,5851679.606461565,4515386.289169933,4756025.6775779,4682920.438415246,4609815.1992525915,4854376.260257764
2006-11-30,5948037.203571071,4589739.603450022,4834340.512924572,4761235.273761919,4688130.034599264,4935236.793582997
2006-12-31,6023076.349104904,4647642.761463039,4895328.732881516,4822223.4937188625,4749118.254556208,4998207.493456718
2007-01-31,6107755.038628856,4712984.17100281,4964151.512053809,4891046.272891155,4817941.033728501,5069267.42232156
2007-02-28,5974323.947139285,4610023.489355834,4855705.11785557,4782599.878692917,4709494.639530262,4957295.875254511
2007-03-31,6033947.598205026,4656031.445128946,4904164.362959768,4831059.123797114,4757953.884634459,5007330.3340683235
2007-04-30,6295161.355730211,4857594.261037283,5116466.381944552,5043361.142781898,4970255.903619244,5226533.43147818
2007-05-31,6500064.002447619,5015705.207607353,5283001.4297367325,5209896.190574079,5136790.951411424,5398481.858902041
2007-06-30,6384256.7655981155,4926343.785823514,5188878.859665636,5115773.620502982,5042668.381340328,5301299.745446778
2007-07-31,6180076.242289056,4768790.058095969,5022930.71915966,4949825.479997006,4876720.240834352,5129957.303286946
2007-08-31,6259574.098113774,4830133.7324511,5087542.7650811765,5014437.525918523,4941332.286755868,5196669.625024213
2007-09-30,6483629.344576216,5003023.5787741905,5269644.127730591,5199469.69057489,5129295.25341919,5387716.435634307
2007-10-31,6579731.891637691,5077180.086399202,5347751.670625855,5285641.807043942,5223531.943462027,5476689.658454822
2007-11-30,6289938.013689639,4853563.724743463,5112221.0999518735,5050111.23636996,4988001.372788046,5233502.943258544
2007-12-31,6235665.229688485,4811684.708591709,5068110.783066059,5006000.919484146,4943891.0559022315,5187958.778698367
2008-01-31,5854270.541705589,4517385.556775779,4758132.471283647,4696022.607701734,4633912.744119819,4867903.289532733
2008-02-29,5650769.115069132,4360355.846768054,4592735.172207222,4530625.308625309,4468515.445043394,4697130.725833691
2008-03-31,5617092.659235302,4334369.768040845,4565364.952479771,4503255.088897858,4441145.225315943,4668870.409460997
2008-04-30,5884166.86552673,4540454.736867167,4782432.253992161,4720322.390410247,4658212.526828333,4892991.4274809435
2008-05-31,5946975.531826422,4588920.375747586,4833480.6419835845,4771370.778401671,4709260.9148197565,4945698.659778029
2008-06-30,5435759.332606882,4194445.836470256,4417984.405467401,4355874.541885488,4293764.678303573,4516700.679822043
2008-07-31,5382166.163672738,4153091.2380518476,4374425.932544052,4312316.068962138,4250206.205380224,4471726.828744381
2008-08-31,5447777.270134332,4203719.350056957,4427752.1243165545,4365642.260734641,4303532.397152727,4526785.788491103
2008-09-30,4953165.762151549,3822057.6440495066,4025751.0323459394,3963641.1687640254,3901531.3051821124,4111721.9894339936
2008-10-31,4113978.010517904,3174507.3469379363,3343690.726179948,3281580.862598034,3219470.999016121,3406839.7706576367
2008-11-30,3806050.696228129,2936898.512122433,3093418.962974991,3031309.099393077,2969199.235811164,3147900.6312513077
2008-12-31,3835820.013419661,2959869.6888998095,3117614.5444971253,3055504.6809152113,2993394.8173332983,3172933.9459868604
2009-01-31,3507253.862621223,2706335.115550582,2850568.129314772,2827327.1249463945,2804086.120578017,2936854.3366850405
2009-02-28,3121697.245145201,2408824.455136505,2537201.957873615,2513960.9535052376,2490719.94913686,2612583.6602456723
2009-03-31,3388304.1188791087,2614548.811768615,2753890.244611249,2730649.2402428715,2707408.235874494,2837105.1763238716
2009-04-30,3706550.8514232156,2860120.5158509808,3012549.514228055,3085824.0721695935,3159098.6301111327,3205119.492822491
2009-05-31,3903299.93171693,3011939.8496682392,3172459.9491277984,3264512.0186064793,3356564.0880851606,3390266.9654566995
2009-06-30,3904064.3042694135,3012529.669613181,3173081.2030981374,3281428.607377995,3389776.0116578513,3407795.084835163
2009-07-31,4193518.3746839603,3235883.8224022468,3408338.8531689416,3489408.496132302,3570478.1390956626,3623293.396441788
2009-08-31,4334253.643362064,3344480.694638733,3522723.316803798,3577738.502291415,3632753.6877790317,3714816.5110347476
2009-09-30,4489087.684715578,3463956.734757612,3648566.745668438,3703581.9311560546,3758597.116643671,3845209.1495227637
2009-10-31,4400374.331525314,3395502.0199404703,3576463.7865649336,3631478.9720525504,3686494.1575401668,3770499.68582552
2009-11-30,4652797.675098337,3590281.8064785916,3781624.2202978437,3836639.4057854605,3891654.591273077,3983076.619791253
2009-12-31,4735480.546157005,3654083.16394103,3848825.824747597,3903841.0102352137,3958856.1957228305,4052707.5460453094
2010-01-31,4560389.724972468,3518976.195257515,3706518.428338044,3761533.6138256607,3816548.799313277,3905255.7715536854
2010-02-28,4690423.259521397,3619315.1882512863,3812204.915056195,3867220.100543812,3922235.2860314287,4014762.7992947306
2010-03-31,4966203.381476715,3832117.9842429906,4036348.881435835,4085846.827332487,4135344.773229139,4241292.829564624
2010-04-30,5039500.721804483,3888677.0968067,4095922.270807262,4145420.2167039146,4194918.162600567,4303019.782603783
2010-05-31,4626383.406506108,3569899.5172452405,3760155.681422718,3809653.62731937,3859151.573216022,3955115.3019356625
2010-06-30,4377102.569825696,3377544.612705246,3557549.3357988084,3607047.2816954604,3656545.2275921125,3745184.8129093777
2010-07-31,4678150.271945917,3609844.868009507,3802229.896074888,3851727.84197154,3901225.7878681924,3998710.4836666565
2010-08-31,4456175.860631435,3438560.6759821083,3621817.2141481848,3671315.160044837,3720813.1059414893,3811775.950956015
2010-09-30,4846318.972619561,3739610.4560726006,3938911.26454883,3992186.5906506884,4045461.916752547,4144246.763428439
2010-10-31,5024934.875768756,3877437.5167368585,4084083.7370472588,4132318.8004904045,4180553.86393355,4289444.700094218
2010-11-30,5013426.519942962,3868557.2164467853,4074730.1663955646,4122965.2298387103,4171200.293281856,4279753.001371726
2010-12-31,5340803.473972734,4121174.1587660387,4340810.179527479,4389045.242970625,4437280.306413771,4555451.707179247
2011-01-31,5461749.036180132,4214500.514625338,4439110.308428626,4487345.371871771,4535580.435314917,4657305.348870562
2011-02-28,5636287.767321675,4349181.468903045,4580969.004657884,4629204.06810103,4677439.131544176,4804292.183761311
2011-03-31,5630384.810214094,4344626.5148758795,4576171.297044783,4624406.360487929,4672641.423931074,4799321.040817481
2011-04-30,5790824.768680226,4468428.301271194,4706571.026561693,4754806.090004839,4803041.153447985,4934434.671647165
2011-05-31,5712643.116253782,4408100.261260049,4643027.839271817,4691262.902714963,4739497.966158109,4868594.421970019
2011-06-30,5608344.753624479,4327619.539779809,4558257.945250755,4606493.008693901,4654728.072137047,4780760.128074892
2011-07-31,5487908.773118737,4234686.397217139,4460371.985716754,4508607.049159899,4556842.112603045,4679335.6278180005
2011-08-31,5176244.353552018,3994193.864888521,4207062.539011103,4255297.602454249,4303532.6658973945,4417040.098262594
2011-09-30,4804786.76794861,3707562.5723636006,3905155.384340393,3953390.4477835386,4001625.511226684,4104066.702450475
2011-10-31,5322372.997636048,4106952.477855544,4325830.579093385,4347834.816002867,4369839.052912352,4513100.592085106
2011-11-30,5295448.628947757,4086176.575312038,4303947.435195599,4459540.4537889,4615133.472382201,4628929.520394689
2011-12-31,5340633.44060738,4121042.95432932,4340672.000476562,4496265.0190698635,4651858.037663165,4667009.666781547
2012-01-31,5573394.602733714,4300650.627817794,4529851.775259601,4685444.793852902,4841037.812446203,4863172.465770618
2012-02-29,5799615.7010267945,4475211.730654935,4713716.024927801,4859588.141509089,5005460.258090377,5043743.811416533
2012-03-31,5981331.0843328545,4615430.472194614,4861407.654297634,5007279.770878921,5153151.887460209,5196887.0501040155
2012-04-30,5936486.3394039385,4580826.502050769,4824959.4828400165,4970831.599421304,5116703.716002592,5159093.499819056
2012-05-31,5564561.162045808,4293834.397324873,4522672.277165368,4668544.393746655,4814416.510327944,4845648.236276854
2012-06-30,5784667.27991902,4463676.940602478,4701566.49787688,4847438.614458167,4993310.731039455,5031145.815693446
2012-07-31,5857540.055227809,4519908.4420879185,4760794.829961755,4906666.946543043,5052539.063124331,5092560.389517042
2012-08-31,5973304.783735973,4609237.062762578,4854884.176150963,5000756.29273225,5146628.409313538,5190122.770461189
2012-09-30,6118074.71608039,4720947.240276435,4972547.893396077,5118420.009977364,5264292.126558652,5312129.701852628
2012-10-31,5997001.628848976,4627522.481089598,4874144.106979308,5020016.223560595,5165888.340141883,5210093.6256593345
2012-11-30,6014073.39344605,4640695.726546926,4888019.414164272,5033891.530745559,5179763.647326848,5224481.09948208
2012-12-31,6056582.253178974,4673497.235740003,4922569.063881089,5068441.180462376,5214313.297043664,5260306.049103693
2013-01-31,6362004.1673018085,4909172.805181545,5170804.84849356,5273139.839824197,5375474.831154833,5472560.564543239
2013-02-28,6432372.060838064,4963471.441306552,5227997.304096054,5330332.295426691,5432667.286757328,5531864.113421143
2013-03-31,6663858.491118648,5142095.481533165,5416141.025914032,5520112.147568006,5624083.269221979,5728649.137231399
2013-04-30,6784379.488307068,5235094.226314195,5514096.093693852,5618067.2153478265,5722038.3370018,5830219.93164341
2013-05-31,6925242.282009187,5343789.50187822,5628584.231251942,5696151.967605437,5763719.703958933,5911186.955586447
2013-06-30,6821368.484398862,5263636.391476249,5544159.399705292,5611727.136058787,5679294.872412283,5823645.826754112
2013-07-31,7158767.5574908005,5523986.795304872,5818385.052036228,5885952.788389723,5953520.524743219,6107993.722036188
2013-08-31,6934712.3110283585,5351096.9489817815,5636281.125204782,5703848.861558277,5771416.597911773,5919167.958009438
2013-09-30,7141016.696221124,5510289.532127723,5803957.799861215,5871525.53621471,5939093.272568206,6093033.929778248
2013-10-31,7459475.71127472,5756025.041749223,6062789.664286472,6130382.070263696,6197974.476240921,6361445.400445533
2013-11-30,7668710.061653404,5917478.501347395,6232847.707709133,6300440.113686357,6368032.519663583,6537780.642287407
2013-12-31,7849406.281556153,6056910.816293818,6379711.000256066,6447303.40623329,6514895.812210516,6690064.966437797
2014-01-31,7570101.596030584,5841388.328334897,6152702.345829604,6220294.751806828,6287887.157784053,6454676.94730718
2014-02-28,7896501.894998384,6093251.645170074,6417988.59598201,6485581.001959234,6553173.4079364585,6729755.468360626
2014-03-31,7951241.752359855,6135491.073509276,6462479.154168462,6530071.560145686,6597663.966122911,6775888.266195948
2014-04-30,8000545.725974062,6173535.960008762,6502551.624442199,6570144.030419423,6637736.436396648,6817439.895243911
2014-05-31,8168799.443330383,6303367.150290214,6639302.105041681,6706894.511018905,6774486.91699613,6959238.122385509
2014-06-30,8324483.133116261,6423498.812579158,6765836.126008556,6827699.559237746,6889562.992466935,7084502.33785366
2014-07-31,8198951.335593962,6326633.537050207,6663808.462599869,6725671.895829058,6787535.329058248,6978708.619781665
2014-08-31,8507685.271580355,6564864.792913068,6914736.137701977,6976599.570931166,7038463.004160356,7238898.5607183445
2014-09-30,8375698.426907482,6463018.548951144,6807462.047563448,6869325.480792637,6931188.914021826,7127664.759321897
2014-10-31,8570026.86451973,6612970.019606038,6965405.109120553,7027268.542349743,7089131.975578932,7291437.829953423
2014-11-30,8780280.378301725,6775209.905797466,7136291.491360342,7196796.163792975,7257300.836225609,7467223.070830107
2014-12-31,8743503.405522216,6746831.346167782,7106400.510158773,7172833.060197904,7239265.610237035,7442375.43891177
2015-01-31,8472098.01396392,6537404.264326885,6885812.113563129,6952244.66360226,7018677.213641391,7213644.66277007
2015-02-28,8937152.746461863,6896258.799102857,7263791.62672583,7330224.176764961,7396656.7268040925,7605576.191108102
2015-03-31,8781681.079988271,6776290.742346285,7137429.930568825,7203862.480607957,7270295.030647088,7474550.2201928925
2015-04-30,8856508.202209817,6834030.294826931,7198246.684495293,7264679.234534424,7331111.784573555,7537611.847833801
2015-05-31,8949425.215642937,6905728.719331109,7273766.241759744,7340198.791798875,7406631.341838006,7615918.990065945
2015-06-30,8761382.828604722,6760627.812699523,7120932.252683047,7187364.802722178,7253797.35276131,7457443.578476526
2015-07-31,8934350.306299958,6894096.325978166,7261513.905644757,7327946.455683888,7394379.005723019,7603214.394573249
2015-08-31,8375231.353547164,6462658.136763696,6807082.428531254,6873514.978570385,6939947.528609516,7132008.899043469
2015-09-30,8153766.523934338,6291767.158032925,6627083.897152597,6693516.447191728,6759948.9972308595,6945366.2458721865
2015-10-31,8830391.492006958,6813877.613357836,7177019.978471346,7243452.528510477,7309885.078549609,7515601.616715439
2015-11-30,8834849.683903437,6817317.729686424,7180643.434147687,7247075.984186818,7313508.534225949,7519358.82170984
2015-12-31,8679973.134208584,6697808.888458366,7054765.426615729,7121197.97665486,7187630.526693991,7388834.393972954
2016-01-31,8239591.901885617,6357993.39749349,6696839.6321914,6763272.182230531,6829704.732269662,7017696.810857423
2016-02-29,8205575.897715486,6331745.309906371,6669192.665319617,6735625.215358748,6802057.765397879,6989029.336750142
2016-03-31,8747070.995828213,6749584.239257705,7109300.120736177,7154613.154972879,7199926.189209582,7423482.995477142
2016-04-30,8770682.824258538,6767804.055366366,7128490.953237563,7192293.364880351,7256095.776523139,7462554.060555958
2016-05-31,8905090.052415676,6871517.962483891,7237732.24347269,7301534.655115478,7365337.066758266,7575827.674756924
2016-06-30,8913201.88808964,6877777.374147814,7244325.247490028,7308127.659132816,7371930.070775604,7582664.040309527
2016-07-31,9230599.231398586,7122693.656066878,7502294.225614732,7572487.310248101,7642680.39488147,7856781.757761256
2016-08-31,9219344.888832012,7114009.362404828,7493147.106671967,7563340.191305336,7633533.275938705,7847296.999571902
2016-09-30,9207964.058030233,7105227.465442293,7483897.182707458,7554090.267340827,7624283.351974195,7837705.641612939
2016-10-31,9029093.104833009,6967203.598122959,7338517.399337419,7408710.483970788,7478903.568604156,7686959.587088745
2016-11-30,9337658.04424286,7205304.449576154,7589307.721886498,7659500.806519867,7729693.891153235,7947007.10374308
2016-12-31,9507610.540069504,7336446.484184209,7727438.90855956,7797631.993192929,7867825.077826297,8090237.000741265
2017-01-31,9677648.052578822,7467654.121010623,7865639.193689859,7935832.278323228,8006025.362956597,8233538.546764925
2017-02-28,10037638.753908962,7745437.1143275965,8158226.498890262,8228419.583523631,8298612.668157,8536925.859913979
2017-03-31,10033732.13366107,7742422.612391291,8155051.340513813,8225244.425147182,8295437.50978055,8533633.49981656
2017-04-30,10124950.887018275,7812810.592582393,8229190.614472583,8299383.699105951,8369576.783739321,8610509.409076417
2017-05-31,10242159.862343136,7903253.650942105,8324453.792407147,8394646.877040517,8464839.961673884,8709288.949685028
2017-06-30,10291463.317562936,7941298.137428064,8364525.841619887,8434718.926253257,8504912.010886624,8750840.141848689
2017-07-31,10490591.050591186,8094952.933312034,8526369.596422791,8596562.68105616,8666755.76568953,8918657.887345117
2017-08-31,10496323.455939006,8099376.2828889545,8531028.686301608,8601221.770934977,8671414.855568346,8923488.953953033
2017-09-30,10698933.762590574,8255718.369644489,8695702.949858887,8765896.034492256,8836089.119125625,9094241.688188111
2017-10-31,10936323.14997874,8438897.363898266,8888644.381074857,8958837.465708226,9029030.550341595,9294304.990222532
2017-11-30,11243443.842571896,8675883.77766641,9138260.87251502,9208453.95714839,9278647.041781759,9553135.347212402
2017-12-31,11353985.229039488,8761181.862047251,9228104.877541162,9298297.962174531,9368491.0468079,9646295.681932876
2018-01-31,11991837.405867316,9253373.705665149,9746527.850258762,9816720.934892131,9886914.0195255,10183854.728316683
2018-02-28,11524786.854904087,8892979.118811844,9366926.20612248,9437119.29075585,9507312.375389218,9790241.195417205
2018-03-31,11214948.738831706,8653895.834137367,9115101.092043074,9185294.176676443,9255487.261309812,9529120.690917958
2018-04-30,11245439.66103718,8677423.829743743,9139883.000931863,9210076.085565232,9280269.1701986,9554817.351773849
2018-05-31,11488434.965537963,8864928.570273956,9337380.717004906,9407573.801638275,9477766.886271644,9759605.12064658
2018-06-30,11544066.979673138,8907856.421892403,9382596.387961235,9452789.472594604,9522982.557227973,9806489.796365084
2018-07-31,11959902.236845145,9228731.272373721,9720572.110261058,9790765.194894427,9860958.279527796,10156940.907796325
2018-08-31,12321847.285088044,9508022.3166859,10014747.837313797,10084940.921947166,10155134.006580535,10461975.27476269
2018-09-30,12374760.838955179,9548852.497370962,10057754.04296677,10127947.127600139,10198140.212233508,10506568.929203212
2018-10-31,11515910.905874843,8886130.087209744,9359712.158492351,9429905.24312572,9500098.327759089,9782760.862403933
2018-11-30,11721577.66594753,9044830.653717993,9526870.595983883,9597063.680617252,9667256.765250621,9956089.466481684
2018-12-31,10645807.667016746,8214724.18341353,8652523.997289704,8722717.081923073,8792910.166556442,9049498.350495966
2019-01-31,11483466.673545424,8861094.840635216,9333342.670622526,9403535.755255895,9473728.839889264,9755488.197344052
2019-02-28,11824857.38356793,9124525.348618502,9610812.581975667,9623662.268341558,9636511.95470745,9983753.210258259
2019-03-31,12036809.15742584,9288075.679123007,9783079.249394994,9795928.935760885,9808778.622126777,10162388.907121627
2019-04-30,12510018.233939085,9653222.426672079,10167686.318822796,10180536.005188687,10193385.691554578,10561215.638346264
2019-05-31,11687137.615152828,9018255.355066132,9498878.979766063,9511728.666131955,9524578.352497846,9867681.207864046
2019-06-30,12492733.92763532,9639885.175668852,10153638.265383994,10166487.951749885,10179337.638115777,10546648.201399768
2019-07-31,12656740.439618634,9766439.055127036,10286936.773531295,10302371.621520957,10317806.46951062,10687555.751336986
2019-08-31,12427759.40950499,9589748.280274384,10100829.348045127,10116264.19603479,10131699.044024453,10494567.577006988
2019-09-30,12641282.955203611,9754511.451791476,10274373.494260762,10289808.342250424,10305243.190240087,10674527.983510502
2019-10-31,12899566.747542879,9953813.391247584,10484297.135591261,10499731.983580923,10515166.831570586,10892212.90491139
2019-11-30,13338758.78309718,10292711.251182485,10841256.395449925,10856691.243439587,10872126.09142925,11262369.63396372
2019-12-31,13720111.481133144,10586978.001902763,11151205.95239992,11166640.800389582,11182075.648379246,11583778.62113289
2020-01-31,13697773.86615416,10569741.419042436,11133050.754071148,11148485.60206081,11163920.450050473,11564952.19026418
2020-02-29,12545647.481502455,9680715.356353914,10196644.471111558,10212079.31910122,10227514.167090883,10593925.169113124
2020-03-31,10975945.07126149,8469471.19776182,8920847.632140167,8936282.480129829,8951717.328119492,9270955.258012783
2020-04-30,12368178.266780587,9543773.12561045,10052403.969421728,10067838.81741139,10083273.665401053,10444377.813366747
2020-05-31,12928231.884648422,9975932.539213344,10507595.11308608,10524370.446921406,10541145.78075673,10917800.561885415
2020-06-30,13165961.338767296,10159373.94234056,10700812.93839903,10668808.34689322,10636803.755387407,11067582.489740685
2020-07-31,13891423.207093805,10719168.87197751,11290441.87211721,11258437.2806114,11226432.689105587,11679026.982002022
2020-08-31,14864721.146889623,11470203.868455876,12081502.920929804,12049498.329423994,12017493.737918181,12499356.334377596
2020-09-30,14281608.309028862,11020251.053163655,11607570.084710106,11575565.493204296,11543560.901698483,12007888.555513758
2020-10-31,13886496.38665379,10715367.143420894,11286437.532248365,11254432.940742554,11222428.349236742,11674874.486393455
2020-11-30,15379928.464645324,11867758.111874344,12500244.628351117,12458935.982021287,12417627.33569146,12923942.685705945
2020-12-31,15950853.850007689,12308306.609156672,12964271.947912926,12922963.301583096,12881654.655253269,13405138.455756927
2021-01-31,15773214.601920467,12171233.17397649,12819893.24930843,12778584.6029786,12737275.956648773,13255417.919648072
2021-02-28,16184760.663772536,12488798.312538886,13154382.870638242,13113074.224308413,13071765.577978585,13602283.25305528
2021-03-31,16871619.774219606,13018805.834905539,13712636.891406775,13671328.245076945,13630019.598747117,14181191.9984745
2021-04-30,17756119.86253689,13701320.91436193,14431526.286863508,14349541.304610703,14267556.322357902,14884498.122237133
2021-05-31,17853538.612996638,13776493.056330929,14510704.692325734,14428719.710072929,14346734.727820128,14966606.033089845
2021-06-30,18250137.290529747,14082524.20486792,14833045.625126684,14751060.64287388,14669075.660621079,15300873.191162731
2021-07-31,18665292.414240338,14402874.237602364,15170468.560236683,15088483.577983879,15006498.595731078,15650780.367417881
2021-08-31,19206407.010858644,14820419.557025189,15610266.75853399,15528281.776281185,15446296.794028385,16106850.567975366
2021-09-30,18292774.19368109,14115424.517402062,14867699.344143186,14785714.361890381,14703729.37963758,15336809.055936862
2021-10-31,19557606.779842217,15091419.120958421,15895709.115119237,15813724.132866433,15731739.150613632,16402853.947069319
2021-11-30,19394619.43126221,14965651.668093493,15763238.945771165,15681253.96351836,15599268.98126556,16265482.541419271
2021-12-31,20240475.29014753,15618347.339197462,16450719.721713698,16368734.739460893,16286749.757208092,16978399.275906596
2022-01-31,19176126.556782234,14797053.966910604,15585655.910425927,15503670.928173123,15421685.945920322,16081329.148206051
2022-02-28,18574753.794344548,14333011.075158136,15096882.073833732,15014897.091580927,14932912.109328127,15574471.26987713
2022-03-31,19239233.81826011,14845750.013582334,15636947.18970558,15554962.207452776,15472977.225199975,16134518.14288244
2022-04-30,17547014.073971033,13539966.65811835,14261572.732404746,14179587.750151942,14097602.76789914,14708256.491490234
2022-05-31,17547947.183902856,13540686.682466194,14262331.130161127,14180346.147908323,14098361.165655522,14709042.948991856
2022-06-30,16075323.457390932,12404352.25696966,13065436.302739944,12983451.32048714,12901466.338234339,13467865.088705903
2022-07-31,17540048.926724397,13534592.076375224,14255911.714941645,14173926.73268884,14091941.75043604,14702397.833561579
2022-08-31,16795647.000359546,12960182.25253115,13650888.993150506,13617413.133910587,13583937.274670668,14125288.677330786
2022-09-30,15227006.261863232,11749757.321641492,12375955.042125681,12342479.182885762,12309003.323645843,12803170.097570485
2022-10-31,16443086.964453142,12688133.053104173,13364341.061245993,13330865.202006074,13297389.342766155,13828139.231521046
2022-11-30,17326950.46443916,13370156.915949924,14082713.061012464,14104682.699062157,14126652.337111847,14630598.022368044
2022-12-31,16305154.654331347,12581699.054005904,13252234.712860558,13327790.204788126,13403345.696715692,13824950.419483636
2023-01-31,17312044.551672723,13358654.927006647,14070598.079046879,14146153.570974447,14221709.062902013,14673603.854953522
2023-02-28,16859983.893369798,13009827.131287927,13703179.672102869,13778735.164030436,13854290.655958002,14292586.196793936
2023-03-31,17450953.51685649,13465842.551588992,14183498.21702761,14259053.708955178,14334609.200882744,14790682.763811423
2023-04-30,17706476.340586383,13663014.019002534,14391177.843883703,14466733.33581127,14542288.827738836,15006049.233146267
2023-05-31,17750429.965530407,13696930.36589419,14426901.746328508,14502457.238256076,14578012.730183642,15043095.383781599
2023-06-30,18899370.29815935,14583497.94544835,15360718.522760686,15436274.014688253,15511829.50661582,16011475.504597217
2023-07-31,19487876.51142604,15037612.501471108,15839034.897750795,15914590.389678363,15990145.881605929,16507495.795398504
2023-08-31,19142621.68949698,14771200.292660695,15558424.37716462,15633979.869092189,15709535.361019755,16216499.042410625
2023-09-30,18210005.269150935,14051556.75769421,14800427.782770088,14875983.274697656,14951538.766625222,15430446.733024945
2023-10-31,17809755.021417968,13742707.913875991,14475118.986923724,14550674.478851292,14626229.970778858,15093097.288281145
2023-11-30,19398015.95141404,14968272.556719646,15765999.513688829,15841555.005616397,15917110.497543963,16431757.153895803
2023-12-31,20255975.28290389,15630307.7436422,16463317.550580535,16607299.640801905,16751281.731023272,17225844.28216116
2024-01-31,20577958.343133334,15878762.54521739,16725013.632470207,16907406.80936978,17089799.986269355,17537059.31222426
2024-02-29,21642263.531368475,16700022.316368014,17590042.051970027,17772435.228869602,17954828.405769173,18434105.01381396
2024-03-31,22313580.140717845,17218036.63318075,18135663.69507449,18318056.871974066,18500450.048873637,18999921.741458796
2024-04-30,21384998.90243252,16501506.803505162,17380946.74939925,17563339.926298823,17745733.103198394,18217270.470386855
2024-05-31,22411932.001109418,17293928.79949759,18215600.498248834,18397993.67514841,18580386.85204798,19082817.244161274
2024-06-30,23188949.229957853,17893505.874379963,18847131.74776708,19029524.924666654,19211918.101566225,19737723.34901213
2024-07-31,23451478.672486905,18096083.92461876,19060506.098708328,19242899.275607903,19425292.452507474,19958995.321153823
2024-08-31,23986986.315203782,18509302.697738096,19495747.169530872,19678140.346430447,19860533.523330018,20410345.96228353
2024-09-30,24471448.69749479,18883132.938922163,19889500.51536885,20071893.692268424,20254286.869167995,20818673.293973695
2024-10-31,24229261.051479436,18696251.41946636,19692659.234342646,19875052.41124222,20057445.58814179,20614546.32998092
2024-11-30,25617629.09830317,19767570.846460816,20821074.119944654,21003467.29684423,21185860.4737438,21784727.21643598
2024-12-31,24977441.03627935,19273576.54189215,20300752.62419642,20483145.801095996,20665538.977995567,21245147.070068575
2025-01-31,25652239.182463225,19794277.349549394,20849203.93339541,21031597.110294987,21213990.287194557,21813898.198190678
2025-02-28,25286897.6140685,19512365.416611064,20552267.638261754,20734660.81516133,20917053.9920609,21505971.405045964
2025-03-31,23831770.735567033,18389532.247663654,19369593.610364664,19551986.78726424,19734379.96416381,20279523.08359045
2025-04-30,23650054.833866566,18249313.10611045,19221901.556461144,19404294.73336072,19586687.91026029,20126364.50620796
2025-05-31,25105096.695685357,19372080.6728395,20404506.48590894,20586899.662808515,20769292.839708086,21352741.171666108
2025-06-30,26350481.1972897,20333068.368932687,21416709.563567616,21599102.74046719,21781495.91736676,22402408.904511727
2025-07-31,26921405.545863252,20773616.066187963,21880736.040524706,22063129.21742428,22245522.394323852,22883610.38551743
2025-08-31,27434701.025047533,21169695.059720404,22297923.875373542,22480317.052273117,22662710.229172688,23316239.586556293
2025-09-30,28403795.822994903,21917486.74652526,23085568.76396954,23267961.940869115,23450355.117768686,24133037.561931346
2025-10-31,29048189.100444797,22414725.960821543,23609308.105367385,23791701.28226696,23974094.45916653,24676162.058607213
2025-11-30,29085940.65470865,22443856.545881193,23639991.19108352,23822384.367983095,24004777.544882666,24707980.816849742
2025-12-31,29070695.71200032,22432092.948091533,23627600.65795241,23809993.834851984,23992387.011751555,24695131.67312794
2026-01-31,29467887.43273454,22738581.71210293,23950423.59466778,24132816.771567356,24315209.948466927,25029903.249674022
2026-02-28,29212449.62568733,22541475.84690775,23742813.06626431,23925206.243163884,24107599.420063455,24814608.436336536
2026-03-31,27724580.956467073,21393377.823621556,22533527.705641508,22715920.882541083,22898314.059440654,23560563.81736101
2026-04-30,30614407.90027363,23623282.02851502,24882273.593079288,25064666.769978862,25247059.946878433,25996243.796125747
2026-05-31,32190142.347829413,24839180.744502395,26162973.05202877,26345366.228928346,26527759.405827917,27324345.762226887
2026-06-30,31847433.87922541,24574733.402134545,25884432.114500012,26066825.291399587,26249218.468299158,27035495.193745315
2026-07-31,31806497.309727605,24543145.133967582,25851160.36462591,26033553.541525483,26215946.718425054,27000991.957162652
2026-08-31,32596296.071064368,25152584.94236131,26493079.977344885,26675473.15424446,26857866.33114403,27666670.929519106
