,A1,U0,U1,U2,A1xU0,A1xU1,A1xU2
2010-06,1.023114,1030.7099609375,3.351884,3607047.281695461,1.0,1.0,1.0
2010-07,1.023114,1101.5999755859375,3.339143,3851727.84197154,1.0343889247873177,0.9980994270684784,1.0339170159367954
2010-08,1.023114,1049.3299560546875,3.270203,3671315.160044837,1.0098484697674346,0.987796038668805,1.0097029814323049
2010-09,1.023114,1141.199951171875,3.276716,3992186.590650688,1.0540551434887546,0.9887796955854934,1.0538267934745296
2010-10,1.023114,1183.260009765625,3.396904,4132318.800490405,1.073479268529531,1.0069136220614268,1.0723223063976641
2010-11,1.023114,1180.550048828125,3.389125,4122965.2298387103,1.0722500007181783,1.0057606926489358,1.071108696928195
2010-12,1.023114,1257.6400146484375,3.600585,4389045.242970625,1.1072589848727454,1.0371372509150878,1.1056712751039406
2011-01,1.023114,1286.1199951171875,3.682122,4487345.371871771,1.1197962427111259,1.0488804898648505,1.118052968940326
2011-02,1.045363,1327.219970703125,3.79979,4629204.06810103,1.1498644058817737,1.0770444663813905,1.147882292212676
2011-03,1.045363,1325.8299560546875,3.775013,4624406.360487929,1.1492622719464902,1.0735329656479906,1.147287459544762
2011-04,1.026972,1363.6099853515625,3.878569,4754806.090004839,1.1555271585044524,1.0788142253930026,1.153371079587738
2011-05,1.004184,1345.199951171875,3.827694,4691262.902714963,1.1349065119907704,1.0597696720089054,1.1328678925586078
2011-06,0.94522,1320.6400146484375,3.741402,4606493.008693901,1.0912263526188017,1.0167099349825497,1.089372528101225
2011-07,0.94522,1292.280029296875,3.643514,4508607.049159899,1.0795096232178125,1.0034096130556929,1.0777981834748556
2011-08,0.94522,1218.8900146484375,3.637025,4255297.602454249,1.0488563494439422,1.0025160903494374,1.0475209317051275
2011-09,0.94522,1131.4200439453125,3.637025,3953390.4477835386,1.0112223410202579,1.0025160903494374,1.0103608910340935
2011-10,0.94522,1253.300048828125,3.620907,4347834.816002867,1.0656883125755203,1.0002946931437195,1.0607646101457358
2011-11,0.94522,1246.9599609375,3.592497,4459540.4537889,1.0629928057924247,0.9963704868285321,1.074391322329125
2011-12,0.94522,1257.5999755859375,3.576759,4496265.0190698635,1.0675279389880055,0.9941880384198477,1.0788151586709003
2012-01,0.94522,1312.4100341796875,3.641211,4685444.793852902,1.0907910075401244,1.003145506263255,1.1015106634825926
2012-02,1.043604,1365.6800537109375,3.789005,4859588.141509089,1.169696257517627,1.075710576831476,1.1793063398729362
2012-03,0.962969,1408.469970703125,3.907724,5007279.770878921,1.1428320873001228,1.0510050560326805,1.151666879338455
2012-04,0.972352,1397.9100341796875,3.878426,4970831.599421304,1.144115699819003,1.0521855263352227,1.153086186218914
2012-05,1.042353,1310.3299560546875,3.613632,4668544.393746655,1.1494591165909422,1.0541414581627746,1.1595314875400002
2012-06,1.003958,1362.1600341796875,3.558746,4847438.614458167,1.1510224108910452,1.0267213797739647,1.1603919336633115
2012-07,0.92819,1379.3199462890625,3.491441,4906666.946543043,1.1148390324834434,0.978269446444423,1.1236940673673523
2012-08,0.968864,1406.5799560546875,3.528642,5000756.29273225,1.1502820724635159,1.0049153942902023,1.1590885124550174
2012-09,0.945576,1440.6700439453125,3.611994,5118420.009977364,1.1503969605391007,1.0047069520234402,1.1587945601863436
2012-10,0.948336,1412.1600341796875,3.536318,5020016.223560595,1.140693043570045,0.9956482868154936,1.1493465798890516
2012-11,0.831946,1416.1800537109375,3.480991,5033891.530745559,1.0723175952542356,0.9267613078877587,1.0804048840119085
2012-12,0.978789,1426.18994140625,3.506272,5068441.180462376,1.1707422373102312,1.011915859319144,1.1794611866937699
2013-01,1.032841,1498.1099853515625,3.683087,5273139.839824197,1.2325875382168043,1.0653710970013572,1.2358454753760064
2013-02,1.04522,1514.6800537109375,3.723824,5330332.295426691,1.2467906670017785,1.0776473396999884,1.2499535068397936
2013-03,1.065114,1569.18994140625,3.857836,5520112.147568006,1.28109052505087,1.107293984263558,1.2841004053891247
2013-04,1.089134,1597.5699462890625,3.927608,5618067.2153478265,1.307120583499841,1.1297927383849227,1.309972909414415
2013-05,1.160002,1630.739990234375,4.009156,5696151.967605437,1.3632163311741423,1.178278344339182,1.3616952733647607
2013-06,1.142012,1606.280029296875,3.944136,5611727.136058787,1.3424219004549198,1.159587037343108,1.3410451824355303
2013-07,1.300848,1685.72998046875,4.120999,5885952.788389723,1.4689763307712624,1.2662263525180335,1.4670704978211602
2013-08,1.370185,1632.969970703125,3.993408,5703848.861558277,1.4851375423027855,1.2803702293707293,1.483474290649575
2013-09,1.370185,1681.550048828125,4.110891,5871525.53621471,1.507228609231706,1.2992039843560903,1.505279219394345
2013-10,1.358227,1756.5400390625,4.292242,6130382.070263696,1.534259596870463,1.3221917610067848,1.5318921577123328
2013-11,1.388876,1805.81005859375,4.411393,6300440.113686357,1.5730878093441902,1.3554614547292922,1.5704235734631178
2013-12,1.408101,1848.3599853515625,4.514293,6447303.40623329,1.6025084215134646,1.3806514139380388,1.5995958668027659
2014-01,1.516469,1782.5899658203125,4.355239,6220294.751806828,1.6356623036283897,1.4094566101000496,1.6329878527008401
2014-02,1.539338,1859.449951171875,4.52977,6485581.001959234,1.6832579970368773,1.4483253587660274,1.6801231721807328
2014-03,1.579366,1872.3399658203125,4.561171,6530071.560145686,1.7109775120841406,1.4721760374584358,1.7077303719157726
2014-04,1.593132,1883.949951171875,4.589454,6570144.030419423,1.7237387907006225,1.4831562445058586,1.720412627276445
2014-05,1.648962,1923.5699462890625,4.685972,6706894.511018905,1.772067649225297,1.524739915491502,1.7684621188090934
2014-06,1.767018,1960.22998046875,4.775278,6827699.559237746,1.8523887967309263,1.593850497411868,1.8476947033902087
2014-07,1.759316,1930.6700439453125,4.703268,6725671.895829058,1.8343848866449128,1.5783594610593836,1.8298626448711475
2014-08,1.759316,2003.3699951171875,4.836451,6976599.570931166,1.8689220392018022,1.600706757460766,1.8639977607633205
2014-09,1.759316,1972.2900390625,4.735475,6869325.480792637,1.854424963027755,1.5839968842974321,1.8496670928087418
2014-10,1.759316,2018.050048828125,4.730692,7027268.542349743,1.8759376469477391,1.5831969373969002,1.8709313409737547
2014-11,1.759316,2067.56005859375,4.841146,7196796.163792975,1.8989493882259147,1.601679480175339,1.8934987537748613
2014-12,1.759316,2058.89990234375,4.821844,7172833.060197904,1.894972430375398,1.5984864740848033,1.8903463713979556
2015-01,1.759316,1994.989990234375,4.6855,6952244.66360226,1.865561694735186,1.5758868172084488,1.8612791624180798
2015-02,1.759316,2104.5,4.919129,7330224.176764961,1.9167643775578764,1.6151753521799133,1.9118761584756192
2015-03,1.759316,2067.889892578125,4.837512,7203862.480607957,1.900092258345518,1.6017760525560503,1.8953972685807583
2015-04,1.759316,2085.510009765625,4.876794,7264679.234534424,1.908187430235296,1.6082794955342286,1.9033979702589536
2015-05,1.759316,2107.389892578125,4.925571,7340198.791798875,1.9181971921550016,1.6163223869249326,1.9132913025983012
2015-06,1.759316,2063.110107421875,4.747171,7187364.802722178,1.8980449270580015,1.5870514745954374,1.8933724999652881
2015-07,2.074029,2103.840087890625,4.746278,7327946.455683888,2.086545230104785,1.7288510428359487,2.081236024241026
2015-08,1.909316,1972.1800537109375,4.673719,6873514.978570385,1.938402875953831,1.6469860730854773,1.9340609978241683
2015-09,1.991362,1920.030029296875,4.673719,6693516.447191728,1.954422397884195,1.6823727297081559,1.9502917813823395
2015-10,2.369621,2079.360107421875,4.664956,7243452.528510477,2.2211355931882797,1.840578805926331,2.215638155372985
2015-11,2.625652,2080.409912109375,4.631628,7247075.984186818,2.3416900656492934,1.9334386783329907,2.3358891190138062
2015-12,2.746061,2043.93994140625,4.52748,7121197.97665486,2.374858372317032,1.9560332709452875,2.3691629434710313
2016-01,2.174597,1940.239990234375,4.522688,6763272.182230531,2.0675059919758327,1.7514697507895887,2.0631083261899525
2016-02,2.050925,1932.22998046875,4.522688,6735625.215358748,2.004447485660727,1.7016656337463731,2.0002257783445265
2016-03,2.440928,2059.739990234375,4.531782,7154613.154972879,2.2611677754801294,1.8651704427115172,2.2526185881549
2016-04,2.332368,2065.300048828125,4.47875,7192293.364880351,2.2139370796335482,1.8127804832591676,2.208457885298905
2016-05,2.355338,2096.949951171875,4.547385,7301534.655115478,2.241802757337591,1.8355969980921485,2.236104486279873
2016-06,2.428658,2098.860107421875,4.441743,7308127.659132816,2.2777166744560406,1.8428456940133462,2.271918216986245
2016-07,2.437716,2173.60009765625,4.563535,7572487.310248101,2.3225187151505007,1.8715475533606278,2.317246402327035
2016-08,2.530525,2170.949951171875,4.557971,7563340.191305336,2.365314455878516,1.9060335149950636,2.3599580876061363
2016-09,2.545938,2168.27001953125,4.552344,7554090.267340827,2.371057888568029,1.9106616411346722,2.3657020325311797
2016-10,2.545938,2126.14990234375,4.469273,7408710.483970788,2.348028183959001,1.8932288006912987,2.3429378586309575
2016-11,2.545938,2198.81005859375,4.55253,7659500.806519867,2.3881495541732547,1.9108630501832358,2.3825929472290195
2016-12,2.531814,2238.830078125,4.607515,7797631.993192929,2.4032583039029434,1.9171022463091183,2.3974678402745284
2017-01,2.553395,2278.8701171875,4.689918,7935832.278323228,2.4349912703355314,1.9424160533125556,2.428931361692896
2017-02,2.587679,2363.639892578125,4.864374,8228419.583523631,2.4966269744919964,1.991583383428159,2.4900140899318646
2017-03,2.598653,2362.719970703125,4.862481,8225244.425147182,2.5014350647373034,1.995418884354592,2.4948135783704557
2017-04,2.563422,2384.199951171875,4.906687,8299383.699105951,2.4958491105357963,1.990962949716995,2.489145632899079
2017-05,2.442912,2411.800048828125,4.963488,8394646.877040517,2.451628746040505,1.9556879292940377,2.4449221845229046
2017-06,2.518175,2423.409912109375,4.987381,8434718.926253257,2.495295316787409,1.9905211517737342,2.4884200976225412
2017-07,2.404921,2470.300048828125,5.083881,8596562.68105616,2.4633233369342777,1.9650168014926377,2.456335867236823
2017-08,2.561545,2471.64990234375,5.086659,8601221.770934977,2.5442101263748644,2.029540974049851,2.536987733195287
2017-09,2.585927,2519.360107421875,5.184846,8765896.034492256,2.5808740423646976,2.0587880001193763,2.573347745563146
2017-10,2.589812,2575.260009765625,5.299889,8958837.465708226,2.6114451375977787,2.0831750422333934,2.603601084062583
2017-11,2.452017,2647.580078125,5.448723,9208453.95714839,2.578640246047267,2.057006103749564,2.5706082950103815
2017-12,2.42757,2673.610107421875,5.502293,9298297.962174531,2.578461638249994,2.0568636583529396,2.5703339185091756
2018-01,2.403199,2823.81005859375,5.811405,9816720.934892133,2.6379460349918684,2.104314991838934,2.62908577871819
2018-02,2.42892,2713.830078125,5.4567,9437119.29075585,2.600692229702399,2.0513565411566814,2.5923231845460846
2018-03,2.632327,2640.8701171875,5.280695,9185294.176676445,2.6746290063513056,2.104167649793177,2.6662812208493265
2018-04,2.500902,2648.050048828125,5.279379,9210076.085565232,2.61149635094054,2.051377747568399,2.603317910652808
2018-05,2.41523,2705.27001953125,5.318552,9407573.801638275,2.5949811195031525,2.0238519108842605,2.5866400370602536
2018-06,2.225435,2718.3701171875,5.313896,9452789.472594604,2.499303981657,1.943446293964868,2.4912237064922715
2018-07,2.162473,2816.2900390625,5.329025,9790765.194894427,2.5089632408586358,1.9187208633794481,2.500518556663132
2018-08,1.987872,2901.52001953125,5.490299,10084940.921947166,2.4456393374235774,1.8702942360117683,2.4371365247697265
2018-09,1.954824,2913.97998046875,5.513876,10127947.12760014,2.430561328391519,1.8587633939760049,2.422074515958821
2018-10,1.766777,2711.739990234375,5.221685,9429905.24312572,2.2293111663570477,1.7201104939875824,2.222109581045856
2018-11,1.841315,2760.169921875,5.186807,9597063.680617252,2.2962440523075,1.7506503960285242,2.2886785437803523
2018-12,1.732082,2506.85009765625,5.122662,8722717.081923073,2.1227625171493054,1.6878980548251659,2.1165367304446954
2019-01,1.700866,2704.10009765625,5.122662,9403535.755255897,2.18714819711635,1.6726882016890492,2.1800634950064586
2019-02,2.100832,2784.489990234375,5.158203,9623662.268341558,2.47681762194399,1.875160686730421,2.4619056313100645
2019-03,2.100832,2834.39990234375,5.052003,9795928.935760884,2.4990151788136004,1.8558572524791157,2.4839400848674074
2019-04,2.100832,2945.830078125,5.230358,10180536.005188689,2.5481376933227473,1.8886166768367332,2.5327022248818962
2019-05,2.134112,2752.06005859375,4.968596,9511728.666131957,2.4845152964094326,1.8563163013444919,2.4695703606112565
2019-06,2.154088,2941.760009765625,5.161005,10166487.951749884,2.5817722656813933,1.9009471179380601,2.5661273235785105
2019-07,2.178662,2980.3798828125,5.22876,10302371.621520955,2.613445742605242,1.924268253855268,2.597913837515826
2019-08,2.313295,2926.4599609375,4.976764,10116264.19603479,2.670555487807035,1.937355170370313,2.6547193828939393
2019-09,2.399576,2976.739990234375,4.985253,10289808.342250424,2.743300161766783,1.9751370903580039,2.7269978932505525
2019-10,2.48447,3037.56005859375,4.949967,10499731.983580925,2.819852667080779,2.0030859459739703,2.803053691093587
2019-11,2.474932,3140.97998046875,5.118498,10856691.243439589,2.862443707026809,2.033340401342282,2.8453208530565512
2019-12,2.672972,3230.780029296875,5.264835,11166640.800389582,3.017886106290676,2.1437591142141903,2.999775586061087
2020-01,2.791775,3225.52001953125,5.256264,11148485.60206081,3.0824959387056996,2.189654918592459,3.06400106623851
2020-02,3.191201,2954.219970703125,5.044172,10212079.31910122,3.1733709004410464,2.3021178785898373,3.154509181568722
2020-03,3.226966,2584.590087890625,5.012185,8936282.480129829,2.992628541156493,2.307718933182008,2.9751393826589103
2020-04,3.634405,2912.429931640625,5.012185,10067838.81741139,3.3713527792990554,2.4534060421284214,3.3513244199132624
2020-05,3.675309,3044.31005859375,5.012185,10524370.446921406,3.466654991667917,2.46721217005682,3.44616724649221
2020-06,4.051839,3100.2900390625,4.992783,10668808.34689322,3.676104956857043,2.5888180508348717,3.64634246412344
2020-07,4.039348,3271.1201171875,5.02217,11258437.2806114,3.7717177333931855,2.592446406171621,3.7414825003418803
2020-08,4.039348,3500.31005859375,5.124427,12049498.329423994,3.9038498067119334,2.618838960799988,3.872927966398324
2020-09,4.039348,3363.0,4.856576,11575565.493204296,3.8272797548125643,2.5503963198482054,3.7967626487473987
2020-10,4.039348,3269.9599609375,4.729245,11254432.940742554,3.7743374030595347,2.516962835660725,3.744097226863714
2020-11,4.132047,3621.6298828125,5.023573,12458935.982021287,4.020602796070579,2.624166232333448,3.9874144347857765
2020-12,4.412248,3756.070068359375,5.202729,12922963.301583096,4.231550008495688,2.7599336799426504,4.196865752036355
2021-01,4.654126,3714.239990234375,5.144788,12778584.6029786,4.323973437483065,2.8202147980323877,4.288456923166476
2021-02,4.334687,3811.14990234375,5.256596,13113074.224308413,4.231993428003096,2.7540760051070086,4.1974132783831335
2021-03,4.103217,3972.889892578125,5.454658,13671328.245076943,4.208800326285734,2.7324279813260994,4.174690265780531
2021-04,4.59839,4181.169921875,5.727281,14349541.304610703,4.573081537464905,2.9655847842317686,4.530139338640948
2021-05,4.922176,4204.10986328125,5.757308,14428719.710072927,4.746628596298456,3.0777664914916985,4.7021277563251065
2021-06,5.207016,4297.5,5.879549,14751060.64287388,4.936690071485586,3.1994937473867964,4.890704112147282
2021-07,5.397539,4395.259765625,6.007509,15088483.57798388,5.083156051361016,3.2928441679975657,5.036114910455364
2021-08,5.297601,4522.68017578125,6.174293,15528281.776281184,5.1097789311302755,3.3080688193181182,5.0628880648528645
2021-09,5.260695,4307.5400390625,5.89269,14785714.36189038,4.970446198749726,3.2211071394658344,4.924198169049101
2021-10,5.382975,4605.3798828125,6.255038,15813724.132866433,5.200050775399642,3.357577684088224,5.1526103205487175
2021-11,5.467157,4567.0,6.20291,15681253.96351836,5.219043591632713,3.369840903937427,5.171318553518749
2021-12,5.467157,4766.18017578125,6.355711,16368734.739460891,5.332852439891023,3.411346830991225,5.284676263944523
2022-01,5.270727,4515.5498046875,6.02268,15503670.928173125,5.096835697691653,3.260688458602268,5.050095722582452
2022-02,5.260642,4373.93994140625,5.938687,15014897.091580927,5.01203992192788,3.2348319893606443,4.965658809710252
2022-03,5.118576,4530.41015625,5.930633,15554962.207452776,5.034012302044629,3.1889594172831646,4.987912831893541
2022-04,4.463513,4131.93017578125,5.912947,14179587.750151942,4.490504346371219,2.980146785657758,4.448225930622825
2022-05,4.628933,4132.14990234375,5.912947,14180346.147908324,4.573833900053069,3.0353696427754033,4.530771614520759
2022-06,5.409407,3785.3798828125,5.912947,12983451.32048714,4.767507761992884,3.291263072921777,4.721522906988887
2022-07,5.198824,4130.2900390625,5.912947,14173926.73268884,4.891909573683935,3.2272002235479835,4.846083095510673
2022-08,4.987886,3955.0,5.912947,13617413.133910589,4.688860338756466,3.1617297286096315,4.652633837122945
2022-09,4.44174,3585.6201171875,5.912947,12342479.182885762,4.2131985377249705,2.988633747229821,4.180112923863657
2022-10,4.39538,3871.97998046875,5.912947,13330865.202006074,4.35945143066743,2.9730370373231656,4.32567004062131
2022-11,4.621031,4080.110107421875,5.912947,14104682.699062156,4.588521240123534,3.0493522569980294,4.5622523563772495
2022-12,4.626312,3839.5,5.887056,13327790.204788126,4.455847233068377,3.044418591236456,4.439213777069655
2023-01,5.002891,4076.60009765625,5.811542,14146153.570974449,4.7747795189391775,3.1487999395751096,4.756178468807004
2023-02,5.002891,3970.14990234375,5.692093,13778735.164030436,4.712438818332142,3.1164401111524374,4.694412296561565
2023-03,5.009142,4109.31005859375,5.667108,14259053.708955178,4.797972151468423,3.1115473862585565,4.77916729373495
2023-04,4.914669,4169.47998046875,5.665318,14466733.33581127,4.787853769169637,3.081713910498662,4.768903169452693
2023-05,4.740537,4179.830078125,5.582042,14502457.238256076,4.708976927171952,3.0044702321833308,4.690307613128229
2023-06,4.728328,4450.3798828125,5.618786,15436274.014688252,4.855313137207606,3.010489824601592,4.835272823132349
2023-07,4.751617,4588.9599609375,5.793749,15914590.389678365,4.942864998428384,3.0647755078440584,4.922094830194215
2023-08,4.571351,4507.66015625,5.627175,15633979.869092189,4.805319369976561,2.9625829231516643,4.785334173244933
2023-09,4.410939,4288.0498046875,5.551197,14875983.274697656,4.603952250556787,2.8906029720202304,4.585367887109381
2023-10,4.332397,4193.7998046875,5.551197,14550674.478851292,4.512366116926838,2.864867665022286,4.494407395724453
2023-11,4.324106,4567.7998046875,5.573278,15841555.005616397,4.709253166961374,2.867824179033238,4.689470243903947
2023-12,4.328438,4769.830078125,5.818766,16607299.640801905,4.815755415550952,2.93242070391845,4.805158407099566
2024-01,3.600701,4845.64990234375,5.911259,16907406.80936978,4.4491956816819895,2.7092142183305628,4.444631111873324
2024-02,4.135442,5096.27001953125,6.216993,17772435.228869602,4.894628885120713,2.980448380645681,4.888367389842055
2024-03,4.161003,5254.35009765625,6.409837,18318056.871974062,4.9856683449374355,3.0358844432078884,4.978512313917842
2024-04,4.252979,5035.68994140625,6.143091,17563339.926298823,4.937031191303296,3.006268156561151,4.93097642312969
2024-05,4.131037,5277.509765625,6.438089,18397993.67514841,4.984794628763423,3.0353522441322083,4.977451758668511
2024-06,3.852571,5460.47998046875,6.661297,19029524.924666654,4.90319739193366,2.985666045967691,4.895119324279709
2024-07,3.863355,5522.2998046875,6.736711,19242899.275607903,4.937815158432342,3.0067454280281267,4.929414468170963
2024-08,3.61692,5648.39990234375,6.624315,19678140.346430447,4.836705702939074,2.8857661277350948,4.827943573575095
2024-09,4.977738,5762.47998046875,6.77979,20071893.692268424,5.795421961378941,3.4624966445895637,5.7844711321893225
2024-10,5.889841,5705.4501953125,6.713802,19875052.41124222,6.297710309491148,3.7628741097404643,6.286070477093205
2024-11,5.889841,6032.3798828125,7.092085,21003467.29684423,6.478143789143554,3.868881950517937,6.46451769201182
2024-12,5.889841,5881.6298828125,6.936327,20483145.801095996,6.397198938588314,3.8263973134296356,6.384444543439254
2025-01,6.034691,6040.52978515625,6.957006,21031597.110294987,6.56227705099878,3.8791527226122184,6.548425585335082
2025-02,6.034691,5954.5,6.864762,20734660.81516133,6.51554677195765,3.8534355848273263,6.502198348714139
2025-03,6.034691,5611.85009765625,6.717736,19551986.78726424,6.328079187347068,3.8121701177729097,6.31676051638566
2025-04,6.273207,5569.06005859375,6.717736,19404294.73336072,6.429009523277494,3.8875064993548936,6.4177349804034005
2025-05,6.273207,5911.68994140625,6.700425,20586899.662808515,6.626778155361274,3.8824976224795344,6.613301094194338
2025-06,6.273207,6204.9501953125,6.744453,21599102.74046719,6.791144915431859,3.8952534256802664,6.775880303076386
2025-07,6.273207,6339.39013671875,6.821085,22063129.21742428,6.864715298414282,3.917382800776863,6.848665453068489
2025-08,6.273207,6460.259765625,6.906975,22480317.052273117,6.93015815433353,3.9420463263566448,6.913415559089561
2025-09,6.273207,6688.4599609375,7.082119,23267961.940869115,7.052557523843436,3.992026655066638,7.034528540174192
2025-10,6.273207,6840.2001953125,7.276494,23791701.28226696,7.1325577584162065,4.046809000652654,7.113698760454723
2025-11,6.273207,6849.08984375,7.246294,23822384.367983095,7.137192559235044,4.038411162915159,7.118285868922423
2025-12,6.330349,6845.5,7.244924,23809993.834851984,7.167828113065466,4.056422144360011,7.148854550761836
2026-01,6.330349,6939.02978515625,7.283402,24132816.771567356,7.216794983524305,4.067194031771852,7.197317692672649
2026-02,6.330349,6878.8798828125,7.321306,23925206.243163884,7.185516150104218,4.077777198990981,7.166359041152452
2026-03,6.19457,6528.52001953125,7.204342,22715920.882541083,6.925466617530776,4.001472334255359,6.908394110914521
2026-04,6.780378,7209.009765625,7.322576,25064666.769978862,7.613862744543187,4.223512986475433,7.592202324885842
2026-05,7.151667,7580.06005859375,7.444248,26345366.228928342,8.018271890099602,4.374240338889942,7.994039170490731
2026-06,7.691433,7499.35986328125,7.417786,26066825.291399587,8.27817524219958,4.531536842344102,8.25345165263846
2026-07,5.922538,7489.72021484375,7.34738,26033553.541525483,7.3209371505859435,3.988944186770531,7.299109563475006
2026-08,6.151704,7675.7001953125,7.529826,26675473.15424446,7.553469331290436,4.115643666308292,7.530313527661549
