arm,date,prev_w,breadth,interrupted,ret60,ret120,dd_construct,dd_window21,avg_cost_vs_allin,n_buys
allin,2010-06-02,0.0,19.2,False,0.0262,0.1586,-0.2316,-0.2316,0.0,1
allin,2011-02-16,0.0,56.8,False,-0.1982,-0.2013,-0.0996,-0.0996,-0.0,1
allin,2011-04-29,0.5,45.0,False,-0.0081,-0.1214,-0.1168,-0.1168,0.0,1
allin,2012-02-03,0.0,0.0,False,0.0667,-0.0149,-0.058,-0.058,0.0,1
allin,2012-07-13,0.0,25.8,False,0.0143,0.0709,-0.0454,-0.0454,0.0,1
allin,2013-04-16,0.5,46.5,False,0.2989,0.6133,-0.0368,-0.0368,0.0,1
allin,2013-06-24,0.5,28.7,False,0.2877,0.2743,-0.067,-0.067,0.0,1
allin,2013-07-29,0.5,40.3,False,0.098,0.3192,-0.0658,-0.0658,-0.0,1
allin,2014-01-14,0.5,47.2,False,-0.0347,-0.0533,-0.0924,-0.0924,0.0,1
allin,2014-04-29,0.5,38.6,False,0.0234,0.1849,-0.0686,-0.0686,-0.0,1
allin,2014-06-05,0.5,44.9,False,0.0538,0.1483,-0.082,-0.082,0.0,1
allin,2015-07-07,0.5,19.6,False,-0.0633,0.0527,-0.1916,-0.1916,0.0,1
allin,2015-08-24,0.0,16.8,False,0.4218,0.0112,-0.1367,-0.1367,0.0,1
allin,2015-11-19,0.5,50.6,False,-0.1989,-0.2792,-0.1402,-0.1402,0.0,1
allin,2016-01-05,0.5,22.1,False,-0.0899,-0.091,-0.2276,-0.2276,-0.0,1
allin,2016-07-28,0.0,40.1,False,0.0244,-0.1195,-0.0237,-0.0237,0.0,1
allin,2017-01-17,0.5,36.0,False,-0.0047,-0.0881,-0.0163,-0.0163,0.0,1
allin,2017-03-31,0.5,41.1,False,-0.0561,-0.0522,-0.0898,-0.0898,0.0,1
allin,2019-08-06,0.5,32.5,False,0.1424,0.3599,-0.0319,-0.0319,0.0,1
allin,2019-09-27,0.5,41.8,False,0.0989,0.1446,-0.0257,-0.0257,-0.0,1
allin,2020-02-03,0.5,25.3,False,0.0774,0.4684,-0.1646,-0.1646,0.0,1
allin,2020-03-17,0.5,40.1,False,0.1967,0.3145,-0.0459,-0.0459,0.0,1
allin,2020-04-24,0.5,39.1,False,0.3024,0.3118,-0.0455,-0.0455,0.0,1
allin,2020-12-17,0.5,45.6,False,-0.0306,0.175,-0.0683,-0.0683,-0.0,1
allin,2021-06-25,0.5,43.1,False,-0.0737,-0.0139,-0.0919,-0.0919,0.0,1
allin,2021-07-28,0.5,36.4,False,-0.0379,-0.141,-0.1294,-0.1294,0.0,1
allin,2021-10-28,0.5,36.4,False,-0.0887,-0.3234,-0.0391,-0.0391,0.0,1
allin,2022-01-26,0.5,43.1,False,-0.2135,-0.0822,-0.1416,-0.1416,0.0,1
allin,2022-03-09,0.5,32.8,False,-0.0308,-0.0397,-0.2044,-0.2044,0.0,1
allin,2022-08-01,0.5,44.1,False,-0.1139,-0.0295,-0.0994,-0.0994,0.0,1
allin,2022-11-23,0.5,40.8,False,0.039,-0.0401,-0.0555,-0.0555,0.0,1
allin,2023-01-09,0.5,44.5,False,-0.0191,-0.1129,-0.0781,-0.0781,-0.0,1
allin,2023-04-24,0.5,38.1,False,-0.0303,-0.1758,-0.0864,-0.0864,0.0,1
allin,2023-05-25,0.5,43.8,False,-0.0648,-0.1261,-0.0489,-0.0489,0.0,1
allin,2023-06-27,0.5,45.6,False,-0.0902,-0.161,-0.0405,-0.0405,0.0,1
allin,2023-08-14,0.5,44.2,False,-0.063,-0.1971,-0.0843,-0.0843,0.0,1
allin,2023-12-06,0.5,41.9,False,0.006,-0.0488,-0.1128,-0.1128,0.0,1
allin,2025-04-08,0.0,36.0,False,0.1725,0.7407,-0.0374,-0.0374,0.0,1
allin,2026-03-24,0.5,41.5,False,0.2804,,-0.0505,-0.0505,-0.0,1
allin,2026-05-28,0.5,41.0,False,-0.1509,,-0.1483,-0.1483,0.0,1
ladder3x10,2010-06-02,0.0,19.2,True,0.0087,0.0529,0.0,-0.0833,0.0,1
ladder3x10,2011-02-16,0.0,56.8,True,-0.0661,-0.0671,0.0,-0.0332,-0.0,1
ladder3x10,2011-04-29,0.5,45.0,True,-0.0027,-0.0405,0.0,-0.0392,0.0,1
ladder3x10,2012-02-03,0.0,0.0,False,-0.0065,0.008,-0.0354,-0.058,0.0504,3
ladder3x10,2012-07-13,0.0,25.8,False,-0.0372,0.1463,-0.0454,-0.0454,0.0154,3
ladder3x10,2013-04-16,0.5,46.5,True,0.0996,0.2044,0.0,-0.0133,-0.0,1
ladder3x10,2013-06-24,0.5,28.7,True,0.2361,0.2196,-0.0458,-0.0463,0.0324,2
ladder3x10,2013-07-29,0.5,40.3,True,0.0327,0.1064,0.0,-0.023,0.0,1
ladder3x10,2014-01-14,0.5,47.2,True,-0.0116,-0.0178,0.0,-0.0328,-0.0,1
ladder3x10,2014-04-29,0.5,38.6,True,0.0078,0.0616,0.0,-0.0233,-0.0,1
ladder3x10,2014-06-05,0.5,44.9,True,0.0179,0.0494,0.0,-0.0283,0.0,1
ladder3x10,2015-07-07,0.5,19.6,True,-0.0211,0.0176,0.0,-0.0738,0.0,1
ladder3x10,2015-08-24,0.0,16.8,False,0.3662,0.0829,-0.1367,-0.1367,0.027,3
ladder3x10,2015-11-19,0.5,50.6,True,-0.0663,-0.0931,0.0,-0.0478,0.0,1
ladder3x10,2016-01-05,0.5,22.1,False,-0.052,-0.0591,-0.2276,-0.2276,-0.091,3
ladder3x10,2016-07-28,0.0,40.1,True,0.0081,-0.0398,0.0,-0.008,0.0,1
ladder3x10,2017-01-17,0.5,36.0,True,-0.0016,-0.0294,0.0,-0.0056,0.0,1
ladder3x10,2017-03-31,0.5,41.1,True,-0.0187,-0.0174,0.0,-0.0299,0.0,1
ladder3x10,2019-08-06,0.5,32.5,True,0.068,0.3042,-0.0067,-0.022,0.0352,2
ladder3x10,2019-09-27,0.5,41.8,True,0.033,0.0482,0.0,-0.0089,-0.0,1
ladder3x10,2020-02-03,0.5,25.3,True,0.0258,0.1561,0.0,-0.0622,0.0,1
ladder3x10,2020-03-17,0.5,40.1,True,0.1941,0.2337,-0.0308,-0.0308,-0.0059,2
ladder3x10,2020-04-24,0.5,39.1,True,0.1008,0.1039,0.0,-0.0158,-0.0,1
ladder3x10,2020-12-17,0.5,45.6,True,-0.0102,0.0583,0.0,-0.0257,-0.0,1
ladder3x10,2021-06-25,0.5,43.1,True,-0.0246,-0.0046,0.0,-0.0315,0.0,1
ladder3x10,2021-07-28,0.5,36.4,True,-0.0126,-0.047,0.0,-0.0439,-0.0,1
ladder3x10,2021-10-28,0.5,36.4,True,-0.0296,-0.1078,0.0,-0.0134,-0.0,1
ladder3x10,2022-01-26,0.5,43.1,True,-0.0712,-0.0274,0.0,-0.0473,0.0,1
ladder3x10,2022-03-09,0.5,32.8,False,0.0839,-0.1398,-0.0969,-0.2044,-0.0145,3
ladder3x10,2022-08-01,0.5,44.1,True,-0.038,-0.0098,0.0,-0.034,-0.0,1
ladder3x10,2022-11-23,0.5,40.8,True,0.013,-0.0134,0.0,-0.0189,0.0,1
ladder3x10,2023-01-09,0.5,44.5,True,-0.0064,-0.0376,0.0,-0.027,-0.0,1
ladder3x10,2023-04-24,0.5,38.1,True,-0.0086,-0.0694,-0.0228,-0.0581,-0.0015,2
ladder3x10,2023-05-25,0.5,43.8,True,-0.0216,-0.042,0.0,-0.0163,-0.0,1
ladder3x10,2023-06-27,0.5,45.6,True,-0.0301,-0.0537,0.0,-0.0137,-0.0,1
ladder3x10,2023-08-14,0.5,44.2,True,-0.0679,-0.0972,-0.0341,-0.0563,-0.0071,2
ladder3x10,2023-12-06,0.5,41.9,True,0.002,-0.0163,0.0,-0.0381,0.0,1
ladder3x10,2025-04-08,0.0,36.0,True,0.0575,0.2469,0.0,-0.0134,-0.0,1
ladder3x10,2026-03-24,0.5,41.5,True,0.0935,,0.0,-0.0168,0.0,1
ladder3x10,2026-05-28,0.5,41.0,False,,,-0.0756,-0.1483,-0.0039,3
dca_daily60,2010-06-02,0.0,19.2,True,-0.0035,0.0215,-0.0171,-0.0365,0.0606,9
dca_daily60,2011-02-16,0.0,56.8,True,-0.0033,-0.0034,0.0,-0.0017,0.0,1
dca_daily60,2011-04-29,0.5,45.0,True,-0.0001,-0.002,0.0,-0.002,0.0,1
dca_daily60,2012-02-03,0.0,0.0,False,-0.0501,-0.0506,-0.1438,-0.058,0.0547,60
dca_daily60,2012-07-13,0.0,25.8,False,0.0228,0.1789,-0.1325,-0.0454,0.0377,60
dca_daily60,2013-04-16,0.5,46.5,True,0.005,0.0102,0.0,-0.0007,0.0,1
dca_daily60,2013-06-24,0.5,28.7,True,0.0645,0.072,-0.0183,-0.0192,0.0809,16
dca_daily60,2013-07-29,0.5,40.3,True,0.0032,0.014,0.0,-0.0035,0.0219,3
dca_daily60,2014-01-14,0.5,47.2,True,-0.0006,-0.0009,0.0,-0.0017,0.0,1
dca_daily60,2014-04-29,0.5,38.6,True,0.001,0.0061,0.0,-0.0023,0.0073,2
dca_daily60,2014-06-05,0.5,44.9,True,0.0009,0.0025,0.0,-0.0014,0.0,1
dca_daily60,2015-07-07,0.5,19.6,True,-0.0052,-0.0065,0.0,-0.015,0.0571,4
dca_daily60,2015-08-24,0.0,16.8,True,-0.042,0.0123,-0.1082,-0.1082,0.0992,48
dca_daily60,2015-11-19,0.5,50.6,True,-0.0033,-0.0047,0.0,-0.0024,0.0,1
dca_daily60,2016-01-05,0.5,22.1,False,0.0638,0.0122,-0.2381,-0.2276,-0.1445,60
dca_daily60,2016-07-28,0.0,40.1,True,0.0013,-0.0137,-0.0015,-0.0032,-0.0008,8
dca_daily60,2017-01-17,0.5,36.0,True,-0.0029,-0.011,-0.0021,-0.0025,0.0144,9
dca_daily60,2017-03-31,0.5,41.1,True,-0.0009,-0.0009,0.0,-0.0015,0.0,1
dca_daily60,2019-08-06,0.5,32.5,True,0.0154,0.0933,-0.002,-0.0069,0.0387,12
dca_daily60,2019-09-27,0.5,41.8,True,0.0082,0.0137,-0.0004,-0.0018,0.0034,4
dca_daily60,2020-02-03,0.5,25.3,True,0.0079,0.0543,-0.0017,-0.0303,0.0762,10
dca_daily60,2020-03-17,0.5,40.1,True,0.1186,0.1068,-0.0123,-0.0123,0.0104,16
dca_daily60,2020-04-24,0.5,39.1,True,0.0529,0.058,-0.0018,-0.0078,0.0329,10
dca_daily60,2020-12-17,0.5,45.6,True,-0.0005,0.0029,0.0,-0.0014,0.0,1
dca_daily60,2021-06-25,0.5,43.1,True,-0.0012,-0.0002,0.0,-0.0016,0.0,1
dca_daily60,2021-07-28,0.5,36.4,True,-0.0011,-0.0043,-0.0002,-0.0044,-0.0028,2
dca_daily60,2021-10-28,0.5,36.4,True,-0.0109,-0.0274,-0.0006,-0.0034,-0.0025,5
dca_daily60,2022-01-26,0.5,43.1,True,-0.0143,-0.0062,-0.0016,-0.0095,-0.0041,4
dca_daily60,2022-03-09,0.5,32.8,False,0.0317,-0.0296,-0.2112,-0.2044,-0.0689,60
dca_daily60,2022-08-01,0.5,44.1,True,-0.0136,-0.0054,-0.0022,-0.012,-0.0048,7
dca_daily60,2022-11-23,0.5,40.8,True,0.0035,-0.003,-0.0011,-0.0038,-0.0063,4
dca_daily60,2023-01-09,0.5,44.5,True,-0.0003,-0.0019,0.0,-0.0014,0.0,1
dca_daily60,2023-04-24,0.5,38.1,True,-0.0099,-0.0281,-0.008,-0.0204,0.01,14
dca_daily60,2023-05-25,0.5,43.8,True,-0.0011,-0.0021,0.0,-0.0008,0.0,1
dca_daily60,2023-06-27,0.5,45.6,True,-0.0015,-0.0027,0.0,-0.0007,0.0,1
dca_daily60,2023-08-14,0.5,44.2,True,-0.0273,-0.0369,-0.013,-0.0214,-0.0235,15
dca_daily60,2023-12-06,0.5,41.9,True,-0.0006,-0.0038,-0.0004,-0.0076,0.0106,4
dca_daily60,2025-04-08,0.0,36.0,True,0.0054,0.0245,0.0,-0.0014,0.0112,2
dca_daily60,2026-03-24,0.5,41.5,True,0.0047,,0.0,-0.0008,0.0,1
dca_daily60,2026-05-28,0.5,41.0,False,,,-0.2579,-0.1483,-0.0638,60
