date,margin_pct
2019-07-11,0.7
2019-07-12,0.7051792828685259
2019-07-15,0.7301587301587301
2019-07-16,0.7470355731225297
2019-07-17,0.7598425196850394
2019-07-18,0.6980392156862745
2019-07-19,0.6875
2019-07-22,0.6614785992217899
2019-07-23,0.6201550387596899
2019-07-24,0.6332046332046332
2019-07-25,0.6307692307692307
2019-07-26,0.6551724137931034
2019-07-29,0.6259541984732825
2019-07-30,0.5893536121673004
2019-07-31,0.5568181818181818
2019-08-01,0.5471698113207547
2019-08-02,0.5225563909774437
2019-08-05,0.5430711610486891
2019-08-06,0.48134328358208955
2019-08-07,0.4423791821561338
2019-08-08,0.45925925925925926
2019-08-09,0.44280442804428044
2019-08-12,0.39338235294117646
2019-08-13,0.4358974358974359
2019-08-14,0.4343065693430657
2019-08-15,0.43636363636363634
2019-08-16,0.47101449275362317
2019-08-19,0.6245487364620939
2019-08-20,0.6726618705035972
2019-08-21,0.6774193548387096
2019-08-22,0.6892857142857143
2019-08-23,0.6797153024911032
2019-08-26,0.6843971631205674
2019-08-27,0.6749116607773852
2019-08-28,0.6936619718309859
2019-08-29,0.7052631578947368
2019-08-30,0.7237762237762237
2019-09-02,0.7456445993031359
2019-09-03,0.7916666666666666
2019-09-04,0.8200692041522492
2019-09-05,0.8413793103448276
2019-09-06,0.8419243986254296
2019-09-09,0.8424657534246576
2019-09-10,0.8430034129692833
2019-09-11,0.8469387755102041
2019-09-12,0.8372881355932204
2019-09-16,0.847972972972973
2019-09-17,0.835016835016835
2019-09-18,0.8322147651006712
2019-09-19,0.8394648829431438
2019-09-20,0.82
2019-09-23,0.8438538205980066
2019-09-24,0.8145695364238411
2019-09-25,0.8118811881188119
2019-09-26,0.805921052631579
2019-09-27,0.7573770491803279
2019-09-30,0.6830065359477124
2019-10-08,0.6938110749185668
2019-10-09,0.711038961038961
2019-10-10,0.7087378640776699
2019-10-11,0.6580645161290323
2019-10-14,0.7331189710610932
2019-10-15,0.6442307692307693
2019-10-16,0.6325878594249201
2019-10-17,0.60828025477707
2019-10-18,0.6253968253968254
2019-10-21,0.5569620253164557
2019-10-22,0.5520504731861199
2019-10-23,0.5440251572327044
2019-10-24,0.542319749216301
2019-10-25,0.584375
2019-10-28,0.6043613707165109
2019-10-29,0.6055900621118012
2019-10-30,0.6377708978328174
2019-10-31,0.6481481481481481
2019-11-01,0.6707692307692308
2019-11-04,0.7668711656441718
2019-11-05,0.7431192660550459
2019-11-06,0.7225609756097561
2019-11-07,0.7173252279635258
2019-11-08,0.7242424242424242
2019-11-11,0.6374622356495468
2019-11-12,0.641566265060241
2019-11-13,0.6546546546546547
2019-11-14,0.6766467065868264
2019-11-15,0.6776119402985075
2019-11-18,0.6785714285714286
2019-11-19,0.685459940652819
2019-11-20,0.6923076923076923
2019-11-21,0.6902654867256637
2019-11-22,0.6529411764705882
2019-11-25,0.6217008797653959
2019-11-26,0.6052631578947368
2019-11-27,0.6151603498542274
2019-11-28,0.6191860465116279
2019-11-29,0.6376811594202898
2019-12-02,0.630057803468208
2019-12-03,0.6311239193083573
2019-12-04,0.6494252873563219
2019-12-05,0.6532951289398281
2019-12-06,0.6742857142857143
2019-12-09,0.7378917378917379
2019-12-10,0.7642045454545454
2019-12-11,0.7535410764872521
2019-12-12,0.731638418079096
2019-12-13,0.7690140845070422
2019-12-16,0.8117977528089888
2019-12-17,0.8319327731092437
2019-12-18,0.8379888268156425
2019-12-19,0.841225626740947
2019-12-20,0.8416666666666667
2019-12-23,0.8421052631578947
2019-12-24,0.8425414364640884
2019-12-25,0.8429752066115702
2019-12-26,0.8598901098901099
2019-12-27,0.8493150684931506
2019-12-30,0.8743169398907104
2019-12-31,0.8719346049046321
2020-01-02,0.8777173913043478
2020-01-03,0.8780487804878049
2020-01-06,0.8810810810810811
2020-01-07,0.8814016172506739
2020-01-08,0.8844086021505376
2020-01-09,0.8847184986595175
2020-01-10,0.8796791443850267
2020-01-13,0.8853333333333333
2020-01-14,0.8803191489361702
2020-01-15,0.8647214854111406
2020-01-16,0.8624338624338624
2020-01-17,0.8522427440633246
2020-01-20,0.8605263157894737
2020-01-21,0.8582677165354331
2020-01-22,0.8612565445026178
2020-01-23,0.7963446475195822
2020-02-03,0.7421875
2020-02-04,0.7298701298701299
2020-02-05,0.6295336787564767
2020-02-06,0.7002583979328165
2020-02-07,0.6391752577319587
2020-02-10,0.6503856041131105
2020-02-11,0.5076923076923077
2020-02-12,0.5294117647058824
2020-02-13,0.5025510204081632
2020-02-14,0.4758269720101781
2020-02-17,0.583756345177665
2020-02-18,0.6430379746835443
2020-02-19,0.5959595959595959
2020-02-20,0.6700251889168766
2020-02-21,0.7160804020100503
2020-02-24,0.7894736842105263
2020-02-25,0.8025
2020-02-26,0.8129675810473815
2020-02-27,0.7960199004975125
2020-02-28,0.8039702233250621
2020-03-02,0.8712871287128713
2020-03-03,0.891358024691358
2020-03-04,0.896551724137931
2020-03-05,0.8968058968058968
2020-03-06,0.8872549019607843
2020-03-09,0.8753056234718827
2020-03-10,0.8878048780487805
2020-03-11,0.8686131386861314
2020-03-12,0.8567961165048543
2020-03-13,0.8450363196125908
2020-03-16,0.7584541062801933
2020-03-17,0.7156626506024096
2020-03-18,0.6322115384615384
2020-03-19,0.5635491606714629
2020-03-20,0.4569377990430622
2020-03-23,0.24105011933174225
2020-03-24,0.14761904761904762
2020-03-25,0.14251781472684086
2020-03-26,0.13744075829383887
2020-03-27,0.24113475177304963
2020-03-30,0.1580188679245283
2020-03-31,0.11058823529411765
2020-04-01,0.08450704225352113
2020-04-02,0.06323185011709602
2020-04-03,0.06542056074766354
2020-04-07,0.07692307692307693
2020-04-08,0.05813953488372093
2020-04-09,0.06960556844547564
2020-04-10,0.05324074074074074
2020-04-13,0.08545034642032333
2020-04-14,0.10599078341013825
2020-04-15,0.10574712643678161
2020-04-16,0.14908256880733944
2020-04-17,0.12814645308924486
2020-04-20,0.1689497716894977
2020-04-21,0.23690205011389523
2020-04-22,0.30454545454545456
2020-04-23,0.2743764172335601
2020-04-24,0.23529411764705882
2020-04-27,0.26636568848758463
2020-04-28,0.23873873873873874
2020-04-29,0.20674157303370785
2020-04-30,0.19955156950672645
2020-05-06,0.38031319910514544
2020-05-07,0.5022321428571429
2020-05-08,0.49888641425389757
2020-05-11,0.58
2020-05-12,0.6053215077605322
2020-05-13,0.6902654867256637
2020-05-14,0.7262693156732892
2020-05-15,0.7158590308370044
2020-05-18,0.7362637362637363
2020-05-19,0.743421052631579
2020-05-20,0.7636761487964989
2020-05-21,0.740174672489083
2020-05-22,0.7211328976034859
2020-05-25,0.7043478260869566
2020-05-26,0.7245119305856833
2020-05-27,0.7683982683982684
2020-05-28,0.7667386609071274
2020-05-29,0.7737068965517241
2020-06-01,0.8344086021505376
2020-06-02,0.8605150214592274
2020-06-03,0.8115631691648822
2020-06-04,0.7991452991452992
2020-06-05,0.7889125799573561
2020-06-08,0.7808510638297872
2020-06-09,0.7791932059447984
2020-06-10,0.7796610169491526
2020-06-11,0.7843551797040169
2020-06-12,0.7890295358649789
2020-06-15,0.7873684210526316
2020-06-16,0.7962184873949579
2020-06-17,0.8197064989517819
2020-06-18,0.8451882845188284
2020-06-19,0.8475991649269311
2020-06-22,0.8770833333333333
2020-06-23,0.8794178794178794
2020-06-24,0.8651452282157677
2020-06-29,0.8881987577639752
2020-06-30,0.9132231404958677
2020-07-01,0.9134020618556701
2020-07-02,0.9218106995884774
2020-07-03,0.9301848049281314
2020-07-06,0.9569672131147541
2020-07-07,0.9611451942740287
2020-07-08,0.9734693877551021
2020-07-09,0.9775967413441955
2020-07-10,0.9959349593495935
2020-07-13,1.0
2020-07-14,1.0
2020-07-15,1.0
2020-07-16,0.9959677419354839
2020-07-17,0.9919517102615694
2020-07-20,0.9919678714859438
2020-07-21,0.9919839679358717
2020-07-22,0.986
2020-07-23,0.9860279441117764
2020-07-24,0.9820717131474104
2020-07-27,0.9801192842942346
2020-07-28,0.9662698412698413
2020-07-29,0.9643564356435643
2020-07-30,0.9545454545454546
2020-07-31,0.9467455621301775
2020-08-03,0.937007874015748
2020-08-04,0.9214145383104125
2020-08-05,0.9137254901960784
2020-08-06,0.9060665362035225
2020-08-07,0.8828125
2020-08-10,0.8596491228070176
2020-08-11,0.8190661478599222
2020-08-12,0.7902912621359224
2020-08-13,0.7984496124031008
2020-08-14,0.8085106382978723
2020-08-17,0.8243243243243243
2020-08-18,0.8516377649325626
2020-08-19,0.8403846153846154
2020-08-20,0.8119001919385797
2020-08-21,0.8448275862068966
2020-08-24,0.8317399617590823
2020-08-25,0.816793893129771
2020-08-26,0.7714285714285715
2020-08-27,0.7452471482889734
2020-08-28,0.7324478178368121
2020-08-31,0.6893939393939394
2020-09-01,0.6918714555765595
2020-09-02,0.6566037735849056
2020-09-03,0.6308851224105462
2020-09-04,0.6691729323308271
2020-09-07,0.6097560975609756
2020-09-08,0.6348314606741573
2020-09-09,0.6411214953271028
2020-09-10,0.5690298507462687
2020-09-11,0.6163873370577281
2020-09-14,0.4721189591078067
2020-09-15,0.41187384044526903
2020-09-16,0.3888888888888889
2020-09-17,0.43622920517560076
2020-09-18,0.4612546125461255
2020-09-21,0.44935543278084716
2020-09-22,0.46691176470588236
2020-09-23,0.5467889908256881
2020-09-24,0.5512820512820513
2020-09-25,0.49725776965265084
2020-09-28,0.395985401459854
2020-09-29,0.3533697632058288
2020-09-30,0.2018181818181818
2020-10-09,0.2867513611615245
2020-10-12,0.34782608695652173
2020-10-13,0.41952983725135623
2020-10-14,0.463898916967509
2020-10-15,0.5009009009009009
2020-10-16,0.5557553956834532
2020-10-19,0.599640933572711
2020-10-20,0.589605734767025
2020-10-21,0.59391771019678
2020-10-22,0.625
2020-10-23,0.5098039215686274
2020-10-26,0.4697508896797153
2020-10-27,0.4937833037300178
2020-10-28,0.5
2020-10-29,0.49734513274336284
2020-10-30,0.43462897526501765
2020-11-02,0.4567901234567901
2020-11-03,0.5369718309859155
2020-11-04,0.5869947275922671
2020-11-05,0.7105263157894737
2020-11-06,0.6690017513134852
2020-11-09,0.6975524475524476
2020-11-10,0.6579406631762653
2020-11-11,0.5905923344947736
2020-11-12,0.6052173913043478
2020-11-13,0.6388888888888888
2020-11-16,0.6499133448873483
2020-11-17,0.6453287197231834
2020-11-18,0.6476683937823834
2020-11-19,0.6224137931034482
2020-11-20,0.6833046471600689
2020-11-23,0.7250859106529209
2020-11-24,0.7375643224699828
2020-11-25,0.7431506849315068
2020-11-26,0.7230769230769231
2020-11-27,0.7440273037542662
2020-11-30,0.7768313458262351
2020-12-01,0.7874149659863946
2020-12-02,0.7962648556876061
2020-12-03,0.7949152542372881
2020-12-04,0.8003384094754653
2020-12-07,0.768581081081081
2020-12-08,0.7824620573355818
2020-12-09,0.7609427609427609
2020-12-10,0.7697478991596639
2020-12-11,0.7432885906040269
2020-12-14,0.7353433835845896
2020-12-15,0.745819397993311
2020-12-16,0.7512520868113522
2020-12-17,0.7733333333333333
2020-12-18,0.778702163061564
2020-12-21,0.7724252491694352
2020-12-22,0.7529021558872305
2020-12-23,0.7632450331125827
2020-12-24,0.7702479338842976
2020-12-25,0.801980198019802
2020-12-28,0.7907742998352554
2020-12-29,0.7055921052631579
2020-12-30,0.7011494252873564
2020-12-31,0.6901639344262295
2021-01-04,0.8134206219312602
2021-01-05,0.8300653594771242
2021-01-06,0.8368678629690048
2021-01-07,0.8713355048859935
2021-01-08,0.865040650406504
2021-01-11,0.8782467532467533
2021-01-12,0.8833063209076175
2021-01-13,0.8883495145631068
2021-01-14,0.8836833602584814
2021-01-15,0.8790322580645161
2021-01-18,0.8856682769726248
2021-01-19,0.8794212218649518
2021-01-20,0.8908507223113965
2021-01-21,0.8958333333333334
2021-01-22,0.8928
2021-01-25,0.8961661341853036
2021-01-26,0.8819776714513556
2021-01-27,0.89171974522293
2021-01-28,0.8728139904610492
2021-01-29,0.8571428571428571
2021-02-01,0.7908082408874801
2021-02-02,0.7294303797468354
2021-02-03,0.6793048973143759
2021-02-04,0.637223974763407
2021-02-05,0.5795275590551181
2021-02-08,0.5267295597484277
2021-02-09,0.44427001569858715
2021-02-10,0.28996865203761757
2021-02-18,0.4131455399061033
2021-02-19,0.496875
2021-02-22,0.5756630265210608
2021-02-23,0.48598130841121495
2021-02-24,0.4494556765163297
2021-02-25,0.38819875776397517
2021-02-26,0.3550387596899225
2021-03-01,0.35139318885448917
2021-03-02,0.4126738794435858
2021-03-03,0.41512345679012347
2021-03-04,0.39907550077041604
2021-03-05,0.45076923076923076
2021-03-08,0.46543778801843316
2021-03-09,0.4003067484662577
2021-03-10,0.36447166921898927
2021-03-11,0.4418960244648318
2021-03-12,0.4870229007633588
2021-03-15,0.5625
2021-03-16,0.5205479452054794
2021-03-17,0.6610942249240122
2021-03-18,0.47496206373292865
2021-03-19,0.396969696969697
2021-03-22,0.3161875945537065
2021-03-23,0.32779456193353473
2021-03-24,0.3076923076923077
2021-03-25,0.2891566265060241
2021-03-26,0.3037593984962406
2021-03-29,0.2777777777777778
2021-03-30,0.2683658170914543
2021-03-31,0.28293413173652693
2021-04-01,0.3004484304932735
2021-04-02,0.31044776119402984
2021-04-06,0.35171385991058124
2021-04-07,0.45982142857142855
2021-04-08,0.5200594353640416
2021-04-09,0.4910979228486647
2021-04-12,0.5170370370370371
2021-04-13,0.40976331360946744
2021-04-14,0.465288035450517
2021-04-15,0.44542772861356933
2021-04-16,0.4683357879234168
2021-04-19,0.5205882352941177
2021-04-20,0.5007342143906021
2021-04-21,0.5425219941348973
2021-04-22,0.5783308931185944
2021-04-23,0.5745614035087719
2021-04-26,0.6175182481751825
2021-04-27,0.5889212827988338
2021-04-28,0.6026200873362445
2021-04-29,0.5406976744186046
2021-04-30,0.4397677793904209
2021-05-06,0.5594202898550724
2021-05-07,0.5151953690303908
2021-05-10,0.5274566473988439
2021-05-11,0.5382395382395382
2021-05-12,0.5878962536023055
2021-05-13,0.6143884892086331
2021-05-14,0.6508620689655172
2021-05-17,0.667144906743185
2021-05-18,0.6776504297994269
2021-05-19,0.6924177396280401
2021-05-20,0.6857142857142857
2021-05-21,0.6733238231098431
2021-05-24,0.6866096866096866
2021-05-25,0.6813655761024182
2021-05-26,0.7102272727272727
2021-05-27,0.7460992907801418
2021-05-28,0.7662889518413598
2021-05-31,0.8062234794908062
2021-06-01,0.8333333333333334
2021-06-02,0.8702397743300423
2021-06-03,0.8492957746478873
2021-06-04,0.8382559774964838
2021-06-07,0.8426966292134831
2021-06-08,0.8401122019635343
2021-06-09,0.8333333333333334
2021-06-10,0.8335664335664336
2021-06-11,0.8212290502793296
2021-06-15,0.8298465829846583
2021-06-16,0.8147632311977716
2021-06-17,0.8191933240611962
2021-06-18,0.825
2021-06-21,0.8502080443828016
2021-06-22,0.8490304709141274
2021-06-23,0.8464730290456431
2021-06-24,0.8383977900552486
2021-06-25,0.8082758620689655
2021-06-28,0.8319559228650137
2021-06-29,0.8101788170563962
2021-06-30,0.7953296703296703
2021-07-01,0.7462277091906722
2021-07-02,0.7273972602739726
2021-07-05,0.7729138166894665
2021-07-06,0.7295081967213115
2021-07-07,0.7680763983628922
2021-07-08,0.7833787465940054
2021-07-09,0.7727891156462585
2021-07-12,0.8206521739130435
2021-07-13,0.8086838534599728
2021-07-14,0.8075880758807588
2021-07-15,0.7875507442489851
2021-07-16,0.7648648648648648
2021-07-19,0.7435897435897436
2021-07-20,0.7075471698113207
2021-07-21,0.746971736204576
2021-07-22,0.7768817204301075
2021-07-23,0.7825503355704698
2021-07-26,0.7587131367292225
2021-07-27,0.7001338688085676
2021-07-28,0.6323529411764706
2021-07-29,0.6955941255006676
2021-07-30,0.672
2021-08-02,0.6937416777629827
2021-08-03,0.675531914893617
2021-08-04,0.6626826029216467
2021-08-05,0.649867374005305
2021-08-06,0.6556291390728477
2021-08-09,0.6428571428571429
2021-08-10,0.6283068783068783
2021-08-11,0.6494708994708994
2021-08-12,0.6931216931216931
2021-08-13,0.6759259259259259
2021-08-16,0.6626984126984127
2021-08-17,0.6256613756613757
2021-08-18,0.6044973544973545
2021-08-19,0.5
2021-08-20,0.45634920634920634
2021-08-23,0.5502645502645502
2021-08-24,0.6071428571428571
2021-08-25,0.6812169312169312
2021-08-26,0.6838624338624338
2021-08-27,0.6613756613756614
2021-08-30,0.6574074074074074
2021-08-31,0.6759259259259259
2021-09-01,0.66005291005291
2021-09-02,0.6640211640211641
2021-09-03,0.6349206349206349
2021-09-06,0.6547619047619048
2021-09-07,0.7156084656084656
2021-09-08,0.7619047619047619
2021-09-09,0.7777777777777778
2021-09-10,0.794973544973545
2021-09-13,0.8465608465608465
2021-09-14,0.8796296296296297
2021-09-15,0.8809523809523809
2021-09-16,0.8677248677248677
2021-09-17,0.8161375661375662
2021-09-22,0.7870370370370371
2021-09-23,0.7962962962962963
2021-09-24,0.7367724867724867
2021-09-27,0.6137566137566137
2021-09-28,0.626984126984127
2021-09-29,0.5396825396825397
2021-09-30,0.3505291005291005
2021-10-08,0.40476190476190477
2021-10-11,0.40343915343915343
2021-10-12,0.40476190476190477
2021-10-13,0.3002645502645503
2021-10-14,0.2526455026455027
2021-10-15,0.16534391534391535
2021-10-18,0.16137566137566137
2021-10-19,0.164021164021164
2021-10-20,0.14417989417989419
2021-10-21,0.1388888888888889
2021-10-22,0.10185185185185185
2021-10-25,0.1574074074074074
2021-10-26,0.2724867724867725
2021-10-27,0.2447089947089947
2021-10-28,0.1746031746031746
2021-10-29,0.1865079365079365
2021-11-01,0.27380952380952384
2021-11-02,0.25793650793650796
2021-11-03,0.3002645502645503
2021-11-04,0.5145502645502645
2021-11-05,0.31216931216931215
2021-11-08,0.3082010582010582
2021-11-09,0.3716931216931217
2021-11-10,0.4074074074074074
2021-11-11,0.41798941798941797
2021-11-12,0.4246031746031746
2021-11-15,0.32142857142857145
2021-11-16,0.2857142857142857
2021-11-17,0.2619047619047619
2021-11-18,0.2724867724867725
2021-11-19,0.294973544973545
2021-11-22,0.33465608465608465
2021-11-23,0.31613756613756616
2021-11-24,0.294973544973545
2021-11-25,0.38095238095238093
2021-11-26,0.4060846560846561
2021-11-29,0.43783068783068785
2021-11-30,0.5145502645502645
2021-12-01,0.5582010582010583
2021-12-02,0.5092592592592593
2021-12-03,0.5767195767195767
2021-12-06,0.5582010582010583
2021-12-07,0.5291005291005291
2021-12-08,0.5423280423280423
2021-12-09,0.5476190476190477
2021-12-10,0.5886243386243386
2021-12-13,0.6164021164021164
2021-12-14,0.6481481481481481
2021-12-15,0.66005291005291
2021-12-16,0.6283068783068783
2021-12-17,0.6005291005291006
2021-12-20,0.5343915343915344
2021-12-21,0.4947089947089947
2021-12-22,0.4947089947089947
2021-12-23,0.47354497354497355
2021-12-24,0.40476190476190477
2021-12-27,0.39814814814814814
2021-12-28,0.4007936507936508
2021-12-29,0.3425925925925926
2021-12-30,0.37566137566137564
2021-12-31,0.291005291005291
2022-01-04,0.3505291005291005
2022-01-05,0.3425925925925926
2022-01-06,0.3029100529100529
2022-01-07,0.17857142857142858
2022-01-10,0.17592592592592593
2022-01-11,0.1388888888888889
2022-01-12,0.14682539682539683
2022-01-13,0.11904761904761904
2022-01-14,0.11243386243386243
2022-01-17,0.15873015873015872
2022-01-18,0.1574074074074074
2022-01-19,0.13227513227513227
2022-01-20,0.0992063492063492
2022-01-21,0.06613756613756613
2022-01-24,0.07804232804232804
2022-01-25,0.05291005291005291
2022-01-26,0.03571428571428571
2022-01-27,0.03042328042328042
2022-01-28,0.011904761904761904
2022-02-07,0.018518518518518517
2022-02-08,0.015873015873015872
2022-02-09,0.018518518518518517
2022-02-10,0.018518518518518517
2022-02-11,0.02513227513227513
2022-02-14,0.027777777777777776
2022-02-15,0.031746031746031744
2022-02-16,0.027777777777777776
2022-02-17,0.03042328042328042
2022-02-18,0.03042328042328042
2022-02-21,0.03835978835978836
2022-02-22,0.047619047619047616
2022-02-23,0.06746031746031746
2022-02-24,0.09259259259259259
2022-02-25,0.12566137566137567
2022-02-28,0.1335978835978836
2022-03-01,0.164021164021164
2022-03-02,0.19444444444444445
2022-03-03,0.22883597883597884
2022-03-04,0.4298941798941799
2022-03-07,0.46164021164021163
2022-03-08,0.4947089947089947
2022-03-09,0.43783068783068785
2022-03-10,0.43915343915343913
2022-03-11,0.46296296296296297
2022-03-14,0.43386243386243384
2022-03-15,0.28174603174603174
2022-03-16,0.2526455026455027
2022-03-17,0.2156084656084656
2022-03-18,0.17724867724867724
2022-03-21,0.17328042328042328
2022-03-22,0.1574074074074074
2022-03-23,0.13756613756613756
2022-03-24,0.12962962962962962
2022-03-25,0.12566137566137567
2022-03-28,0.11904761904761904
2022-03-29,0.11507936507936507
2022-03-30,0.12169312169312169
2022-03-31,0.10714285714285714
2022-04-01,0.0873015873015873
2022-04-06,0.09259259259259259
2022-04-07,0.082010582010582
2022-04-08,0.082010582010582
2022-04-11,0.07142857142857142
2022-04-12,0.082010582010582
2022-04-13,0.06481481481481481
2022-04-14,0.09126984126984126
2022-04-15,0.08597883597883597
2022-04-18,0.10317460317460317
2022-04-19,0.14682539682539683
2022-04-20,0.13227513227513227
2022-04-21,0.09788359788359788
2022-04-22,0.05555555555555555
2022-04-25,0.03306878306878307
2022-04-26,0.0026455026455026454
2022-04-27,0.0013227513227513227
2022-04-28,0.0013227513227513227
2022-04-29,0.0013227513227513227
2022-05-05,0.0026455026455026454
2022-05-06,0.005291005291005291
2022-05-09,0.005291005291005291
2022-05-10,0.007936507936507936
2022-05-11,0.010582010582010581
2022-05-12,0.015873015873015872
2022-05-13,0.01455026455026455
2022-05-16,0.03042328042328042
2022-05-17,0.031746031746031744
2022-05-18,0.04365079365079365
2022-05-19,0.04497354497354497
2022-05-20,0.03968253968253968
2022-05-23,0.051587301587301584
2022-05-24,0.06349206349206349
2022-05-25,0.08068783068783068
2022-05-26,0.14814814814814814
2022-05-27,0.23677248677248677
2022-05-30,0.33994708994708994
2022-05-31,0.4603174603174603
2022-06-01,0.5952380952380952
2022-06-02,0.5198412698412699
2022-06-06,0.6124338624338624
2022-06-07,0.6150793650793651
2022-06-08,0.623015873015873
2022-06-09,0.6044973544973545
2022-06-10,0.5859788359788359
2022-06-13,0.667989417989418
2022-06-14,0.6785714285714286
2022-06-15,0.7314814814814815
2022-06-16,0.7433862433862434
2022-06-17,0.6944444444444444
2022-06-20,0.8055555555555556
2022-06-21,0.7288359788359788
2022-06-22,0.7976190476190477
2022-06-23,0.794973544973545
2022-06-24,0.7883597883597884
2022-06-27,0.8611111111111112
2022-06-28,0.8849206349206349
2022-06-29,0.8809523809523809
2022-06-30,0.8915343915343915
2022-07-01,0.8888888888888888
2022-07-04,0.8690476190476191
2022-07-05,0.8637566137566137
2022-07-06,0.876984126984127
2022-07-07,0.8849206349206349
2022-07-08,0.8809523809523809
2022-07-11,0.8253968253968254
2022-07-12,0.791005291005291
2022-07-13,0.75
2022-07-14,0.7420634920634921
2022-07-15,0.746031746031746
2022-07-18,0.6878306878306878
2022-07-19,0.753968253968254
2022-07-20,0.7288359788359788
2022-07-21,0.7354497354497355
2022-07-22,0.7235449735449735
2022-07-25,0.6296296296296297
2022-07-26,0.5873015873015873
2022-07-27,0.6031746031746031
2022-07-28,0.5767195767195767
2022-07-29,0.5833333333333334
2022-08-01,0.5502645502645502
2022-08-02,0.3888888888888889
2022-08-03,0.31746031746031744
2022-08-04,0.32407407407407407
2022-08-05,0.3439153439153439
2022-08-08,0.36772486772486773
2022-08-09,0.45105820105820105
2022-08-10,0.4708994708994709
2022-08-11,0.4312169312169312
2022-08-12,0.40476190476190477
2022-08-15,0.42592592592592593
2022-08-16,0.4126984126984127
2022-08-17,0.40343915343915343
2022-08-18,0.4298941798941799
2022-08-19,0.376984126984127
2022-08-22,0.414021164021164
2022-08-23,0.4603174603174603
2022-08-24,0.3558201058201058
2022-08-25,0.3187830687830688
2022-08-26,0.291005291005291
2022-08-29,0.28174603174603174
2022-08-30,0.3783068783068783
2022-08-31,0.2843915343915344
2022-09-01,0.24074074074074073
2022-09-02,0.2275132275132275
2022-09-05,0.21031746031746032
2022-09-06,0.17724867724867724
2022-09-07,0.1746031746031746
2022-09-08,0.164021164021164
2022-09-09,0.14814814814814814
2022-09-13,0.14814814814814814
2022-09-14,0.13095238095238096
2022-09-15,0.10582010582010581
2022-09-16,0.07936507936507936
2022-09-19,0.08333333333333333
2022-09-20,0.082010582010582
2022-09-21,0.07671957671957672
2022-09-22,0.08597883597883597
2022-09-23,0.07407407407407407
2022-09-26,0.082010582010582
2022-09-27,0.07671957671957672
2022-09-28,0.06349206349206349
2022-09-29,0.07671957671957672
2022-09-30,0.0582010582010582
2022-10-10,0.062169312169312166
2022-10-11,0.062169312169312166
2022-10-12,0.06613756613756613
2022-10-13,0.06746031746031746
2022-10-14,0.07275132275132275
2022-10-17,0.12037037037037036
2022-10-18,0.10978835978835978
2022-10-19,0.12301587301587301
2022-10-20,0.14682539682539683
2022-10-21,0.14814814814814814
2022-10-24,0.1746031746031746
2022-10-25,0.16005291005291006
2022-10-26,0.17724867724867724
2022-10-27,0.17724867724867724
2022-10-28,0.15873015873015872
2022-10-31,0.1746031746031746
2022-11-01,0.1865079365079365
2022-11-02,0.22486772486772486
2022-11-03,0.2791005291005291
2022-11-04,0.46296296296296297
2022-11-07,0.5198412698412699
2022-11-08,0.5582010582010583
2022-11-09,0.5568783068783069
2022-11-10,0.533068783068783
2022-11-11,0.455026455026455
2022-11-14,0.41798941798941797
2022-11-15,0.4603174603174603
2022-11-16,0.4166666666666667
2022-11-17,0.44312169312169314
2022-11-18,0.43783068783068785
2022-11-21,0.4722222222222222
2022-11-22,0.4828042328042328
2022-11-23,0.44841269841269843
2022-11-24,0.4537037037037037
2022-11-25,0.5092592592592593
2022-11-28,0.5145502645502645
2022-11-29,0.5145502645502645
2022-11-30,0.44047619047619047
2022-12-01,0.4007936507936508
2022-12-02,0.3862433862433862
2022-12-05,0.3968253968253968
2022-12-06,0.3716931216931217
2022-12-07,0.37566137566137564
2022-12-08,0.38227513227513227
2022-12-09,0.4748677248677249
2022-12-12,0.544973544973545
2022-12-13,0.48412698412698413
2022-12-14,0.44312169312169314
2022-12-15,0.4021164021164021
2022-12-16,0.3941798941798942
2022-12-19,0.30158730158730157
2022-12-20,0.3187830687830688
2022-12-21,0.28174603174603174
2022-12-22,0.2698412698412698
2022-12-23,0.2857142857142857
2022-12-26,0.3082010582010582
2022-12-27,0.27380952380952384
2022-12-28,0.28174603174603174
2022-12-29,0.26587301587301587
2022-12-30,0.2275132275132275
2023-01-03,0.21428571428571427
2023-01-04,0.2156084656084656
2023-01-05,0.21031746031746032
2023-01-06,0.1984126984126984
2023-01-09,0.2222222222222222
2023-01-10,0.19576719576719576
2023-01-11,0.18783068783068782
2023-01-12,0.18915343915343916
2023-01-13,0.1626984126984127
2023-01-16,0.1984126984126984
2023-01-17,0.19576719576719576
2023-01-18,0.17328042328042328
2023-01-19,0.18253968253968253
2023-01-20,0.12698412698412698
2023-01-30,0.25
2023-01-31,0.2724867724867725
2023-02-01,0.34656084656084657
2023-02-02,0.46164021164021163
2023-02-03,0.47883597883597884
2023-02-06,0.5965608465608465
2023-02-07,0.5965608465608465
2023-02-08,0.6031746031746031
2023-02-09,0.5992063492063492
2023-02-10,0.5992063492063492
2023-02-13,0.6243386243386243
2023-02-14,0.6415343915343915
2023-02-15,0.6706349206349206
2023-02-16,0.671957671957672
2023-02-17,0.6798941798941799
2023-02-20,0.705026455026455
2023-02-21,0.7658730158730159
2023-02-22,0.8161375661375662
2023-02-23,0.8240740740740741
2023-02-24,0.8941798941798942
2023-02-27,0.7936507936507936
2023-02-28,0.7513227513227513
2023-03-01,0.6878306878306878
2023-03-02,0.6507936507936508
2023-03-03,0.6428571428571429
2023-03-06,0.6441798941798942
2023-03-07,0.6164021164021164
2023-03-08,0.6256613756613757
2023-03-09,0.6455026455026455
2023-03-10,0.6349206349206349
2023-03-13,0.593915343915344
2023-03-14,0.6044973544973545
2023-03-15,0.5846560846560847
2023-03-16,0.6071428571428571
2023-03-17,0.6335978835978836
2023-03-20,0.6190476190476191
2023-03-21,0.6031746031746031
2023-03-22,0.5873015873015873
2023-03-23,0.6283068783068783
2023-03-24,0.6468253968253969
2023-03-27,0.6904761904761905
2023-03-28,0.6917989417989417
2023-03-29,0.6746031746031746
2023-03-30,0.6865079365079365
2023-03-31,0.6613756613756614
2023-04-03,0.6732804232804233
2023-04-04,0.6851851851851852
2023-04-06,0.753968253968254
2023-04-07,0.6944444444444444
2023-04-10,0.7407407407407407
2023-04-11,0.7208994708994709
2023-04-12,0.7420634920634921
2023-04-13,0.7063492063492064
2023-04-14,0.6772486772486772
2023-04-17,0.7367724867724867
2023-04-18,0.708994708994709
2023-04-19,0.7023809523809523
2023-04-20,0.7367724867724867
2023-04-21,0.6441798941798942
2023-04-24,0.6388888888888888
2023-04-25,0.5092592592592593
2023-04-26,0.4537037037037037
2023-04-27,0.3915343915343915
2023-04-28,0.2896825396825397
2023-05-04,0.41534391534391535
2023-05-05,0.3055555555555556
2023-05-08,0.38095238095238093
2023-05-09,0.32936507936507936
2023-05-10,0.3783068783068783
2023-05-11,0.37566137566137564
2023-05-12,0.32671957671957674
2023-05-15,0.29365079365079366
2023-05-16,0.28703703703703703
2023-05-17,0.32142857142857145
2023-05-18,0.3055555555555556
2023-05-19,0.2777777777777778
2023-05-22,0.2619047619047619
2023-05-23,0.22883597883597884
2023-05-24,0.27645502645502645
2023-05-25,0.2698412698412698
2023-05-26,0.29365079365079366
2023-05-29,0.34523809523809523
2023-05-30,0.37962962962962965
2023-05-31,0.5119047619047619
2023-06-01,0.4113756613756614
2023-06-02,0.38756613756613756
2023-06-05,0.31613756613756616
2023-06-06,0.2552910052910053
2023-06-07,0.23015873015873015
2023-06-08,0.2222222222222222
2023-06-09,0.23148148148148148
2023-06-12,0.23677248677248677
2023-06-13,0.2447089947089947
2023-06-14,0.23148148148148148
2023-06-15,0.21031746031746032
2023-06-16,0.20634920634920634
2023-06-19,0.24206349206349206
2023-06-20,0.25793650793650796
2023-06-21,0.19973544973544974
2023-06-26,0.20502645502645503
2023-06-27,0.22354497354497355
2023-06-28,0.21164021164021163
2023-06-29,0.2222222222222222
2023-06-30,0.18518518518518517
2023-07-03,0.18783068783068782
2023-07-04,0.22354497354497355
2023-07-05,0.20899470899470898
2023-07-06,0.23412698412698413
2023-07-07,0.21296296296296297
2023-07-10,0.24603174603174602
2023-07-11,0.2671957671957672
2023-07-12,0.21031746031746032
2023-07-13,0.20238095238095238
2023-07-14,0.18783068783068782
2023-07-17,0.20767195767195767
2023-07-18,0.2328042328042328
2023-07-19,0.21296296296296297
2023-07-20,0.17592592592592593
2023-07-21,0.19973544973544974
2023-07-24,0.17857142857142858
2023-07-25,0.17857142857142858
2023-07-26,0.18386243386243387
2023-07-27,0.17989417989417988
2023-07-28,0.20634920634920634
2023-07-31,0.2777777777777778
2023-08-01,0.28703703703703703
2023-08-02,0.3187830687830688
2023-08-03,0.3544973544973545
2023-08-04,0.4060846560846561
2023-08-07,0.455026455026455
2023-08-08,0.5066137566137566
2023-08-09,0.5198412698412699
2023-08-10,0.5515873015873016
2023-08-11,0.5238095238095238
2023-08-14,0.5145502645502645
2023-08-15,0.5119047619047619
2023-08-16,0.48544973544973546
2023-08-17,0.5502645502645502
2023-08-18,0.5542328042328042
2023-08-21,0.6005291005291006
2023-08-22,0.6111111111111112
2023-08-23,0.593915343915344
2023-08-24,0.58994708994709
2023-08-25,0.5211640211640212
2023-08-28,0.4669312169312169
2023-08-29,0.5343915343915344
2023-08-30,0.4708994708994709
2023-08-31,0.4007936507936508
2023-09-01,0.33201058201058203
2023-09-04,0.3253968253968254
2023-09-05,0.3439153439153439
2023-09-06,0.3968253968253968
2023-09-07,0.37433862433862436
2023-09-08,0.4007936507936508
2023-09-11,0.6587301587301587
2023-09-12,0.716931216931217
2023-09-13,0.7711640211640212
2023-09-14,0.7658730158730159
2023-09-15,0.8267195767195767
2023-09-18,0.8452380952380952
2023-09-19,0.8386243386243386
2023-09-20,0.8611111111111112
2023-09-21,0.876984126984127
2023-09-22,0.9087301587301587
2023-09-25,0.8968253968253969
2023-09-26,0.8743386243386243
2023-09-27,0.8809523809523809
2023-09-28,0.753968253968254
2023-10-09,0.8981481481481481
2023-10-10,0.9007936507936508
2023-10-11,0.8994708994708994
2023-10-12,0.8981481481481481
2023-10-13,0.9021164021164021
2023-10-16,0.9232804232804233
2023-10-17,0.7751322751322751
2023-10-18,0.716931216931217
2023-10-19,0.708994708994709
2023-10-20,0.705026455026455
2023-10-23,0.7037037037037037
2023-10-24,0.6772486772486772
2023-10-25,0.6812169312169312
2023-10-26,0.6732804232804233
2023-10-27,0.626984126984127
2023-10-30,0.7037037037037037
2023-10-31,0.6984126984126984
2023-11-01,0.7235449735449735
2023-11-02,0.6851851851851852
2023-11-03,0.7751322751322751
2023-11-06,0.7711640211640212
2023-11-07,0.7473544973544973
2023-11-08,0.7962962962962963
2023-11-09,0.7738095238095238
2023-11-10,0.8002645502645502
2023-11-13,0.8042328042328042
2023-11-14,0.8465608465608465
2023-11-15,0.8677248677248677
2023-11-16,0.8227513227513228
2023-11-17,0.8187830687830688
2023-11-20,0.8544973544973545
2023-11-21,0.832010582010582
2023-11-22,0.8386243386243386
2023-11-23,0.8452380952380952
2023-11-24,0.8465608465608465
2023-11-27,0.7658730158730159
2023-11-28,0.746031746031746
2023-11-29,0.708994708994709
2023-11-30,0.7235449735449735
2023-12-01,0.8002645502645502
2023-12-04,0.6891534391534392
2023-12-05,0.6613756613756614
2023-12-06,0.6124338624338624
2023-12-07,0.6335978835978836
2023-12-08,0.593915343915344
2023-12-11,0.578042328042328
2023-12-12,0.5568783068783069
2023-12-13,0.5423280423280423
2023-12-14,0.541005291005291
2023-12-15,0.5462962962962963
2023-12-18,0.45634920634920634
2023-12-19,0.4973544973544973
2023-12-20,0.4074074074074074
2023-12-21,0.4113756613756614
2023-12-22,0.39021164021164023
2023-12-25,0.376984126984127
2023-12-26,0.3544973544973545
2023-12-27,0.35714285714285715
2023-12-28,0.4113756613756614
2023-12-29,0.32671957671957674
2024-01-02,0.35978835978835977
2024-01-03,0.3544973544973545
2024-01-04,0.37037037037037035
2024-01-05,0.27645502645502645
2024-01-08,0.3029100529100529
2024-01-09,0.25925925925925924
2024-01-10,0.22883597883597884
2024-01-11,0.21957671957671956
2024-01-12,0.18783068783068782
2024-01-15,0.19047619047619047
2024-01-16,0.18121693121693122
2024-01-17,0.18253968253968253
2024-01-18,0.16005291005291006
2024-01-19,0.12566137566137567
2024-01-22,0.10317460317460317
2024-01-23,0.09523809523809523
2024-01-24,0.09656084656084656
2024-01-25,0.10185185185185185
2024-01-26,0.07142857142857142
2024-01-29,0.09788359788359788
2024-01-30,0.0582010582010582
2024-01-31,0.042328042328042326
2024-02-01,0.023809523809523808
2024-02-02,0.010582010582010581
2024-02-05,0.0013227513227513227
2024-02-06,0.0013227513227513227
2024-02-07,0.0013227513227513227
2024-02-08,0.0013227513227513227
2024-02-19,0.003968253968253968
2024-02-20,0.005291005291005291
2024-02-21,0.007936507936507936
2024-02-22,0.009259259259259259
2024-02-23,0.011904761904761904
2024-02-26,0.015873015873015872
2024-02-27,0.0291005291005291
2024-02-28,0.037037037037037035
2024-02-29,0.042328042328042326
2024-03-01,0.042328042328042326
2024-03-04,0.06481481481481481
2024-03-05,0.06084656084656084
2024-03-06,0.07539682539682539
2024-03-07,0.11375661375661375
2024-03-08,0.14947089947089948
2024-03-11,0.4351851851851852
2024-03-12,0.8783068783068783
2024-03-13,0.9629629629629629
2024-03-14,0.9947089947089947
2024-03-15,1.0
2024-03-18,0.9986772486772487
2024-03-19,0.9986772486772487
2024-03-20,0.9986772486772487
2024-03-21,1.0
2024-03-22,0.9933862433862434
2024-03-25,0.9867724867724867
2024-03-26,0.958994708994709
2024-03-27,0.9338624338624338
2024-03-28,0.9312169312169312
2024-03-29,0.9074074074074074
2024-04-01,0.9007936507936508
2024-04-02,0.9259259259259259
2024-04-03,0.873015873015873
2024-04-08,0.9074074074074074
2024-04-09,0.9140211640211641
2024-04-10,0.8346560846560847
2024-04-11,0.746031746031746
2024-04-12,0.6746031746031746
2024-04-15,0.6428571428571429
2024-04-16,0.6296296296296297
2024-04-17,0.5687830687830688
2024-04-18,0.5357142857142857
2024-04-19,0.38095238095238093
2024-04-22,0.32407407407407407
2024-04-23,0.33465608465608465
2024-04-24,0.32671957671957674
2024-04-25,0.3187830687830688
2024-04-26,0.335978835978836
2024-04-29,0.38095238095238093
2024-04-30,0.29365079365079366
2024-05-06,0.38227513227513227
2024-05-07,0.3968253968253968
2024-05-08,0.5264550264550265
2024-05-09,0.4417989417989418
2024-05-10,0.42857142857142855
2024-05-13,0.5185185185185185
2024-05-14,0.5674603174603174
2024-05-15,0.5727513227513228
2024-05-16,0.6058201058201058
2024-05-17,0.5925925925925926
2024-05-20,0.5568783068783069
2024-05-21,0.548941798941799
2024-05-22,0.5952380952380952
2024-05-23,0.5753968253968254
2024-05-24,0.5462962962962963
2024-05-27,0.5621693121693122
2024-05-28,0.578042328042328
2024-05-29,0.582010582010582
2024-05-30,0.5013227513227513
2024-05-31,0.6283068783068783
2024-06-03,0.41798941798941797
2024-06-04,0.33994708994708994
2024-06-05,0.30952380952380953
2024-06-06,0.2777777777777778
2024-06-07,0.23015873015873015
2024-06-11,0.2566137566137566
2024-06-12,0.23941798941798942
2024-06-13,0.25925925925925924
2024-06-14,0.2156084656084656
2024-06-17,0.3002645502645503
2024-06-18,0.30952380952380953
2024-06-19,0.2843915343915344
2024-06-20,0.24603174603174602
2024-06-21,0.21957671957671956
2024-06-24,0.22486772486772486
2024-06-25,0.1865079365079365
2024-06-26,0.18253968253968253
2024-06-27,0.1626984126984127
2024-06-28,0.1335978835978836
2024-07-01,0.14153439153439154
2024-07-02,0.14682539682539683
2024-07-03,0.164021164021164
2024-07-04,0.1349206349206349
2024-07-05,0.13227513227513227
2024-07-08,0.1388888888888889
2024-07-09,0.10449735449735449
2024-07-10,0.09391534391534391
2024-07-11,0.08994708994708994
2024-07-12,0.08465608465608465
2024-07-15,0.07275132275132275
2024-07-16,0.06746031746031746
2024-07-17,0.06349206349206349
2024-07-18,0.06084656084656084
2024-07-19,0.056878306878306875
2024-07-22,0.07671957671957672
2024-07-23,0.08465608465608465
2024-07-24,0.08068783068783068
2024-07-25,0.09126984126984126
2024-07-26,0.10317460317460317
2024-07-29,0.11507936507936507
2024-07-30,0.1164021164021164
2024-07-31,0.13624338624338625
2024-08-01,0.17857142857142858
2024-08-02,0.19047619047619047
2024-08-05,0.20899470899470898
2024-08-06,0.2261904761904762
2024-08-07,0.23677248677248677
2024-08-08,0.23148148148148148
2024-08-09,0.27116402116402116
2024-08-12,0.28703703703703703
2024-08-13,0.3187830687830688
2024-08-14,0.3664021164021164
2024-08-15,0.3888888888888889
2024-08-16,0.42063492063492064
2024-08-19,0.36772486772486773
2024-08-20,0.3941798941798942
2024-08-21,0.4113756613756614
2024-08-22,0.34523809523809523
2024-08-23,0.3148148148148148
2024-08-26,0.30158730158730157
2024-08-27,0.2619047619047619
2024-08-28,0.22354497354497355
2024-08-29,0.2208994708994709
2024-08-30,0.23941798941798942
2024-09-02,0.28835978835978837
2024-09-03,0.27116402116402116
2024-09-04,0.26587301587301587
2024-09-05,0.2619047619047619
2024-09-06,0.23412698412698413
2024-09-09,0.25396825396825395
2024-09-10,0.24735449735449735
2024-09-11,0.22883597883597884
2024-09-12,0.23677248677248677
2024-09-13,0.21164021164021163
2024-09-18,0.20502645502645503
2024-09-19,0.2261904761904762
2024-09-20,0.19576719576719576
2024-09-23,0.24206349206349206
2024-09-24,0.291005291005291
2024-09-25,0.26587301587301587
2024-09-26,0.32407407407407407
2024-09-27,0.47354497354497355
2024-09-30,0.9378306878306878
2024-10-08,1.0
2024-10-09,1.0
2024-10-10,1.0
2024-10-11,0.9973544973544973
2024-10-14,1.0
2024-10-15,1.0
2024-10-16,0.9986772486772487
2024-10-17,1.0
2024-10-18,1.0
2024-10-21,1.0
2024-10-22,1.0
2024-10-23,1.0
2024-10-24,1.0
2024-10-25,1.0
2024-10-28,1.0
2024-10-29,1.0
2024-10-30,1.0
2024-10-31,1.0
2024-11-01,0.996031746031746
2024-11-04,0.9880952380952381
2024-11-05,0.9735449735449735
2024-11-06,0.9722222222222222
2024-11-07,0.9735449735449735
2024-11-08,0.9748677248677249
2024-11-11,0.9814814814814815
2024-11-12,0.9828042328042328
2024-11-13,0.9841269841269841
2024-11-14,0.9788359788359788
2024-11-15,0.9695767195767195
2024-11-18,0.966931216931217
2024-11-19,0.9656084656084656
2024-11-20,0.9616402116402116
2024-11-21,0.958994708994709
2024-11-22,0.9576719576719577
2024-11-25,0.955026455026455
2024-11-26,0.9537037037037037
2024-11-27,0.9523809523809523
2024-11-28,0.951058201058201
2024-11-29,0.9523809523809523
2024-12-02,0.9497354497354498
2024-12-03,0.9470899470899471
2024-12-04,0.9378306878306878
2024-12-05,0.917989417989418
2024-12-06,0.8796296296296297
2024-12-09,0.6944444444444444
2024-12-10,0.7248677248677249
2024-12-11,0.7076719576719577
2024-12-12,0.7685185185185185
2024-12-13,0.7605820105820106
2024-12-16,0.7579365079365079
2024-12-17,0.7103174603174603
2024-12-18,0.6917989417989417
2024-12-19,0.6878306878306878
2024-12-20,0.7791005291005291
2024-12-23,0.7367724867724867
2024-12-24,0.7632275132275133
2024-12-25,0.7394179894179894
2024-12-26,0.7380952380952381
2024-12-27,0.6746031746031746
2024-12-30,0.6547619047619048
2024-12-31,0.5198412698412699
2025-01-02,0.4894179894179894
2025-01-03,0.3412698412698413
2025-01-06,0.3002645502645503
2025-01-07,0.2962962962962963
2025-01-08,0.1984126984126984
2025-01-09,0.17328042328042328
2025-01-10,0.13756613756613756
2025-01-13,0.167989417989418
2025-01-14,0.20238095238095238
2025-01-15,0.22883597883597884
2025-01-16,0.22883597883597884
2025-01-17,0.17592592592592593
2025-01-20,0.15079365079365079
2025-01-21,0.18121693121693122
2025-01-22,0.18386243386243387
2025-01-23,0.164021164021164
2025-01-24,0.1111111111111111
2025-01-27,0.05026455026455026
2025-02-05,0.08465608465608465
2025-02-06,0.17195767195767195
2025-02-07,0.23544973544973544
2025-02-10,0.48677248677248675
2025-02-11,0.5992063492063492
2025-02-12,0.6415343915343915
2025-02-13,0.6587301587301587
2025-02-14,0.6666666666666666
2025-02-17,0.783068783068783
2025-02-18,0.7473544973544973
2025-02-19,0.7645502645502645
2025-02-20,0.7870370370370371
2025-02-21,0.8227513227513228
2025-02-24,0.8902116402116402
2025-02-25,0.9074074074074074
2025-02-26,0.9166666666666666
2025-02-27,0.9126984126984127
2025-02-28,0.9034391534391535
2025-03-03,0.9166666666666666
2025-03-04,0.9391534391534392
2025-03-05,0.9325396825396826
2025-03-06,0.9312169312169312
2025-03-07,0.9034391534391535
2025-03-10,0.8796296296296297
2025-03-11,0.8597883597883598
2025-03-12,0.8796296296296297
2025-03-13,0.8677248677248677
2025-03-14,0.8531746031746031
2025-03-17,0.8121693121693122
2025-03-18,0.8756613756613757
2025-03-19,0.8333333333333334
2025-03-20,0.8201058201058201
2025-03-21,0.7275132275132276
2025-03-24,0.6494708994708994
2025-03-25,0.6071428571428571
2025-03-26,0.5343915343915344
2025-03-27,0.5158730158730159
2025-03-28,0.626984126984127
2025-03-31,0.6375661375661376
2025-04-01,0.6150793650793651
2025-04-02,0.5886243386243386
2025-04-03,0.4021164021164021
2025-04-07,0.18783068783068782
2025-04-08,0.05555555555555555
2025-04-09,0.04894179894179894
2025-04-10,0.041005291005291
2025-04-11,0.042328042328042326
2025-04-14,0.0582010582010582
2025-04-15,0.046296296296296294
2025-04-16,0.03439153439153439
2025-04-17,0.031746031746031744
2025-04-18,0.02513227513227513
2025-04-21,0.03968253968253968
2025-04-22,0.03835978835978836
2025-04-23,0.042328042328042326
2025-04-24,0.03439153439153439
2025-04-25,0.03306878306878307
2025-04-28,0.03571428571428571
2025-04-29,0.037037037037037035
2025-04-30,0.02513227513227513
2025-05-06,0.042328042328042326
2025-05-07,0.06481481481481481
2025-05-08,0.14814814814814814
2025-05-09,0.328042328042328
2025-05-12,0.36772486772486773
2025-05-13,0.3505291005291005
2025-05-14,0.3783068783068783
2025-05-15,0.29365079365079366
2025-05-16,0.28174603174603174
2025-05-19,0.37037037037037035
2025-05-20,0.3968253968253968
2025-05-21,0.43386243386243384
2025-05-22,0.36772486772486773
2025-05-23,0.37037037037037035
2025-05-26,0.4060846560846561
2025-05-27,0.4708994708994709
2025-05-28,0.5145502645502645
2025-05-29,0.4775132275132275
2025-05-30,0.42328042328042326
2025-06-03,0.5965608465608465
2025-06-04,0.49603174603174605
2025-06-05,0.47883597883597884
2025-06-06,0.4470899470899471
2025-06-09,0.5634920634920635
2025-06-10,0.5687830687830688
2025-06-11,0.5886243386243386
2025-06-12,0.6203703703703703
2025-06-13,0.5992063492063492
2025-06-16,0.6534391534391535
2025-06-17,0.6693121693121693
2025-06-18,0.6706349206349206
2025-06-19,0.6309523809523809
2025-06-20,0.5793650793650794
2025-06-23,0.6375661375661376
2025-06-24,0.6296296296296297
2025-06-25,0.626984126984127
2025-06-26,0.6653439153439153
2025-06-27,0.7142857142857143
2025-06-30,0.7962962962962963
2025-07-01,0.794973544973545
2025-07-02,0.7976190476190477
2025-07-03,0.7791005291005291
2025-07-04,0.7632275132275133
2025-07-07,0.75
2025-07-08,0.7658730158730159
2025-07-09,0.7804232804232805
2025-07-10,0.7923280423280423
2025-07-11,0.8478835978835979
2025-07-14,0.8584656084656085
2025-07-15,0.8492063492063492
2025-07-16,0.8875661375661376
2025-07-17,0.9166666666666666
2025-07-18,0.9312169312169312
2025-07-21,0.9338624338624338
2025-07-22,0.9391534391534392
2025-07-23,0.9378306878306878
2025-07-24,0.9351851851851852
2025-07-25,0.9417989417989417
2025-07-28,0.9470899470899471
2025-07-29,0.9497354497354498
2025-07-30,0.9470899470899471
2025-07-31,0.9457671957671958
2025-08-01,0.9470899470899471
2025-08-04,0.951058201058201
2025-08-05,0.9523809523809523
2025-08-06,0.9537037037037037
2025-08-07,0.9497354497354498
2025-08-08,0.9444444444444444
2025-08-11,0.9497354497354498
2025-08-12,0.9523809523809523
2025-08-13,0.9457671957671958
2025-08-14,0.9523809523809523
2025-08-15,0.955026455026455
2025-08-18,0.9576719576719577
2025-08-19,0.9616402116402116
2025-08-20,0.966931216931217
2025-08-21,0.9642857142857143
2025-08-22,0.9642857142857143
2025-08-25,0.9656084656084656
2025-08-26,0.9629629629629629
2025-08-27,0.966931216931217
2025-08-28,0.9708994708994709
2025-08-29,0.9828042328042328
2025-09-01,0.9854497354497355
2025-09-02,0.9828042328042328
2025-09-03,0.9788359788359788
2025-09-04,0.9695767195767195
2025-09-05,0.9735449735449735
2025-09-08,0.9761904761904762
2025-09-09,0.9775132275132276
2025-09-10,0.9682539682539683
2025-09-11,0.9642857142857143
2025-09-12,0.9682539682539683
2025-09-15,0.9537037037037037
2025-09-16,0.951058201058201
2025-09-17,0.9470899470899471
2025-09-18,0.9470899470899471
2025-09-19,0.9431216931216931
2025-09-22,0.9298941798941799
2025-09-23,0.921957671957672
2025-09-24,0.917989417989418
2025-09-25,0.9153439153439153
2025-09-26,0.8888888888888888
2025-09-29,0.8716931216931217
2025-09-30,0.8597883597883598
2025-10-09,0.8862433862433863
2025-10-10,0.8875661375661376
2025-10-13,0.8862433862433863
2025-10-14,0.8716931216931217
2025-10-15,0.8664021164021164
2025-10-16,0.8650793650793651
2025-10-17,0.8465608465608465
2025-10-20,0.8161375661375662
2025-10-21,0.7962962962962963
2025-10-22,0.7420634920634921
2025-10-23,0.6891534391534392
2025-10-24,0.7222222222222222
2025-10-27,0.8161375661375662
2025-10-28,0.7843915343915344
2025-10-29,0.8293650793650794
2025-10-30,0.7566137566137566
2025-10-31,0.6653439153439153
2025-11-03,0.798941798941799
2025-11-04,0.7632275132275133
2025-11-05,0.8412698412698413
2025-11-06,0.7354497354497355
2025-11-07,0.7076719576719577
2025-11-10,0.7129629629629629
2025-11-11,0.7407407407407407
2025-11-12,0.6865079365079365
2025-11-13,0.6613756613756614
2025-11-14,0.746031746031746
2025-11-17,0.7870370370370371
2025-11-18,0.7619047619047619
2025-11-19,0.6785714285714286
2025-11-20,0.6481481481481481
2025-11-21,0.49603174603174605
2025-11-24,0.3544973544973545
2025-11-25,0.2976190476190476
2025-11-26,0.2751322751322751
2025-11-27,0.31613756613756616
2025-11-28,0.3637566137566138
2025-12-01,0.36243386243386244
2025-12-02,0.36904761904761907
2025-12-03,0.3425925925925926
2025-12-04,0.27380952380952384
2025-12-05,0.30687830687830686
2025-12-08,0.37566137566137564
2025-12-09,0.38756613756613756
2025-12-10,0.4087301587301587
2025-12-11,0.4113756613756614
2025-12-12,0.421957671957672
2025-12-15,0.4113756613756614
2025-12-16,0.44047619047619047
2025-12-17,0.4722222222222222
2025-12-18,0.48412698412698413
2025-12-19,0.6243386243386243
2025-12-22,0.6798941798941799
2025-12-23,0.7513227513227513
2025-12-24,0.7632275132275133
2025-12-25,0.7447089947089947
2025-12-26,0.716931216931217
2025-12-29,0.6798941798941799
2025-12-30,0.7380952380952381
2025-12-31,0.6507936507936508
2026-01-05,0.7367724867724867
2026-01-06,0.8068783068783069
2026-01-07,0.8306878306878307
2026-01-08,0.8373015873015873
2026-01-09,0.8452380952380952
2026-01-12,0.8664021164021164
2026-01-13,0.8822751322751323
2026-01-14,0.8849206349206349
2026-01-15,0.8888888888888888
2026-01-16,0.9007936507936508
2026-01-19,0.9074074074074074
2026-01-20,0.8875661375661376
2026-01-21,0.8902116402116402
2026-01-22,0.8849206349206349
2026-01-23,0.8835978835978836
2026-01-26,0.8835978835978836
2026-01-27,0.8849206349206349
2026-01-28,0.9007936507936508
2026-01-29,0.8862433862433863
2026-01-30,0.8809523809523809
2026-02-02,0.8677248677248677
2026-02-03,0.843915343915344
2026-02-04,0.8174603174603174
2026-02-05,0.7579365079365079
2026-02-06,0.6455026455026455
2026-02-09,0.49603174603174605
2026-02-10,0.4470899470899471
2026-02-11,0.27645502645502645
2026-02-12,0.22354497354497355
2026-02-13,0.0582010582010582
2026-02-24,0.082010582010582
2026-02-25,0.18915343915343916
2026-02-26,0.18253968253968253
2026-02-27,0.1693121693121693
2026-03-02,0.1984126984126984
2026-03-03,0.11772486772486772
2026-03-04,0.11772486772486772
2026-03-05,0.082010582010582
2026-03-06,0.082010582010582
2026-03-09,0.1388888888888889
2026-03-10,0.164021164021164
2026-03-11,0.20238095238095238
2026-03-12,0.32142857142857145
2026-03-13,0.33201058201058203
2026-03-16,0.455026455026455
2026-03-17,0.4166666666666667
2026-03-18,0.43783068783068785
2026-03-19,0.5145502645502645
2026-03-20,0.3941798941798942
2026-03-23,0.6203703703703703
2026-03-24,0.46296296296296297
2026-03-25,0.31746031746031744
2026-03-26,0.21957671957671956
2026-03-27,0.15873015873015872
2026-03-30,0.16666666666666666
2026-03-31,0.23941798941798942
2026-04-01,0.26455026455026454
2026-04-02,0.1693121693121693
2026-04-03,0.13756613756613756
2026-04-07,0.1349206349206349
2026-04-08,0.15343915343915343
2026-04-09,0.17857142857142858
2026-04-10,0.17328042328042328
2026-04-13,0.31084656084656087
2026-04-14,0.335978835978836
2026-04-15,0.42857142857142855
2026-04-16,0.458994708994709
2026-04-17,0.47883597883597884
2026-04-20,0.656084656084656
2026-04-21,0.7407407407407407
2026-04-22,0.8015873015873016
2026-04-23,0.8029100529100529
2026-04-24,0.7896825396825397
2026-04-27,0.8306878306878307
2026-04-28,0.8240740740740741
2026-04-29,0.8346560846560847
2026-04-30,0.8240740740740741
2026-05-06,0.8624338624338624
2026-05-07,0.8981481481481481
2026-05-08,0.9153439153439153
2026-05-11,0.9193121693121693
2026-05-12,0.9232804232804233
2026-05-13,0.9259259259259259
2026-05-14,0.921957671957672
2026-05-15,0.9140211640211641
2026-05-18,0.917989417989418
2026-05-19,0.9126984126984127
2026-05-20,0.9193121693121693
2026-05-21,0.8888888888888888
2026-05-22,0.8822751322751323
2026-05-25,0.8928571428571429
2026-05-26,0.9007936507936508
2026-05-27,0.906084656084656
2026-05-28,0.8941798941798942
2026-05-29,0.8558201058201058
2026-06-01,0.8412698412698413
2026-06-02,0.8544973544973545
2026-06-03,0.8240740740740741
2026-06-04,0.8068783068783069
2026-06-05,0.7671957671957672
2026-06-08,0.5859788359788359
2026-06-09,0.5396825396825397
2026-06-10,0.3968253968253968
2026-06-11,0.3584656084656085
2026-06-12,0.40476190476190477
2026-06-15,0.4312169312169312
2026-06-16,0.5105820105820106
2026-06-17,0.5701058201058201
2026-06-18,0.623015873015873
2026-06-22,0.6878306878306878
2026-06-23,0.593915343915344
2026-06-24,0.6071428571428571
2026-06-25,0.6759259259259259
2026-06-26,0.5886243386243386
2026-06-29,0.6574074074074074
2026-06-30,0.7605820105820106
2026-07-01,0.7671957671957672
2026-07-02,0.7063492063492064
2026-07-03,0.5978835978835979
2026-07-06,0.6216931216931217
2026-07-07,0.6732804232804233
2026-07-08,0.6177248677248677
2026-07-09,0.6415343915343915
2026-07-10,0.578042328042328
2026-07-13,0.49074074074074076
2026-07-14,0.3306878306878307
2026-07-15,0.15476190476190477
2026-07-16,0.06878306878306878
2026-07-17,0.01455026455026455
2026-07-20,0.007936507936507936
2026-07-21,0.009259259259259259
2026-07-22,0.006613756613756613
2026-07-23,0.0026455026455026454
2026-07-24,0.0026455026455026454
2026-07-27,0.01455026455026455
2026-07-28,0.0026455026455026454
2026-07-29,0.0013227513227513227
2026-07-30,0.0013227513227513227
2026-07-31,0.003968253968253968
2026-08-03,0.005291005291005291
2026-08-04,0.011904761904761904
2026-08-05,0.017195767195767195
2026-08-06,0.022486772486772486
2026-08-07,0.03042328042328042
2026-08-10,0.03439153439153439
2026-08-11,0.03571428571428571
2026-08-12,0.042328042328042326
2026-08-13,0.06349206349206349
2026-08-14,0.1349206349206349
2026-08-17,0.4298941798941799
2026-08-18,0.44576719576719576
2026-08-19,0.32671957671957674
2026-08-20,0.3637566137566138
2026-08-21,0.39814814814814814
2026-08-24,0.2671957671957672
2026-08-25,0.39285714285714285
2026-08-26,0.48677248677248675
2026-08-27,0.626984126984127
