symbol,is_etf,gated,n,cum_R,win,avg_hold_d,final,cagr,max_dd,bh_cagr,bh_dd,dd_improve,span
000568.SZ,False,False,3,-1.5,0.0,20.0,984853,-0.0015,-0.0257,0.3797,-0.7811,75.5,2016-08-25→2026-08-25
000596.SZ,False,False,3,-0.6,0.0,7.0,994077,-0.0006,-0.0158,0.1771,-0.7454,73.0,2016-08-25→2026-08-25
000625.SZ,False,False,5,0.7,0.4,24.0,1006518,0.0006,-0.0415,0.009,-0.7612,72.0,2016-08-25→2026-08-25
000661.SZ,False,False,6,1.6,0.33,23.0,1016174,0.0016,-0.0354,0.0727,-0.8769,84.2,2016-08-25→2026-08-25
000725.SZ,False,False,3,-0.6,0.33,15.0,993929,-0.0006,-0.0235,0.1225,-0.6692,64.6,2016-08-25→2026-08-25
000768.SZ,False,False,3,-2.2,0.67,34.0,977501,-0.0023,-0.0499,-0.0087,-0.5444,49.5,2016-08-25→2026-08-25
000858.SZ,False,False,2,-1.0,0.0,16.0,990389,-0.001,-0.0193,0.3435,-0.7861,76.7,2016-08-25→2026-08-25
002008.SZ,False,False,3,-0.4,0.33,20.0,995539,-0.0004,-0.0183,0.1531,-0.7581,74.0,2016-08-25→2026-08-25
002049.SZ,False,False,3,3.6,0.33,18.0,1036200,0.0036,-0.0455,0.0933,-0.7403,69.5,2016-08-25→2026-08-25
002050.SZ,False,False,3,2.0,0.33,42.0,1019348,0.0019,-0.0344,0.2648,-0.5859,55.1,2016-08-25→2026-08-25
002179.SZ,False,False,4,0.5,0.5,23.0,1004975,0.0005,-0.032,0.1225,-0.4773,44.5,2016-08-25→2026-08-25
002230.SZ,False,False,2,0.3,0.5,43.0,1002473,0.0002,-0.0419,0.0709,-0.5911,54.9,2016-08-25→2026-08-25
002241.SZ,False,False,3,-0.4,0.33,24.0,996104,-0.0004,-0.0264,0.0559,-0.7573,73.1,2016-08-25→2026-08-25
002281.SZ,False,False,2,0.6,0.5,50.0,1005585,0.0006,-0.0335,0.2426,-0.6334,60.0,2016-08-25→2026-08-25
002304.SZ,False,False,4,-0.5,0.25,22.0,994498,-0.0006,-0.028,-0.0002,-0.8452,81.7,2016-08-25→2026-08-25
002326.SZ,False,False,3,-0.6,0.33,3.0,994153,-0.0006,-0.019,0.0174,-0.9049,88.6,2016-09-01→2026-08-25
002371.SZ,False,False,1,13.5,1.0,126.0,1134610,0.0127,-0.0784,0.3821,-0.5388,46.0,2016-08-25→2026-08-25
002384.SZ,False,False,2,5.7,0.5,46.0,1057046,0.0056,-0.0329,0.3321,-0.6786,64.6,2016-08-25→2026-08-25
002410.SZ,False,False,2,-0.6,0.0,24.0,993765,-0.0006,-0.0176,-0.0132,-0.8751,85.8,2016-08-25→2026-08-25
002415.SZ,False,False,5,-1.6,0.2,15.0,984049,-0.0016,-0.0391,0.1381,-0.6421,60.3,2016-08-25→2026-08-25
002460.SZ,False,False,4,-2.5,0.0,5.0,974837,-0.0025,-0.0367,0.155,-0.8385,80.2,2016-08-25→2026-08-25
002466.SZ,False,False,3,-0.2,0.33,29.0,997582,-0.0002,-0.0195,0.068,-0.8265,80.7,2016-08-25→2026-08-25
002475.SZ,False,False,5,-2.6,0.0,8.0,974593,-0.0026,-0.0408,0.2836,-0.6027,56.2,2016-08-25→2026-08-25
002555.SZ,False,False,9,-0.7,0.33,25.0,992217,-0.0008,-0.0458,0.0138,-0.8313,78.6,2016-08-24→2026-08-24
002594.SZ,False,False,6,1.8,0.33,16.0,1016506,0.0016,-0.0475,0.1911,-0.5649,51.7,2016-08-25→2026-08-25
002747.SZ,False,False,1,1.7,1.0,85.0,1017021,0.0017,-0.0179,0.1134,-0.724,70.6,2016-08-25→2026-08-25
002812.SZ,False,False,7,-4.2,0.0,11.0,959095,-0.0042,-0.05,0.2342,-0.9205,87.0,2016-09-14→2026-08-25
002821.SZ,False,False,2,-1.0,0.0,6.0,990287,-0.001,-0.0219,0.3745,-0.8433,82.1,2016-11-18→2026-08-25
159611.SZ,True,True,4,-7.4,0.0,8.0,945952,-0.0119,-0.0649,0.0191,-0.1997,13.5,2022-01-07→2026-08-25
159825.SZ,True,True,2,-5.7,0.0,16.0,978370,-0.0039,-0.0403,-0.0551,-0.5385,49.8,2020-12-29→2026-08-25
159901.SZ,True,True,5,4.5,0.2,21.0,1025054,0.0025,-0.0621,0.0615,-0.5384,47.6,2016-08-25→2026-08-25
159915.SZ,True,True,5,36.5,0.4,30.0,1219226,0.02,-0.0862,0.0512,-0.5658,48.0,2016-08-24→2026-08-24
159928.SZ,True,True,4,2.6,0.25,41.0,1014301,0.0014,-0.0559,0.0617,-0.5996,54.4,2016-08-25→2026-08-25
159995.SZ,True,True,2,4.6,0.5,28.0,990657,-0.0014,-0.0508,0.1236,-0.615,56.4,2020-02-10→2026-08-25
300003.SZ,False,False,4,26.8,0.5,46.0,1273498,0.0245,-0.0742,-0.0337,-0.8039,73.0,2016-08-25→2026-08-25
300014.SZ,False,False,4,-1.8,0.0,13.0,982543,-0.0018,-0.0296,0.2061,-0.7934,76.4,2016-08-25→2026-08-25
300059.SZ,False,False,2,1.9,1.0,55.0,1019093,0.0019,-0.0331,0.1396,-0.6318,59.9,2016-08-25→2026-08-25
300073.SZ,False,False,3,15.9,0.33,31.0,1157853,0.0148,-0.0506,0.0337,-0.7599,70.9,2016-08-25→2026-08-25
300122.SZ,False,False,1,-0.4,0.0,8.0,995746,-0.0004,-0.0122,0.0439,-0.9233,91.1,2016-08-25→2026-08-25
300136.SZ,False,False,1,-0.1,0.0,58.0,998797,-0.0001,-0.0173,0.1197,-0.7905,77.3,2016-08-25→2026-08-25
300223.SZ,False,False,1,6.4,1.0,61.0,1064277,0.0065,-0.0495,0.1346,-0.7758,72.6,2016-12-16→2026-08-25
300274.SZ,False,False,2,-0.4,0.5,1.0,995538,-0.0007,-0.0134,0.6316,-0.6862,67.3,2020-01-02→2026-08-25
300347.SZ,False,False,5,-0.1,0.4,19.0,999120,-0.0001,-0.0232,0.1026,-0.822,79.9,2016-08-25→2026-08-25
300383.SZ,False,False,1,-0.4,0.0,3.0,996179,-0.0004,-0.0152,-0.0384,-0.7783,76.3,2016-08-25→2026-08-25
300394.SZ,False,False,3,-0.9,0.0,12.0,990827,-0.0009,-0.0227,0.4924,-0.8649,84.2,2016-08-25→2026-08-25
300474.SZ,False,False,2,-0.5,0.0,23.0,995413,-0.0005,-0.021,0.0051,-0.6749,65.4,2016-08-25→2026-08-25
300750.SZ,False,False,2,4.7,0.5,61.0,1046687,0.0069,-0.0182,0.4144,-0.6652,64.7,2020-01-02→2026-08-25
510050.SS,True,True,8,1.8,0.25,22.0,1012015,0.0012,-0.0415,0.054,-0.4418,40.0,2016-08-25→2026-08-25
510300.SS,True,True,5,40.5,0.6,36.0,1245590,0.0222,-0.1034,0.0565,-0.4475,34.4,2016-08-24→2026-08-24
510500.SS,True,True,8,-14.4,0.12,16.0,923739,-0.0079,-0.0917,0.0351,-0.4181,32.6,2016-08-24→2026-08-24
512000.SS,True,True,1,0.0,0.0,0.0,1000000,0.0,0.0,0.0038,-0.4608,46.1,2016-09-14→2026-08-25
512010.SS,True,True,1,7.4,1.0,72.0,1044700,0.0044,-0.0268,0.0181,-0.6551,62.8,2016-08-25→2026-08-25
512100.SS,True,True,2,-1.7,0.5,21.0,992085,-0.0008,-0.0319,0.0141,-0.5241,49.2,2016-11-04→2026-08-25
512200.SS,True,True,1,-1.2,0.0,11.0,996984,-0.0003,-0.006,-0.0862,-0.6523,64.6,2017-09-25→2026-08-24
512400.SS,True,True,4,8.3,0.25,29.0,1027945,0.0031,-0.0406,0.0759,-0.5414,50.1,2017-09-01→2026-08-24
512480.SS,True,True,1,2.4,1.0,56.0,1006048,0.0008,-0.0102,0.212,-0.6252,61.5,2019-06-12→2026-08-24
512580.SS,True,True,4,-3.7,0.25,19.0,983077,-0.0018,-0.0397,0.017,-0.5838,54.4,2017-02-28→2026-08-25
512660.SS,True,True,1,-2.0,0.0,2.0,984133,-0.0016,-0.0233,0.0081,-0.5095,48.6,2016-08-25→2026-08-25
512760.SS,True,True,1,3.5,1.0,56.0,1008846,0.0012,-0.0126,0.2178,-0.6223,61.0,2019-06-12→2026-08-24
512800.SS,True,True,11,-13.3,0.0,18.0,922173,-0.0089,-0.1163,0.0571,-0.2795,16.3,2017-08-03→2026-08-24
512890.SS,True,True,10,-15.6,0.0,19.0,932089,-0.0092,-0.0914,0.1202,-0.1657,7.4,2019-01-18→2026-08-24
512980.SS,True,True,2,3.7,0.5,4.0,1016881,0.0019,-0.0311,-0.0247,-0.5306,49.9,2018-01-19→2026-08-25
515050.SS,True,True,4,33.3,0.25,23.0,1078289,0.0111,-0.0453,0.1776,-0.5202,47.5,2019-10-16→2026-08-24
515130.SS,True,True,4,1.7,0.25,24.0,1002360,0.0004,-0.0497,0.0655,-0.4017,35.2,2020-05-11→2026-08-24
515210.SS,True,True,1,-0.8,0.0,59.0,996081,-0.0006,-0.0345,0.0599,-0.6091,57.5,2020-03-02→2026-08-25
515220.SS,True,True,6,-6.3,0.17,14.0,949812,-0.0079,-0.0583,0.2352,-0.3811,32.3,2020-03-02→2026-08-24
515300.SS,True,True,6,16.0,0.33,41.0,1117725,0.0162,-0.0712,0.0999,-0.2138,14.3,2019-09-19→2026-08-24
518850.SS,True,False,13,76.8,0.38,27.0,1859494,0.1049,-0.1448,0.1581,-0.3032,15.8,2020-06-05→2026-08-24
562500.SS,True,True,1,-1.2,0.0,33.0,997000,-0.0006,-0.0095,-0.0086,-0.4542,44.5,2021-12-29→2026-08-25
600030.SS,False,False,7,25.5,0.57,44.0,1264979,0.0238,-0.0887,0.0848,-0.4549,36.6,2016-08-25→2026-08-25
600196.SS,False,False,7,2.9,0.14,19.0,1025293,0.0025,-0.0701,0.0197,-0.7634,69.3,2016-08-25→2026-08-25
600276.SS,False,False,1,1.8,1.0,58.0,1017780,0.0018,-0.0238,0.1206,-0.7169,69.3,2016-08-25→2026-08-25
600362.SS,False,False,1,-1.7,0.0,5.0,983004,-0.0017,-0.0276,0.1538,-0.5564,52.9,2016-08-25→2026-08-25
600438.SS,False,False,1,-0.1,0.0,28.0,999171,-0.0001,-0.0173,0.0435,-0.8362,81.9,2020-01-02→2026-08-25
600460.SS,False,False,4,1.1,0.75,38.0,1011090,0.0011,-0.0858,0.181,-0.7669,68.1,2016-08-25→2026-08-25
600519.SS,False,False,6,-3.7,0.0,14.0,963624,-0.0043,-0.0534,0.1405,-0.5136,46.0,2018-01-02→2026-08-24
600600.SS,False,False,6,-2.0,0.17,4.0,979926,-0.002,-0.0256,0.1122,-0.6097,58.4,2016-08-25→2026-08-25
600660.SS,False,False,2,0.7,1.0,54.0,1007244,0.0007,-0.0392,0.2718,-0.5871,54.8,2016-08-25→2026-08-25
600703.SS,False,False,4,1.0,0.5,29.0,1009722,0.001,-0.022,0.0224,-0.7871,76.5,2016-08-25→2026-08-25
600745.SS,False,False,5,1.6,0.4,40.0,1016020,0.0016,-0.0324,-0.0235,-0.9042,87.2,2016-08-25→2026-08-25
600760.SS,False,False,1,-0.6,0.0,10.0,994308,-0.0006,-0.0148,0.3172,-0.4839,46.9,2016-08-25→2026-08-25
600809.SS,False,False,1,-0.1,0.0,35.0,998859,-0.0002,-0.0158,0.1724,-0.7201,70.4,2020-01-02→2026-08-25
600850.SS,False,False,3,1.4,0.33,25.0,1013365,0.0013,-0.0322,-0.0034,-0.5473,51.5,2016-08-25→2026-08-25
600893.SS,False,False,2,5.3,1.0,68.0,1052785,0.0052,-0.0862,0.0063,-0.6192,53.3,2016-08-25→2026-08-25
601012.SS,False,False,1,-0.2,0.0,2.0,997510,-0.0002,-0.0101,0.134,-0.8358,82.6,2016-08-25→2026-08-25
601127.SS,False,False,4,1.1,0.25,22.0,1010956,0.0011,-0.0477,0.0595,-0.8185,77.1,2016-08-25→2026-08-25
601225.SS,False,False,1,3.0,1.0,44.0,1029733,0.0063,-0.0658,0.4251,-0.4309,36.5,2022-01-04→2026-08-25
601238.SS,False,False,7,-3.5,0.0,12.0,965634,-0.0035,-0.0562,-0.0993,-0.7519,69.6,2016-08-25→2026-08-25
601318.SS,False,False,4,-3.8,0.0,14.0,962804,-0.0038,-0.0375,0.1525,-0.6603,62.3,2016-08-25→2026-08-25
601688.SS,False,False,1,0.9,1.0,48.0,1008967,0.0009,-0.0204,0.0152,-0.5318,51.1,2016-08-25→2026-08-25
601899.SS,False,False,3,2.0,0.33,29.0,1019930,0.002,-0.0452,0.4465,-0.8034,75.8,2016-08-25→2026-08-25
603160.SS,False,False,6,2.4,0.67,34.0,1024267,0.0024,-0.0291,0.0735,-0.8825,85.3,2016-10-17→2026-08-25
603259.SS,False,False,2,-1.0,0.0,2.0,990017,-0.0012,-0.0198,0.4639,-0.793,77.3,2018-05-08→2026-08-25
603799.SS,False,False,5,0.4,0.4,18.0,1003938,0.0004,-0.0239,0.1225,-0.8213,79.7,2016-08-25→2026-08-25
603986.SS,False,False,1,0.3,1.0,48.0,1003467,0.0003,-0.0198,0.5183,-0.75,73.0,2016-08-25→2026-08-25
603993.SS,False,False,2,37.3,0.5,97.0,1371637,0.0321,-0.0649,0.2045,-0.7172,65.2,2016-08-25→2026-08-25
