,0
2020-01-02,1000000.0
2020-01-03,1000000.0
2020-01-10,1000000.0
2020-01-13,1000000.0
2020-01-14,1000000.0
2020-01-16,960000.0
2020-01-21,960000.0
2020-01-23,939733.14
2020-02-03,843061.93
2020-02-04,825090.15
2020-02-05,813508.13
2020-02-11,813508.13
2020-02-12,813107.63
2020-02-17,811089.31
2020-02-18,811089.31
2020-02-21,811089.31
2020-02-24,809818.54
2020-03-02,801445.32
2020-03-05,801445.32
2020-03-10,791614.26
2020-03-11,791614.26
2020-03-13,782044.52
2020-03-20,787259.57
2020-03-24,787637.48
2020-03-31,794785.52
2020-05-11,794785.52
2020-05-13,794785.52
2020-05-25,780542.97
2020-05-27,780542.97
2020-06-01,780542.97
2020-06-02,780542.97
2020-06-09,780542.97
2020-06-22,780542.97
2020-07-02,778214.57
2020-07-03,779740.9
2020-07-22,779740.9
2020-07-23,779740.9
2020-07-27,745168.87
2020-08-12,927146.89
2020-08-13,1000671.78
2020-08-17,1000671.78
2020-08-24,1000671.78
2020-08-26,1000671.78
2020-08-27,996848.55
2020-08-28,984775.23
2020-09-07,1006232.14
2020-09-16,1056186.89
2020-10-15,1056186.89
2020-10-22,1050811.72
2020-10-30,1050811.72
2020-11-03,1038476.1
2020-11-04,1038476.1
2020-11-05,1038476.1
2020-11-10,1038476.1
2020-11-12,1031178.7
2020-11-16,1015043.72
2020-11-18,1015043.72
2020-11-20,1019859.22
2020-11-24,1019859.22
2020-11-27,1007421.91
2020-12-03,1007421.91
2020-12-04,973841.18
2020-12-07,973841.18
2020-12-10,961774.26
2020-12-15,961774.26
2020-12-16,961774.26
2020-12-21,953707.77
2020-12-23,951658.14
2020-12-25,951658.14
2020-12-29,937498.45
2020-12-31,937498.45
2021-01-25,1470836.35
2021-01-27,1441664.76
2021-01-29,1424181.23
2021-02-02,1011493.12
2021-02-03,1424181.23
2021-02-04,1424181.23
2021-02-24,1024880.95
2021-02-25,1405442.01
2021-03-10,1385503.47
2021-03-12,1385503.47
2021-03-22,1373627.73
2021-03-31,1373627.73
2021-04-06,1354896.44
2021-04-08,1354896.44
2021-04-12,1350964.52
2021-04-20,1350964.52
2021-04-21,1344346.03
2021-04-29,1344346.03
2021-05-13,1344346.03
2021-05-18,1344346.03
2021-05-25,1344346.03
2021-05-27,1344346.03
2021-06-09,1340937.83
2021-06-15,1330911.73
2021-06-16,1297205.83
2021-06-21,1297205.83
2021-06-22,1297205.83
2021-06-28,1307179.85
2021-06-29,1304077.51
2021-06-30,1304077.51
2021-07-05,1257710.31
2021-07-06,1257710.31
2021-07-19,1257710.31
2021-07-22,1246929.93
2021-07-26,1208919.13
2021-07-27,1210393.9
2021-07-29,1221603.92
2021-08-02,1221603.92
2021-08-03,1221603.92
2021-08-17,1221603.92
2021-08-18,1219021.83
2021-08-19,1222165.13
2021-08-25,1222165.13
2021-09-01,1222165.13
2021-09-02,1222165.13
2021-09-16,1217029.44
2021-09-27,1263547.57
2021-09-29,1263547.57
2021-09-30,1259912.41
2021-10-08,1257682.8
2021-10-11,1257682.8
2021-10-19,1252883.22
2021-11-02,1251391.91
2021-11-30,1268095.08
2021-12-02,1291402.75
2021-12-09,1291402.75
2021-12-10,1291402.75
2021-12-14,1272462.18
2021-12-17,1272462.18
2021-12-20,1242994.63
2021-12-21,1158844.64
2021-12-24,1158844.64
2021-12-29,1158844.64
2021-12-30,1149203.06
2021-12-31,1149203.06
2022-01-07,1124834.21
2022-01-11,1115970.56
2022-01-17,1107910.77
2022-01-20,1107910.77
2022-01-28,1100405.57
2022-02-09,1100405.57
2022-02-24,1095157.48
2022-03-02,1095157.48
2022-03-03,1096485.22
2022-03-04,1096485.22
2022-03-08,1083327.4
2022-03-09,1067976.61
2022-03-14,1067976.61
2022-03-18,1067976.61
2022-03-21,1064306.39
2022-03-24,1060330.01
2022-03-30,1060330.01
2022-03-31,1059551.36
2022-04-01,1059551.36
2022-04-12,1054541.2
2022-04-15,1054541.2
2022-04-25,1051105.64
2022-04-26,1050468.27
2022-05-05,1050468.27
2022-05-06,1050468.27
2022-05-09,1037562.52
2022-05-12,1037562.52
2022-05-13,1037562.52
2022-05-17,1032804.09
2022-05-23,1032804.09
2022-05-25,1028283.8
2022-05-27,1028283.8
2022-06-01,1028283.8
2022-06-02,1027177.53
2022-06-07,1027177.53
2022-06-10,1021666.1
2022-06-14,1015572.57
2022-06-16,1015572.57
2022-06-20,1006741.5
2022-06-24,1006741.5
2022-06-30,1006741.5
2022-07-07,994586.36
2022-07-18,1015876.96
2022-07-20,1015876.96
2022-07-22,1004415.78
2022-07-25,1021542.21
2022-07-26,1054540.04
2022-07-27,1057248.72
2022-07-29,1071874.65
2022-08-08,1112113.12
2022-08-15,1112113.12
2022-08-16,1109978.58
2022-09-07,1109978.58
2022-09-19,1096715.04
2022-10-20,1096715.04
2022-10-25,1091998.83
2022-11-03,1091998.83
2022-11-04,1091998.83
2022-11-07,1091998.83
2022-11-08,1091998.83
2022-11-09,1091998.83
2022-11-10,1088153.63
2022-11-11,1089201.9
2022-12-16,1097988.19
2022-12-19,1104851.78
2022-12-20,1106121.78
2022-12-21,1106121.78
2022-12-26,1109150.37
2022-12-27,1109150.37
2023-01-03,1100734.33
2023-01-06,1108051.74
2023-02-03,1108051.74
2023-02-07,1104546.37
2023-02-14,1108051.75
2023-03-07,1109242.52
2023-03-10,1109242.52
2023-03-14,1109242.52
2023-03-31,1107511.19
2023-04-04,1107511.19
2023-04-06,1107511.19
2023-04-11,1107511.19
2023-04-21,1104512.06
2023-04-28,1104512.06
2023-05-05,1105743.4500000002
2023-05-18,1105743.4500000002
2023-05-22,1110722.26
2023-05-24,1137486.48
2023-05-29,1158039.0499999998
2023-06-02,1154165.33
2023-06-14,1154165.33
2023-06-20,1154165.33
2023-06-26,1149882.4
2023-06-28,1149882.4
2023-07-04,1149882.4
2023-07-06,1147528.03
2023-07-10,1146190.51
2023-07-11,1146190.51
2023-07-14,1146190.51
2023-07-24,1146190.51
2023-07-25,1161848.62
2023-07-26,1161848.62
2023-07-27,1161848.62
2023-07-28,1160668.08
2023-08-01,1160668.08
2023-08-02,1153099.54
2023-08-07,1153099.54
2023-08-08,1155415.07
2023-08-11,1156367.59
2023-08-15,1156367.59
2023-08-17,1156367.59
2023-08-22,1144292.9
2023-08-23,1139154.33
2023-08-25,1139154.33
2023-08-28,1141625.31
2023-08-31,1150779.7999999998
2023-09-05,1150779.7999999998
2023-09-08,1148780.13
2023-09-20,1144728.7
2023-09-22,1144728.7
2023-10-09,1150189.38
2023-10-11,1142659.6099999999
2023-10-18,1142659.6099999999
2023-10-19,1138268.49
2023-10-30,1138268.49
2023-11-01,1135739.92
2023-11-03,1133848.27
2023-11-16,1133848.27
2023-11-21,1122787.6600000001
2023-11-23,1120589.56
2023-12-06,1117792.07
2023-12-11,1117792.07
2023-12-12,1117792.07
2023-12-13,1117548.01
2023-12-18,1117548.01
2023-12-22,1117548.01
2023-12-26,1117548.01
2023-12-27,1114113.3
2023-12-29,1108556.88
2024-01-03,1106445.5899999999
2024-01-04,1092959.06
2024-01-05,1100098.24
2024-01-09,1093280.28
2024-01-17,1092959.06
2024-01-23,1085212.47
2024-01-24,1083924.0499999998
2024-01-26,1083924.0499999998
2024-01-30,1079043.63
2024-02-02,1076939.2
2024-02-05,1076939.2
2024-02-06,1076939.2
2024-02-08,1076939.2
2024-02-19,1076939.2
2024-02-20,1052790.92
2024-02-21,1052790.92
2024-02-28,1052790.92
2024-03-05,1052790.92
2024-03-06,1052790.92
2024-03-07,1052790.92
2024-03-08,1051501.08
2024-03-12,1051501.08
2024-03-13,1051501.08
2024-03-15,1047397.25
2024-03-19,1047773.8300000001
2024-03-25,1044573.52
2024-03-26,1044394.3700000001
2024-03-28,1044394.3700000001
2024-04-02,1044394.3700000001
2024-04-03,1044394.3700000001
2024-04-15,1044394.3700000001
2024-04-19,1047055.1200000001
2024-04-24,1034373.5700000001
2024-04-30,1034373.5700000001
2024-05-10,1346986.51
2024-05-13,1346986.51
2024-05-14,1346511.48
2024-05-15,1336653.15
2024-05-28,1336653.15
2024-05-29,1335153.94
2024-05-30,1349991.56
2024-05-31,1376553.3599999999
2024-06-12,1433443.8
2024-06-13,1433443.8
2024-06-14,1433443.8
2024-06-17,1428936.76
2024-06-19,1418103.0299999998
2024-06-26,1416019.75
2024-07-01,1416019.75
2024-07-02,1416019.75
2024-07-03,1416019.75
2024-07-18,1390612.65
2024-07-19,1390612.65
2024-07-23,1390612.65
2024-07-24,1385989.76
2024-07-25,1385989.76
2024-07-26,1326991.4
2024-07-30,1323039.1800000002
2024-07-31,1311128.06
2024-08-01,1311128.06
2024-08-06,1305086.7200000002
2024-08-07,1305086.7200000002
2024-08-09,1301838.83
2024-08-15,1301172.48
2024-08-20,1301172.48
2024-08-23,1296787.03
2024-08-29,1296318.9500000002
2024-09-02,1282598.48
2024-09-09,1282598.48
2024-09-25,1282598.48
2024-09-26,1282598.48
2024-09-30,1282598.48
2024-11-04,1282598.48
2024-11-12,1280078.6600000001
2024-11-14,1318602.9100000001
2024-11-18,1315544.53
2024-11-19,1333648.28
2024-11-25,1369368.46
2024-11-29,1369368.46
2024-12-03,1367722.19
2024-12-04,1367722.19
2024-12-06,1377361.8199999998
2024-12-11,1377361.8199999998
2024-12-20,1374919.7
2024-12-24,1374919.7
2024-12-31,1374919.7
2025-01-02,1376497.99
2025-01-06,1365377.43
2025-01-08,1365377.43
2025-01-23,1359915.92
2025-02-06,1359915.92
2025-02-18,1359915.92
2025-02-20,1358014.86
2025-02-28,1347829.75
2025-03-03,1339984.08
2025-03-05,1335772.12
2025-03-07,1335772.12
2025-03-12,1335772.12
2025-03-31,1335772.12
2025-04-01,1335772.12
2025-04-08,1317961.82
2025-04-16,1317580.79
2025-04-17,1317580.79
2025-05-07,1312749.66
2025-05-09,1312749.66
2025-05-16,1467477.76
2025-05-21,1467477.76
2025-05-22,1466826.71
2025-05-27,1462705.76
2025-05-28,1462705.76
2025-05-30,1462705.76
2025-06-03,1464141.01
2025-06-09,1464141.01
2025-06-10,1464141.01
2025-06-11,1457343.21
2025-06-24,1457343.21
2025-06-26,1457343.21
2025-07-01,1457343.21
2025-07-07,1457343.21
2025-07-18,1457343.21
2025-07-21,1457343.21
2025-07-25,1482868.9
2025-07-30,1510033.43
2025-08-01,1505349.11
2025-08-06,1505349.11
2025-08-07,1505349.11
2025-08-11,1505349.11
2025-08-12,1505349.11
2025-08-13,1492252.58
2025-08-15,1492252.58
2025-08-18,1492252.58
2025-08-21,1492252.58
2025-08-22,1492252.58
2025-09-01,1492252.58
2025-09-02,1492252.58
2025-09-03,1492252.58
2025-09-04,1492252.58
2025-09-05,1492252.58
2025-09-08,1492252.58
2025-09-09,1492252.58
2025-09-15,1492252.58
2025-09-18,1492252.58
2025-09-19,1492252.58
2025-09-22,1492252.58
2025-09-23,1671114.53
2025-09-29,1671114.53
2025-09-30,1671114.53
2025-10-10,1671114.53
2025-10-15,1671114.53
2025-10-16,1671114.53
2025-10-20,1774889.53
2025-11-03,1774889.53
2025-11-06,1774889.53
2025-11-07,1774889.53
2025-11-11,1774889.53
2025-11-13,2049581.42
2025-11-18,2049581.42
2025-11-19,2049581.42
2025-11-20,2049581.42
2025-11-21,2039563.7
2025-11-24,1743826.97
2025-11-25,1743826.97
2025-12-23,1740413.52
2025-12-29,1740413.52
2025-12-31,1740413.52
2026-01-05,1782305.54
2026-01-06,1782305.54
2026-01-07,1782305.54
2026-01-08,1782305.54
2026-01-09,1737223.69
2026-01-14,1737223.69
2026-01-20,1737223.69
2026-01-27,1711487.04
2026-02-03,1616424.24
2026-02-04,1622095.22
2026-02-05,1622095.22
2026-02-06,1622095.22
2026-02-09,1776194.26
2026-02-26,1776194.26
2026-02-27,1776194.26
2026-03-02,1776194.26
2026-03-03,1776194.26
2026-03-04,1603646.42
2026-03-05,1590113.51
2026-03-06,1590113.51
2026-03-09,1580514.0
2026-03-11,1580514.0
2026-03-12,1580514.0
2026-03-16,1506325.86
2026-03-18,1451871.85
2026-03-19,1451871.85
2026-03-20,1408772.07
2026-03-23,1494520.32
2026-03-24,1483262.83
2026-03-26,1483262.83
2026-04-01,1468145.74
2026-04-02,1460513.2
2026-04-03,1453728.88
2026-04-08,1453728.88
2026-04-13,1453728.88
2026-04-20,1442832.79
2026-04-21,1442832.79
2026-04-27,1442832.79
2026-04-28,1431641.04
2026-05-06,1431641.04
2026-05-07,1431641.04
2026-05-08,1431641.04
2026-05-12,1431641.04
2026-05-14,1431641.04
2026-05-18,1441241.85
2026-05-19,1441241.85
2026-05-22,1426665.14
2026-05-25,1426665.14
2026-05-26,1414491.19
2026-05-27,1414491.19
2026-05-28,1414491.19
2026-05-29,1414491.19
2026-06-01,1383291.96
2026-06-02,1384341.29
2026-06-03,1374038.48
2026-06-04,1374038.48
2026-06-05,1374038.48
2026-06-08,1329069.06
2026-06-09,1306432.14
2026-06-10,1302461.43
2026-06-16,1302461.43
2026-06-17,1302461.43
2026-06-18,1302461.43
2026-06-22,1302461.43
2026-06-29,1292848.35
2026-07-01,1292848.35
2026-07-03,1379549.69
2026-07-06,1379549.69
2026-07-08,1373378.45
2026-07-09,1364145.0
2026-07-10,1364145.0
2026-07-17,1386250.06
2026-07-20,1386250.06
2026-07-27,1380825.91
2026-07-29,1380825.91
2026-08-10,1380825.91
2026-08-11,1380825.91
2026-08-14,1379430.55
2026-08-18,1379303.08
2026-08-20,1375049.49
2026-08-21,1365063.82
