exec_date,1m,3m,6m,12m,24m,realized_vol63
1996-02-29,0.0011632415664986073,0.04179916588915278,0.031112830645356748,0.23314464106121568,0.6275144875072702,0.12481538300527713
1996-05-03,0.04535421128155237,0.0297024856329553,0.09619511669423164,0.2635922231546537,0.7440236528541795,0.12560139021680428
1996-09-03,0.06444887216158768,0.16038590912512052,0.21313214014635928,0.4226905795845126,0.5249620771144232,0.08215758660236305
1997-01-03,0.06746173056582538,0.028344275344483805,0.24410791001569176,0.3229670765766317,0.6663274030382342,0.14013716833781445
1997-03-18,-0.04265373252088134,0.12405268026257432,0.1884229034894993,0.36421559306256013,0.6545600940958953,0.16507906807770362
1998-11-03,0.03467078077451835,0.12314683128369186,0.1983178104389447,0.21890075878846416,0.27853544612933545,0.1848642107715384
1999-02-16,0.05502665664406625,0.08890116078583143,0.08181250294599951,0.12991304649841595,0.07208184792936545,0.18902331654566557
1999-03-05,0.05715362828305581,0.06506287653090959,0.058132235329829474,0.1303744684809509,-0.0041952611879099155,0.1841787875060745
1999-05-07,-0.011050705479413114,-0.023842955295535595,0.022964576929541236,0.0755076403797088,-0.05145455241925656,0.16357260501370813
1999-06-14,0.08080302720481503,0.03902939740782241,0.0953897707374165,0.11777618473943718,-0.029212175438752097,0.1682612394991651
1999-08-11,0.054805941428772265,0.06543468786541529,0.1016675914922398,0.14939554511918351,-0.07647705757813184,0.20002306265325728
1999-10-25,0.07912264303205152,0.0832635522990135,0.13505159888989304,0.07231590912863473,-0.1715898831458006,0.17982424711064268
2000-01-06,0.015783358733632902,0.07077189486234858,0.05476748604942405,-0.0740027607317898,-0.18294571213777366,0.23489150448003687
2000-05-04,0.0371210728592688,0.026471686562146823,0.004324779324975658,-0.1049325085126166,-0.25447670946531886,0.19071042466491206
2001-04-17,0.0892699136449433,0.029465521253807525,-0.09002447138790926,-0.06673003627195906,-0.2209582448730274,0.18683920091652437
2001-11-26,-0.0008432035154349871,-0.035163475471383765,-0.07187434506082346,-0.18904843538844296,-0.08384473637156131,0.17010754557900357
2001-12-14,0.007316497856424853,0.0454805642030538,-0.07346923285715179,-0.18669261515943203,-0.039530811526897414,0.16575009794364146
2002-01-03,-0.05216217641991161,-0.027661636884099505,-0.14345224899268505,-0.21311717436526711,-0.0281033299619613,0.16770631765440505
2002-03-19,-0.035245228779581805,-0.11017118853780183,-0.2505512565423422,-0.2501222745346603,-0.037089872359000964,0.19395825310987944
2002-10-22,0.016038383253470068,-0.013759774430683547,0.013015185117548178,0.14520075012488975,0.2178678098898501,0.21288920617057588
2003-04-08,0.045844586718539526,0.13896563398757822,0.18105986686479691,0.2961599658952805,0.34237946314338163,0.1668609715188746
2003-07-09,-0.03345772229695032,0.031165633739049348,0.11756819142112818,0.10415346576955775,0.20243287928606124,0.14089293388123234
2003-07-29,0.0002709012270729616,0.03473084802435045,0.13242078267486512,0.10427290184151583,0.24806320628476142,0.12815520269827393
2004-04-06,-0.03179290070340268,-0.036034281158847326,-0.007404936560716502,0.03526084484496206,0.13773182002932693,0.11122162774021387
2004-04-27,-0.018132578936177035,-0.03532269893064721,-0.021523044610009867,0.018361448000496994,0.15339967848680236,0.10683928582382284
2005-03-10,-0.021375173875430198,-0.0050372043359177,0.020430679099733284,0.06164823288759336,0.1416226377769998,0.11881059296812435
2007-06-08,0.01302066444064054,-0.024927660700680754,0.011155761562332334,-0.08650237440607089,-0.3677978833098481,0.18986827358733263
2008-04-28,-0.005093132361539632,-0.11702049442861429,-0.3728217945932655,-0.38828006735540277,-0.1477867616804901,0.18244061173182308
2008-06-16,-0.08351914653818793,-0.1222725300064258,-0.35259226826021794,-0.3288663302879462,-0.179740217553493,0.22256613841310166
2008-10-15,-0.08376231611056928,-0.1516790559568313,-0.12567866787485105,0.10251365927064882,0.1825758800298929,0.5898680661884895
2008-11-04,-0.1298144023765826,-0.1291657887677491,-0.06580801502179567,0.07741092198206312,0.2571270363353695,0.5243805807629731
2009-01-23,-0.05962338242836873,0.053602715728988004,0.19108207861327786,0.3340226538905793,0.5700593655553574,0.4058926657139494
2009-02-12,-0.09160024696179259,0.07610468149981853,0.22028896294800893,0.29593575757442037,0.6015592864583965,0.39327863309447925
2009-05-01,0.08249879781567504,0.13147098966275328,0.2215665573720964,0.3775695203823044,0.5597084881346714,0.23481292961811007
2009-05-27,0.011330290038226831,0.12973238772385454,0.21571512214308752,0.17363584465659154,0.45114561568102096,0.1973735447741868
2009-06-16,0.016356973906414884,0.13724074400116582,0.20366250511868422,0.20420269527986434,0.3671349149985197,0.18550168771343292
2009-08-06,0.012290128961888636,0.0422683928695502,0.06187871641010223,0.11710457281013453,0.19453021512573554,0.17845742637782325
2009-12-24,-0.021033250953545024,0.046508738620150814,-0.04148679094156971,0.12172198982848981,0.12867057271066162,0.14425116465624385
2010-12-06,0.04305201017001603,0.08003297046472335,0.04989904690262059,0.027135203142487407,0.15530239898630982,0.10585480706884834
2010-12-27,0.03345126931580755,0.0442589272901075,0.02027636229194396,0.008504233485030266,0.13026631673424505,0.1307852000038555
2011-10-21,-0.01843855380543813,0.08166926547799291,0.12883103708892962,0.1797200314368288,0.44157013400827094,0.23498379608770756
2013-05-29,-0.026180599988755104,-0.01574938980316376,0.08807960962140204,0.15903951631985014,0.272140604324592,0.1226959391280366
2013-06-24,0.06116047047745088,0.07116822755909169,0.14448279104960626,0.22735194930482838,0.32717766083420585,0.09307377538805511
2015-03-04,-0.01933843695186299,0.0030127805137851738,-0.09198090724192043,-0.05423867870404342,0.13066258815800036,0.11332757216846079
2016-11-15,0.04323221918913811,0.08252121645035482,0.09105328534645096,0.18278462335987133,0.2591488693792676,0.0669124232985801
2016-12-06,0.03158665965706864,0.07140532004591993,0.10262951727238012,0.19119179792979413,0.19291794644736493,0.07040963949913855
2021-02-26,0.03422963980917948,0.09407603250587981,0.16416560380847334,0.1419370472149386,0.03398477813694911,0.1418385223949619
2021-03-19,0.05668083812919722,0.06473326016655245,0.13284736964882127,0.14054703887599262,0.022930492410854653,0.11286902141879591
2022-01-19,-0.04528523772959203,-0.028025012012726336,-0.1283949454491855,-0.13413593776689403,0.060280845036096764,0.21528031433543368
2022-03-23,-0.04925781925389283,-0.15520912110354967,-0.16360866471800461,-0.1162026431804235,0.1581268979160646,0.2777660709272182
2022-04-12,-0.1143660823768533,-0.1458471791504221,-0.1939250459717805,-0.0675929316571936,0.1383229036736051,0.28406196693750785
2022-05-03,0.004096380083221218,-0.0011081988757433159,-0.07300378942742358,-0.02369351733589975,0.24543617738177947,0.2737944232542705
2022-06-14,0.026475186012305363,0.04848917749535553,0.06805593738927462,0.17598413739838237,0.4542848057310045,0.22824947226640527
2022-08-30,-0.09917229305211872,-0.020691646690380483,-0.014822122448190589,0.11541234921125887,0.3681237675920197,0.2640799217456583
2022-09-20,-0.04646693725712603,-0.014855910139405792,0.015931955147319155,0.11735304016104897,0.47567237377922766,0.2599815662467991
2022-10-11,0.042468270837985544,0.10393897115980066,0.15305381493732995,0.20961598431029937,0.6296101412737074,0.23690165383208334
2022-11-01,0.04479483199943535,0.07124159008548014,0.04086071522160428,0.10661510279361464,0.46412028433463903,0.21644419690998562
2023-02-16,-0.03965731372273529,0.020244195804726806,0.06196244266055051,0.20918883665471788,0.4613597139103227,0.14792209615856727
2023-08-17,0.008425558478225126,0.01960004303109142,0.1334255722985911,0.2698921779271508,0.44241589726846553,0.1377991668475761
2023-09-28,-0.035665637379931,0.12031435997375639,0.22814988101314193,0.349637584408393,0.5728104765615503,0.12240928509433342
2023-10-18,0.03462887611438692,0.11072324925119226,0.13996577487325257,0.34592580133267536,0.5374940622621194,0.11627148249261522
2024-04-26,0.043540881077515525,0.07451646504592224,0.14228515802243713,0.09526912679410104,0.4219504304229096,0.10826645214113001
2024-10-15,0.020222413759237945,0.01203387342110962,-0.09955103102067364,0.13589651141848025,,0.133149344782572
2025-01-07,0.005461213101045415,-0.08949384546246453,0.04446498980462743,0.16235238544341324,,0.22067943382612995
2026-03-30,0.11440539352217938,0.17115826916703858,,,,0.14660770505239348
