,equity
1986-01-02,1.0
1986-01-09,0.982413
1986-01-16,0.996998
1986-01-23,0.973547
1986-01-30,0.997761
1986-02-06,1.017651
1986-02-13,1.036386
1986-02-21,1.070805
1986-02-28,1.08177
1986-03-07,1.075334
1986-03-14,1.127678
1986-03-21,1.112375
1986-03-31,1.138881
1986-04-07,1.08986
1986-04-14,1.127881
1986-04-21,1.161204
1986-04-28,1.153789
1986-05-05,1.130664
1986-05-12,1.129955
1986-05-19,1.109264
1986-05-27,1.163826
1986-06-03,1.167416
1986-06-10,1.139403
1986-06-17,1.161937
1986-06-24,1.174597
1986-07-01,1.198264
1986-07-09,1.155856
1986-07-16,1.121271
1986-07-23,1.137125
1986-07-30,1.124605
1986-08-06,1.124978
1986-08-13,1.144732
1986-08-20,1.163837
1986-08-27,1.180285
1986-09-04,1.182755
1986-09-11,1.096002
1986-09-18,1.089937
1986-09-25,1.089937
1986-10-02,1.089937
1986-10-09,1.089937
1986-10-16,1.089937
1986-10-23,1.083587
1986-10-30,1.087558
1986-11-06,1.090991
1986-11-13,1.086462
1986-11-20,1.086062
1986-11-28,1.090768
1986-12-05,1.093714
1986-12-12,1.087942
1986-12-19,1.084771
1986-12-29,1.078802
1987-01-06,1.079295
1987-01-13,1.101658
1987-01-20,1.139611
1987-01-27,1.159277
1987-02-03,1.168629
1987-02-10,1.164788
1987-02-18,1.207926
1987-02-25,1.201773
1987-03-04,1.221323
1987-03-11,1.228474
1987-03-18,1.238926
1987-03-25,1.271086
1987-04-01,1.236981
1987-04-08,1.258902
1987-04-15,1.213568
1987-04-23,1.220382
1987-04-30,1.21217
1987-05-07,1.23114
1987-05-14,1.230125
1987-05-21,1.195529
1987-05-29,1.209576
1987-06-05,1.220787
1987-06-12,1.248127
1987-06-19,1.268428
1987-06-26,1.269214
1987-07-06,1.259958
1987-07-13,1.271156
1987-07-20,1.286692
1987-07-27,1.283634
1987-08-03,1.312229
1987-08-10,1.355326
1987-08-17,1.380573
1987-08-24,1.37735
1987-08-31,1.362764
1987-09-08,1.299606
1987-09-15,1.316043
1987-09-22,1.299378
1987-09-29,1.305793
1987-10-06,1.29671
1987-10-13,1.280579
1987-10-20,1.262438
1987-10-27,1.262438
1987-11-03,1.262438
1987-11-10,1.262438
1987-11-17,1.262438
1987-11-24,1.262438
1987-12-02,1.262438
1987-12-09,1.262438
1987-12-16,1.262438
1987-12-23,1.262438
1987-12-31,1.262438
1988-01-08,1.262438
1988-01-15,1.262438
1988-01-22,1.262438
1988-01-29,1.262438
1988-02-05,1.262438
1988-02-12,1.262438
1988-02-22,1.262438
1988-02-29,1.262438
1988-03-07,1.262438
1988-03-14,1.262438
1988-03-21,1.262438
1988-03-28,1.262438
1988-04-05,1.262438
1988-04-12,1.262438
1988-04-19,1.262438
1988-04-26,1.262438
1988-05-03,1.262438
1988-05-10,1.262438
1988-05-17,1.262438
1988-05-24,1.262438
1988-06-01,1.262438
1988-06-08,1.259444
1988-06-15,1.269157
1988-06-22,1.273554
1988-06-29,1.25581
1988-07-07,1.259083
1988-07-14,1.252231
1988-07-21,1.236217
1988-07-28,1.23337
1988-08-04,1.25966
1988-08-11,1.218824
1988-08-18,1.203666
1988-08-25,1.183338
1988-09-01,1.176849
1988-09-09,1.185444
1988-09-16,1.20237
1988-09-23,1.198416
1988-09-30,1.207968
1988-10-07,1.235334
1988-10-14,1.223916
1988-10-21,1.260167
1988-10-28,1.237377
1988-11-04,1.227515
1988-11-11,1.204971
1988-11-18,1.199351
1988-11-28,1.198503
1988-12-05,1.208062
1988-12-12,1.205306
1988-12-19,1.207616
1988-12-27,1.204413
1989-01-04,1.20188
1989-01-11,1.212193
1989-01-18,1.231622
1989-01-25,1.242841
1989-02-01,1.277013
1989-02-08,1.283718
1989-02-15,1.264763
1989-02-23,1.255349
1989-03-02,1.246322
1989-03-09,1.26343
1989-03-16,1.287114
1989-03-23,1.242153
1989-03-31,1.267471
1989-04-07,1.277314
1989-04-14,1.295367
1989-04-21,1.330829
1989-04-28,1.330958
1989-05-05,1.322232
1989-05-12,1.349011
1989-05-19,1.380819
1989-05-26,1.382324
1989-06-05,1.384215
1989-06-12,1.402311
1989-06-19,1.383614
1989-06-26,1.403859
1989-07-03,1.37218
1989-07-11,1.413229
1989-07-18,1.424276
1989-07-25,1.435151
1989-08-01,1.477577
1989-08-08,1.501648
1989-08-15,1.481703
1989-08-22,1.466573
1989-08-29,1.503754
1989-09-06,1.501175
1989-09-13,1.484927
1989-09-20,1.489268
1989-09-27,1.483379
1989-10-04,1.534273
1989-10-11,1.534487
1989-10-18,1.456009
1989-10-25,1.457848
1989-11-01,1.454617
1989-11-08,1.447037
1989-11-15,1.454777
1989-11-22,1.46063
1989-11-30,1.478059
1989-12-07,1.484895
1989-12-14,1.499163
1989-12-21,1.46893
1989-12-29,1.498911
1990-01-08,1.500566
1990-01-15,1.436625
1990-01-22,1.427133
1990-01-29,1.42665
1990-02-05,1.42665
1990-02-12,1.42665
1990-02-20,1.42665
1990-02-27,1.42665
1990-03-06,1.42665
1990-03-13,1.422396
1990-03-20,1.421393
1990-03-27,1.418201
1990-04-03,1.414909
1990-04-10,1.410199
1990-04-18,1.408229
1990-04-25,1.407731
1990-05-02,1.407731
1990-05-09,1.40847
1990-05-16,1.421832
1990-05-23,1.427008
1990-05-31,1.416353
1990-06-07,1.423882
1990-06-14,1.422901
1990-06-21,1.413373
1990-06-28,1.395734
1990-07-06,1.393122
1990-07-13,1.415188
1990-07-20,1.398822
1990-07-27,1.3877
1990-08-03,1.37602
1990-08-10,1.375534
1990-08-17,1.375534
1990-08-24,1.375534
1990-08-31,1.375534
1990-09-10,1.375534
1990-09-17,1.375534
1990-09-24,1.375534
1990-10-01,1.375534
1990-10-08,1.375534
1990-10-15,1.375534
1990-10-22,1.375534
1990-10-29,1.375534
1990-11-05,1.375534
1990-11-12,1.375534
1990-11-19,1.375534
1990-11-27,1.375534
1990-12-04,1.375534
1990-12-11,1.375534
1990-12-18,1.375534
1990-12-26,1.375534
1991-01-03,1.375534
1991-01-10,1.375534
1991-01-17,1.375534
1991-01-24,1.375534
1991-01-31,1.390595
1991-02-07,1.432486
1991-02-14,1.459142
1991-02-22,1.464328
1991-03-01,1.48044
1991-03-08,1.49604
1991-03-15,1.492941
1991-03-22,1.468524
1991-04-01,1.483789
1991-04-08,1.513201
1991-04-15,1.523312
1991-04-22,1.522129
1991-04-29,1.494831
1991-05-06,1.519981
1991-05-13,1.506704
1991-05-20,1.488788
1991-05-28,1.52742
1991-06-04,1.550614
1991-06-11,1.52386
1991-06-18,1.514023
1991-06-25,1.48227
1991-07-02,1.509544
1991-07-10,1.502625
1991-07-17,1.52438
1991-07-24,1.514223
1991-07-31,1.550894
1991-08-07,1.561892
1991-08-14,1.559253
1991-08-21,1.562012
1991-08-28,1.584167
1991-09-05,1.556549
1991-09-12,1.54992
1991-09-19,1.551271
1991-09-26,1.546989
1991-10-03,1.538903
1991-10-10,1.523213
1991-10-17,1.568723
1991-10-24,1.541305
1991-10-31,1.570844
1991-11-07,1.575928
1991-11-14,1.589657
1991-11-21,1.517877
1991-11-29,1.517877
1991-12-06,1.517877
1991-12-13,1.517877
1991-12-20,1.52049
1991-12-30,1.60186
1992-01-07,1.610581
1992-01-14,1.622311
1992-01-21,1.592214
1992-01-28,1.601166
1992-02-04,1.596883
1992-02-11,1.596535
1992-02-19,1.575313
1992-02-26,1.602671
1992-03-04,1.579442
1992-03-11,1.558991
1992-03-18,1.578747
1992-03-25,1.572458
1992-04-01,1.559763
1992-04-08,1.522219
1992-04-15,1.578678
1992-04-23,1.56093
1992-04-30,1.573634
1992-05-07,1.577047
1992-05-14,1.56677
1992-05-21,1.564722
1992-05-29,1.575151
1992-06-05,1.568059
1992-06-12,1.547455
1992-06-19,1.515879
1992-06-26,1.515091
1992-07-06,1.541419
1992-07-13,1.545255
1992-07-20,1.541084
1992-07-27,1.532852
1992-08-03,1.583321
1992-08-10,1.562203
1992-08-17,1.567119
1992-08-24,1.538626
1992-08-31,1.542982
1992-09-08,1.539398
1992-09-15,1.544942
1992-09-22,1.535262
1992-09-29,1.522086
1992-10-06,1.513347
1992-10-13,1.513347
1992-10-20,1.513457
1992-10-27,1.522985
1992-11-03,1.52819
1992-11-10,1.523459
1992-11-17,1.525824
1992-11-24,1.556103
1992-12-02,1.564473
1992-12-09,1.585435
1992-12-16,1.570405
1992-12-23,1.597735
1992-12-31,1.585653
1993-01-08,1.561416
1993-01-15,1.590894
1993-01-22,1.587109
1993-01-29,1.596826
1993-02-05,1.633764
1993-02-12,1.617933
1993-02-22,1.583943
1993-03-01,1.60858
1993-03-08,1.654799
1993-03-15,1.642862
1993-03-22,1.633582
1993-03-29,1.64046
1993-04-05,1.609599
1993-04-13,1.634819
1993-04-20,1.619826
1993-04-27,1.594023
1993-05-04,1.616004
1993-05-11,1.617133
1993-05-18,1.60243
1993-05-25,1.633473
1993-06-02,1.651669
1993-06-09,1.6223
1993-06-16,1.628305
1993-06-23,1.612875
1993-06-30,1.639587
1993-07-08,1.632709
1993-07-15,1.634819
1993-07-22,1.617679
1993-07-29,1.638531
1993-08-05,1.630853
1993-08-12,1.633873
1993-08-19,1.661058
1993-08-26,1.677835
1993-09-02,1.678781
1993-09-10,1.68031
1993-09-17,1.669792
1993-09-24,1.665425
1993-10-01,1.678709
1993-10-08,1.675179
1993-10-15,1.708623
1993-10-22,1.685951
1993-10-29,1.702546
1993-11-05,1.679515
1993-11-12,1.686999
1993-11-19,1.670818
1993-11-29,1.669927
1993-12-06,1.678192
1993-12-13,1.676179
1993-12-20,1.676369
1993-12-28,1.688101
1994-01-04,1.675654
1994-01-11,1.681129
1994-01-18,1.674343
1994-01-25,1.670181
1994-02-01,1.685791
1994-02-08,1.674058
1994-02-15,1.675884
1994-02-23,1.673611
1994-03-02,1.666309
1994-03-09,1.669103
1994-03-16,1.672034
1994-03-23,1.670941
1994-03-30,1.660469
1994-04-07,1.660469
1994-04-14,1.660469
1994-04-21,1.660469
1994-04-29,1.660469
1994-05-06,1.660469
1994-05-13,1.660469
1994-05-20,1.660469
1994-05-27,1.660469
1994-06-06,1.660469
1994-06-13,1.660469
1994-06-20,1.657049
1994-06-27,1.657049
1994-07-05,1.657049
1994-07-12,1.657049
1994-07-19,1.657049
1994-07-26,1.657049
1994-08-02,1.655891
1994-08-09,1.650308
1994-08-16,1.653563
1994-08-23,1.652932
1994-08-30,1.667527
1994-09-07,1.657777
1994-09-14,1.655068
1994-09-21,1.64599
1994-09-28,1.643171
1994-10-05,1.627505
1994-10-12,1.626546
1994-10-19,1.632486
1994-10-26,1.620998
1994-11-02,1.62075
1994-11-09,1.619385
1994-11-16,1.619656
1994-11-23,1.609657
1994-12-01,1.609657
1994-12-08,1.609657
1994-12-15,1.609657
1994-12-22,1.609657
1994-12-30,1.606929
1995-01-09,1.608853
1995-01-16,1.619402
1995-01-23,1.61501
1995-01-30,1.618328
1995-02-06,1.638284
1995-02-13,1.640021
1995-02-21,1.643664
1995-02-28,1.659566
1995-03-07,1.641621
1995-03-14,1.678293
1995-03-21,1.685716
1995-03-28,1.715782
1995-04-04,1.720345
1995-04-11,1.721333
1995-04-19,1.719256
1995-04-26,1.74561
1995-05-03,1.772237
1995-05-10,1.785449
1995-05-17,1.794676
1995-05-24,1.79992
1995-06-01,1.816536
1995-06-08,1.812655
1995-06-15,1.828897
1995-06-22,1.876396
1995-06-29,1.85188
1995-07-07,1.894443
1995-07-14,1.906429
1995-07-21,1.885079
1995-07-28,1.91678
1995-08-04,1.903194
1995-08-11,1.890153
1995-08-18,1.904113
1995-08-25,1.907144
1995-09-01,1.919878
1995-09-11,1.954167
1995-09-18,1.984335
1995-09-25,1.981066
1995-10-02,1.98076
1995-10-09,1.969353
1995-10-16,1.985221
1995-10-23,1.992133
1995-10-30,1.98597
1995-11-06,2.00371
1995-11-13,2.016785
1995-11-20,2.032278
1995-11-28,2.064966
1995-12-05,2.103204
1995-12-12,2.10695
1995-12-19,2.083625
1995-12-27,2.092478
1996-01-04,2.103272
1996-01-11,2.052163
1996-01-18,2.071061
1996-01-25,2.100991
1996-02-01,2.17396
1996-02-08,2.233922
1996-02-15,2.217748
1996-02-23,2.244171
1996-03-01,2.194083
1996-03-08,2.157071
1996-03-15,2.18106
1996-03-22,2.20972
1996-03-29,2.192548
1996-04-08,2.188277
1996-04-15,2.182346
1996-04-22,2.200648
1996-04-29,2.221899
1996-05-06,2.176652
1996-05-13,2.246811
1996-05-20,2.286263
1996-05-28,2.283145
1996-06-04,2.284263
1996-06-11,2.278874
1996-06-18,2.248675
1996-06-25,2.270435
1996-07-02,2.287822
1996-07-10,2.228339
1996-07-17,2.171897
1996-07-24,2.151243
1996-07-31,2.151243
1996-08-07,2.176078
1996-08-14,2.173855
1996-08-21,2.177037
1996-08-28,2.176763
1996-09-05,2.160568
1996-09-12,2.183443
1996-09-19,2.199754
1996-09-26,2.208965
1996-10-03,2.231253
1996-10-10,2.237147
1996-10-17,2.277019
1996-10-24,2.261882
1996-10-31,2.27148
1996-11-07,2.34356
1996-11-14,2.370066
1996-11-21,2.392192
1996-11-29,2.438152
1996-12-06,2.382047
1996-12-13,2.346748
1996-12-20,2.411903
1996-12-30,2.427942
1997-01-07,2.425946
1997-01-14,2.476285
1997-01-21,2.520925
1997-01-28,2.463918
1997-02-04,2.541988
1997-02-11,2.543051
1997-02-19,2.616806
1997-02-26,2.594872
1997-03-05,2.582988
1997-03-12,2.590299
1997-03-19,2.530748
1997-03-26,2.545982
1997-04-03,2.415799
1997-04-10,2.423627
1997-04-17,2.383959
1997-04-24,2.380774
1997-05-01,2.410448
1997-05-08,2.460315
1997-05-15,2.513425
1997-05-22,2.495152
1997-05-30,2.526997
1997-06-06,2.554833
1997-06-13,2.655704
1997-06-20,2.671238
1997-06-27,2.638625
1997-07-07,2.709859
1997-07-14,2.725005
1997-07-21,2.709885
1997-07-28,2.769549
1997-08-04,2.808722
1997-08-11,2.771104
1997-08-18,2.699418
1997-08-25,2.720307
1997-09-02,2.738736
1997-09-09,2.75131
1997-09-16,2.782952
1997-09-23,2.796594
1997-09-30,2.785294
1997-10-07,2.890174
1997-10-14,2.852427
1997-10-21,2.858307
1997-10-28,2.64691
1997-11-04,2.670369
1997-11-11,2.649081
1997-11-18,2.667197
1997-11-25,2.684041
1997-12-03,2.741913
1997-12-10,2.725111
1997-12-17,2.715779
1997-12-24,2.623618
1998-01-02,2.738877
1998-01-09,2.613444
1998-01-16,2.650374
1998-01-26,2.640541
1998-02-02,2.738091
1998-02-09,2.757833
1998-02-17,2.789986
1998-02-24,2.811264
1998-03-03,2.869804
1998-03-10,2.903166
1998-03-17,2.947358
1998-03-24,3.016101
1998-03-31,3.005463
1998-04-07,3.02674
1998-04-15,3.053392
1998-04-22,3.083999
1998-04-29,2.986013
1998-05-06,3.01411
1998-05-13,3.052137
1998-05-20,3.052683
1998-05-28,2.994142
1998-06-04,2.986585
1998-06-11,2.985903
1998-06-18,2.995337
1998-06-25,3.017418
1998-07-02,3.02905
1998-07-10,3.052829
1998-07-17,3.110547
1998-07-24,3.028701
1998-07-31,3.010052
1998-08-07,3.001366
1998-08-14,3.001366
1998-08-21,3.001366
1998-08-28,3.001366
1998-09-04,3.001366
1998-09-14,3.001366
1998-09-21,3.001366
1998-09-28,3.001366
1998-10-05,3.001366
1998-10-12,3.001366
1998-10-19,3.001366
1998-10-26,3.001366
1998-11-02,3.001366
1998-11-09,3.009137
1998-11-16,3.009915
1998-11-23,3.059236
1998-12-01,3.047052
1998-12-08,3.05177
1998-12-15,3.03954
1998-12-22,3.0536
1998-12-30,3.071393
1999-01-07,3.093199
1999-01-14,3.042712
1999-01-22,3.052159
1999-01-29,3.091725
1999-02-05,3.062484
1999-02-12,3.053966
1999-02-22,3.052901
1999-03-01,3.03429
1999-03-08,3.060191
1999-03-15,3.075231
1999-03-22,3.067729
1999-03-29,3.077142
1999-04-06,3.082664
1999-04-13,3.105504
1999-04-20,3.059347
1999-04-27,3.152239
1999-05-04,3.095189
1999-05-11,3.138691
1999-05-18,3.096701
1999-05-25,2.984778
1999-06-02,3.009619
1999-06-09,3.054233
1999-06-16,3.076364
1999-06-23,3.080801
1999-06-30,3.167905
1999-07-08,3.213667
1999-07-15,3.248698
1999-07-22,3.136576
1999-07-29,3.090621
1999-08-05,3.066377
1999-08-12,3.035069
1999-08-19,3.030345
1999-08-26,3.056668
1999-09-02,3.029731
1999-09-10,3.022363
1999-09-17,3.012326
1999-09-24,3.012326
1999-10-01,3.012326
1999-10-08,3.012326
1999-10-15,3.012326
1999-10-22,3.012326
1999-10-29,3.012326
1999-11-05,3.012326
1999-11-12,3.012326
1999-11-19,3.012326
1999-11-29,3.012326
1999-12-06,3.012326
1999-12-13,3.012326
1999-12-20,3.012326
1999-12-28,3.012326
2000-01-04,3.012326
2000-01-11,3.012326
2000-01-19,3.012326
2000-01-26,3.012326
2000-02-02,3.012326
2000-02-09,3.012326
2000-02-16,3.012326
2000-02-24,3.012326
2000-03-02,3.012326
2000-03-09,3.012326
2000-03-16,3.012326
2000-03-23,3.012326
2000-03-30,3.012326
2000-04-06,3.008012
2000-04-13,2.985061
2000-04-20,2.9341
2000-04-28,2.940042
2000-05-05,2.932892
2000-05-12,2.918213
2000-05-19,2.902541
2000-05-26,2.877209
2000-06-05,2.887325
2000-06-12,2.877383
2000-06-19,2.906926
2000-06-26,2.890843
2000-07-03,2.900124
2000-07-11,2.907156
2000-07-18,2.914232
2000-07-25,2.899106
2000-08-01,2.864221
2000-08-08,2.892928
2000-08-15,2.876332
2000-08-22,2.901929
2000-08-29,2.924611
2000-09-06,2.890539
2000-09-13,2.876321
2000-09-20,2.815067
2000-09-27,2.805665
2000-10-04,2.788884
2000-10-11,2.788884
2000-10-18,2.788884
2000-10-25,2.788884
2000-11-01,2.788884
2000-11-08,2.788884
2000-11-15,2.788884
2000-11-22,2.788884
2000-11-30,2.788884
2000-12-07,2.788884
2000-12-14,2.788884
2000-12-21,2.788884
2000-12-29,2.788884
2001-01-08,2.788884
2001-01-16,2.788884
2001-01-23,2.788884
2001-01-30,2.788884
2001-02-06,2.788884
2001-02-13,2.788884
2001-02-21,2.788884
2001-02-28,2.788884
2001-03-07,2.788884
2001-03-14,2.788884
2001-03-21,2.788884
2001-03-28,2.788884
2001-04-04,2.788884
2001-04-11,2.788884
2001-04-19,2.788884
2001-04-26,2.788884
2001-05-03,2.788884
2001-05-10,2.788884
2001-05-17,2.788884
2001-05-24,2.788884
2001-06-01,2.788884
2001-06-08,2.788884
2001-06-15,2.788884
2001-06-22,2.788884
2001-06-29,2.788884
2001-07-09,2.788884
2001-07-16,2.788884
2001-07-23,2.788884
2001-07-30,2.788884
2001-08-06,2.788884
2001-08-13,2.788884
2001-08-20,2.788884
2001-08-27,2.788884
2001-09-04,2.788884
2001-09-17,2.788884
2001-09-24,2.788884
2001-10-01,2.788884
2001-10-08,2.788884
2001-10-15,2.788884
2001-10-22,2.788884
2001-10-29,2.788884
2001-11-05,2.788884
2001-11-12,2.788884
2001-11-19,2.788884
2001-11-27,2.788884
2001-12-04,2.788884
2001-12-11,2.788884
2001-12-18,2.788884
2001-12-26,2.788884
2002-01-03,2.788884
2002-01-10,2.76522
2002-01-17,2.76522
2002-01-25,2.76522
2002-02-01,2.76522
2002-02-08,2.76522
2002-02-15,2.76522
2002-02-25,2.76522
2002-03-04,2.76522
2002-03-11,2.756142
2002-03-18,2.751177
2002-03-25,2.674472
2002-04-02,2.65071
2002-04-09,2.648059
2002-04-16,2.648059
2002-04-23,2.648059
2002-04-30,2.648059
2002-05-07,2.648059
2002-05-14,2.648059
2002-05-21,2.648059
2002-05-29,2.648059
2002-06-05,2.648059
2002-06-12,2.648059
2002-06-19,2.648059
2002-06-26,2.648059
2002-07-03,2.648059
2002-07-11,2.648059
2002-07-18,2.648059
2002-07-25,2.648059
2002-08-01,2.648059
2002-08-08,2.648059
2002-08-15,2.648059
2002-08-22,2.648059
2002-08-29,2.648059
2002-09-06,2.648059
2002-09-13,2.648059
2002-09-20,2.648059
2002-09-27,2.648059
2002-10-04,2.648059
2002-10-11,2.648059
2002-10-18,2.648059
2002-10-25,2.648059
2002-11-01,2.648059
2002-11-08,2.648059
2002-11-15,2.648059
2002-11-22,2.648059
2002-12-02,2.648059
2002-12-09,2.648059
2002-12-16,2.648059
2002-12-23,2.648059
2002-12-31,2.648059
2003-01-08,2.648059
2003-01-15,2.648059
2003-01-23,2.648059
2003-01-30,2.648059
2003-02-06,2.648059
2003-02-13,2.648059
2003-02-21,2.648059
2003-02-28,2.648059
2003-03-07,2.648059
2003-03-14,2.648059
2003-03-21,2.648059
2003-03-28,2.627609
2003-04-04,2.627609
2003-04-11,2.627609
2003-04-21,2.621052
2003-04-28,2.614991
2003-05-05,2.642127
2003-05-12,2.689157
2003-05-19,2.623062
2003-05-27,2.703413
2003-06-03,2.75645
2003-06-10,2.789654
2003-06-17,2.859219
2003-06-24,2.780406
2003-07-01,2.777192
2003-07-09,2.830776
2003-07-16,2.808204
2003-07-23,2.790363
2003-07-30,2.787453
2003-08-06,2.730655
2003-08-13,2.778515
2003-08-20,2.824455
2003-08-27,2.814544
2003-09-04,2.902584
2003-09-11,2.869972
2003-09-18,2.935366
2003-09-25,2.832841
2003-10-02,2.879788
2003-10-09,2.926095
2003-10-16,2.954374
2003-10-23,2.909601
2003-10-30,2.945776
2003-11-06,2.976294
2003-11-13,2.977282
2003-11-20,2.909271
2003-11-28,2.976705
2003-12-05,2.98577
2003-12-12,3.02049
2003-12-19,3.060373
2003-12-29,3.117562
2004-01-06,3.156539
2004-01-13,3.14981
2004-01-21,3.222325
2004-01-28,3.169751
2004-02-04,3.164368
2004-02-11,3.250178
2004-02-19,3.220787
2004-02-26,3.214882
2004-03-04,3.24224
2004-03-11,3.110146
2004-03-18,3.152831
2004-03-25,3.116765
2004-04-01,3.179887
2004-04-08,3.199527
2004-04-16,3.186589
2004-04-23,3.203043
2004-04-30,3.111574
2004-05-07,3.087951
2004-05-14,3.062763
2004-05-21,3.060637
2004-05-28,3.099105
2004-06-07,3.153694
2004-06-15,3.130437
2004-06-22,3.137074
2004-06-29,3.142024
2004-07-07,3.092606
2004-07-14,3.073636
2004-07-21,2.999122
2004-07-28,2.996123
2004-08-04,2.996123
2004-08-11,2.996123
2004-08-18,2.996123
2004-08-25,2.996123
2004-09-01,2.996123
2004-09-09,2.993314
2004-09-16,3.007018
2004-09-23,2.977433
2004-09-30,2.977433
2004-10-07,2.972221
2004-10-14,2.924605
2004-10-21,2.924605
2004-10-28,2.927132
2004-11-04,3.016003
2004-11-11,3.046664
2004-11-18,3.072809
2004-11-26,3.070472
2004-12-03,3.092593
2004-12-10,3.084362
2004-12-17,3.100459
2004-12-27,3.128291
2005-01-03,3.120918
2005-01-10,3.090204
2005-01-18,3.10508
2005-01-25,3.033502
2005-02-01,3.088023
2005-02-08,3.121489
2005-02-15,3.141792
2005-02-23,3.091632
2005-03-02,3.141688
2005-03-09,3.133717
2005-03-16,3.084544
2005-03-23,3.044198
2005-03-31,3.065124
2005-04-07,3.092515
2005-04-14,3.016989
2005-04-21,2.996156
2005-04-28,2.962371
2005-05-05,2.967994
2005-05-12,2.93181
2005-05-19,2.973827
2005-05-26,2.990156
2005-06-03,2.986161
2005-06-10,2.991379
2005-06-17,3.038443
2005-06-24,2.975051
2005-07-01,2.982216
2005-07-11,3.044635
2005-07-18,3.048855
2005-07-25,3.068579
2005-08-01,3.084358
2005-08-08,3.053848
2005-08-15,3.080663
2005-08-22,3.050353
2005-08-29,3.026758
2005-09-06,3.079465
2005-09-13,3.073997
2005-09-20,3.049379
2005-09-27,3.024428
2005-10-04,3.000434
2005-10-11,2.95281
2005-10-18,2.95281
2005-10-25,2.949295
2005-11-01,2.943683
2005-11-08,2.953095
2005-11-15,2.978346
2005-11-22,3.056427
2005-11-30,3.027953
2005-12-07,3.047073
2005-12-14,3.08432
2005-12-21,3.060208
2005-12-29,3.039924
2006-01-06,3.115121
2006-01-13,3.120356
2006-01-23,3.062704
2006-01-30,3.114491
2006-02-06,3.065612
2006-02-13,3.060377
2006-02-21,3.109257
2006-02-28,3.103513
2006-03-07,3.09193
2006-03-14,3.144274
2006-03-21,3.143668
2006-03-28,3.133975
2006-04-04,3.164752
2006-04-11,3.117835
2006-04-19,3.174445
2006-04-26,3.163492
2006-05-03,3.170059
2006-05-10,3.205755
2006-05-17,3.078455
2006-05-24,3.063491
2006-06-01,3.04975
2006-06-08,2.988571
2006-06-15,2.988571
2006-06-22,2.988571
2006-06-29,2.988571
2006-07-07,2.962938
2006-07-14,2.956279
2006-07-21,2.956279
2006-07-28,2.949774
2006-08-04,2.949408
2006-08-11,2.932209
2006-08-18,2.943805
2006-08-25,2.937993
2006-09-01,2.950825
2006-09-11,2.94158
2006-09-18,2.961677
2006-09-25,2.954604
2006-10-02,2.963742
2006-10-09,3.006797
2006-10-16,3.047758
2006-10-23,3.065478
2006-10-30,3.067504
2006-11-06,3.071623
2006-11-13,3.081952
2006-11-20,3.117749
2006-11-28,3.087072
2006-12-05,3.149494
2006-12-12,3.14237
2006-12-19,3.173514
2006-12-27,3.176386
2007-01-05,3.138252
2007-01-12,3.185046
2007-01-22,3.167726
2007-01-29,3.162539
2007-02-05,3.221243
2007-02-12,3.190923
2007-02-20,3.249494
2007-02-27,3.114499
2007-03-06,3.106418
2007-03-13,3.070446
2007-03-20,3.134009
2007-03-27,3.169102
2007-04-03,3.188878
2007-04-11,3.191317
2007-04-18,3.265906
2007-04-25,3.316742
2007-05-02,3.317851
2007-05-09,3.354801
2007-05-16,3.358261
2007-05-23,3.376315
2007-05-31,3.394813
2007-06-07,3.306317
2007-06-14,3.377845
2007-06-21,3.376115
2007-06-28,3.339564
2007-07-06,3.394413
2007-07-13,3.443341
2007-07-20,3.402531
2007-07-27,3.308384
2007-08-03,3.291875
2007-08-10,3.281316
2007-08-17,3.279509
2007-08-24,3.286058
2007-08-31,3.258834
2007-09-10,3.247359
2007-09-17,3.242058
2007-09-24,3.225979
2007-10-01,3.235439
2007-10-08,3.245722
2007-10-15,3.237687
2007-10-22,3.198605
2007-10-29,3.2242
2007-11-05,3.14523
2007-11-12,3.126658
2007-11-19,3.126658
2007-11-27,3.126658
2007-12-04,3.126658
2007-12-11,3.123025
2007-12-18,3.116417
2007-12-26,3.116996
2008-01-03,3.106281
2008-01-10,3.106281
2008-01-17,3.106281
2008-01-25,3.106281
2008-02-01,3.106281
2008-02-08,3.106281
2008-02-15,3.106281
2008-02-25,3.106281
2008-03-03,3.106281
2008-03-10,3.106281
2008-03-17,3.106281
2008-03-25,3.106281
2008-04-01,3.106281
2008-04-08,3.106281
2008-04-15,3.106281
2008-04-22,3.106281
2008-04-29,3.106281
2008-05-06,3.106281
2008-05-13,3.106281
2008-05-20,3.106281
2008-05-28,3.106281
2008-06-04,3.106281
2008-06-11,3.106281
2008-06-18,3.106281
2008-06-25,3.106281
2008-07-02,3.106281
2008-07-10,3.106281
2008-07-17,3.106281
2008-07-24,3.106281
2008-07-31,3.106281
2008-08-07,3.106281
2008-08-14,3.106281
2008-08-21,3.106281
2008-08-28,3.106281
2008-09-05,3.106281
2008-09-12,3.106281
2008-09-19,3.106281
2008-09-26,3.106281
2008-10-03,3.106281
2008-10-10,3.106281
2008-10-17,3.106281
2008-10-24,3.106281
2008-10-31,3.106281
2008-11-07,3.106281
2008-11-14,3.106281
2008-11-21,3.106281
2008-12-01,3.106281
2008-12-08,3.106281
2008-12-15,3.106281
2008-12-22,3.106281
2008-12-30,3.106281
2009-01-07,3.106281
2009-01-14,3.106281
2009-01-22,3.106281
2009-01-29,3.106281
2009-02-05,3.106281
2009-02-12,3.106281
2009-02-20,3.106281
2009-02-27,3.106281
2009-03-06,3.106281
2009-03-13,3.106281
2009-03-20,3.106281
2009-03-27,3.106281
2009-04-03,3.106281
2009-04-13,3.106281
2009-04-20,3.106281
2009-04-27,3.106281
2009-05-04,3.106281
2009-05-11,3.106281
2009-05-18,3.106281
2009-05-26,3.106281
2009-06-02,3.106823
2009-06-09,3.105473
2009-06-16,3.054795
2009-06-23,3.040382
2009-06-30,3.05343
2009-07-08,2.946358
2009-07-15,3.008792
2009-07-22,3.053026
2009-07-29,3.100196
2009-08-05,3.165241
2009-08-12,3.174556
2009-08-19,3.142605
2009-08-26,3.234011
2009-09-02,3.136742
2009-09-10,3.267091
2009-09-17,3.328475
2009-09-24,3.282523
2009-10-01,3.218288
2009-10-08,3.320219
2009-10-15,3.409394
2009-10-22,3.398264
2009-10-29,3.322664
2009-11-05,3.316078
2009-11-12,3.363048
2009-11-19,3.380506
2009-11-27,3.370752
2009-12-04,3.408951
2009-12-11,3.410224
2009-12-18,3.398561
2009-12-28,3.473485
2010-01-05,3.499357
2010-01-12,3.498469
2010-01-20,3.503857
2010-01-27,3.383849
2010-02-03,3.381253
2010-02-10,3.299973
2010-02-18,3.38921
2010-02-25,3.378251
2010-03-04,3.430155
2010-03-11,3.508303
2010-03-18,3.555853
2010-03-25,3.555548
2010-04-01,3.593278
2010-04-09,3.642902
2010-04-16,3.63607
2010-04-23,3.712779
2010-04-30,3.619477
2010-05-07,3.421856
2010-05-14,3.485893
2010-05-21,3.368729
2010-05-28,3.368729
2010-06-07,3.368729
2010-06-14,3.368729
2010-06-21,3.363584
2010-06-28,3.351884
2010-07-06,3.351884
2010-07-13,3.351884
2010-07-20,3.351884
2010-07-27,3.343133
2010-08-03,3.326413
2010-08-10,3.313031
2010-08-17,3.270203
2010-08-24,3.270203
2010-08-31,3.270203
2010-09-08,3.270203
2010-09-15,3.272511
2010-09-22,3.29155
2010-09-29,3.286276
2010-10-06,3.330043
2010-10-13,3.382091
2010-10-20,3.382292
2010-10-27,3.394579
2010-11-03,3.439105
2010-11-10,3.498674
2010-11-17,3.383498
2010-11-24,3.440225
2010-12-02,3.501776
2010-12-09,3.531728
2010-12-16,3.558299
2010-12-23,3.598094
2010-12-31,3.600585
2011-01-07,3.640266
2011-01-14,3.702507
2011-01-24,3.695635
2011-01-31,3.682122
2011-02-07,3.7764
2011-02-14,3.814391
2011-02-22,3.766064
2011-03-01,3.739983
2011-03-08,3.78433
2011-03-15,3.669955
2011-03-22,3.696003
2011-03-29,3.758986
2011-04-05,3.792958
2011-04-12,3.741917
2011-04-19,3.737661
2011-04-27,3.8566
2011-05-04,3.833553
2011-05-11,3.819072
2011-05-18,3.815204
2011-05-25,3.759354
2011-06-02,3.738545
2011-06-09,3.672388
2011-06-16,3.607342
2011-06-23,3.642822
2011-06-30,3.741402
2011-07-08,3.807015
2011-07-15,3.730024
2011-07-22,3.765165
2011-07-29,3.643514
2011-08-05,3.637025
2011-08-12,3.637025
2011-08-19,3.637025
2011-08-26,3.637025
2011-09-02,3.637025
2011-09-12,3.637025
2011-09-19,3.637025
2011-09-26,3.637025
2011-10-03,3.637025
2011-10-10,3.637025
2011-10-17,3.637025
2011-10-24,3.637025
2011-10-31,3.620907
2011-11-07,3.619125
2011-11-14,3.592497
2011-11-21,3.592497
2011-11-29,3.592497
2011-12-06,3.592497
2011-12-13,3.592497
2011-12-20,3.592497
2011-12-28,3.582565
2012-01-05,3.57882
2012-01-12,3.5936
2012-01-20,3.649451
2012-01-27,3.652086
2012-02-03,3.731352
2012-02-10,3.725082
2012-02-17,3.776659
2012-02-27,3.794304
2012-03-05,3.78526
2012-03-12,3.804015
2012-03-19,3.911275
2012-03-26,3.93003
2012-04-02,3.93705
2012-04-10,3.769334
2012-04-17,3.858644
2012-04-24,3.806457
2012-05-01,3.900371
2012-05-08,3.783567
2012-05-15,3.691844
2012-05-22,3.628415
2012-05-30,3.619293
2012-06-06,3.581168
2012-06-13,3.550423
2012-06-20,3.600231
2012-06-27,3.536286
2012-07-05,3.568032
2012-07-12,3.501286
2012-07-19,3.543827
2012-07-26,3.487362
2012-08-02,3.469525
2012-08-09,3.5194
2012-08-16,3.550476
2012-08-23,3.517639
2012-08-30,3.511282
2012-09-07,3.60527
2012-09-14,3.673366
2012-09-21,3.659624
2012-09-28,3.611994
2012-10-05,3.661531
2012-10-12,3.582458
2012-10-19,3.593705
2012-10-26,3.536123
2012-11-06,3.574583
2012-11-13,3.47135
2012-11-20,3.471027
2012-11-28,3.468563
2012-12-05,3.464896
2012-12-12,3.511902
2012-12-19,3.529923
2012-12-27,3.486383
2013-01-04,3.6053
2013-01-11,3.619019
2013-01-18,3.653265
2013-01-28,3.688176
2013-02-04,3.677186
2013-02-11,3.729552
2013-02-19,3.763799
2013-02-26,3.68021
2013-03-05,3.785557
2013-03-12,3.816755
2013-03-19,3.806577
2013-03-26,3.844511
2013-04-03,3.81973
2013-04-10,3.903417
2013-04-17,3.815599
2013-04-24,3.881438
2013-05-01,3.89105
2013-05-08,4.01395
2013-05-15,4.078092
2013-05-22,4.06966
2013-05-30,4.067349
2013-06-06,3.989046
2013-06-13,4.022973
2013-06-20,3.904547
2013-06-27,3.9585
2013-07-05,3.999279
2013-07-12,4.107799
2013-07-19,4.13638
2013-07-26,4.135316
2013-08-02,4.178894
2013-08-09,4.13476
2013-08-16,4.048691
2013-08-23,4.06724
2013-08-30,3.993408
2013-09-09,4.087094
2013-09-16,4.149705
2013-09-23,4.159959
2013-09-30,4.110891
2013-10-07,4.097759
2013-10-14,4.180031
2013-10-21,4.263512
2013-10-28,4.305712
2013-11-04,4.319786
2013-11-11,4.329363
2013-11-18,4.376859
2013-11-25,4.40334
2013-12-03,4.385613
2013-12-10,4.403678
2013-12-17,4.351394
2013-12-24,4.477921
2014-01-02,4.47468
2014-01-09,4.489553
2014-01-16,4.508319
2014-01-24,4.37386
2014-01-31,4.355239
2014-02-07,4.390136
2014-02-14,4.481528
2014-02-24,4.501368
2014-03-03,4.496347
2014-03-10,4.572938
2014-03-17,4.52826
2014-03-24,4.524873
2014-03-31,4.561171
2014-04-07,4.494666
2014-04-14,4.459514
2014-04-22,4.578735
2014-04-29,4.575763
2014-05-06,4.549916
2014-05-13,4.622341
2014-05-20,4.562365
2014-05-28,4.652378
2014-06-04,4.696471
2014-06-11,4.735473
2014-06-18,4.767361
2014-06-25,4.773573
2014-07-02,4.810334
2014-07-10,4.786119
2014-07-17,4.770138
2014-07-24,4.84288
2014-07-31,4.703268
2014-08-07,4.651866
2014-08-14,4.720112
2014-08-21,4.809895
2014-08-28,4.820445
2014-09-05,4.846928
2014-09-12,4.793406
2014-09-19,4.853422
2014-09-26,4.757881
2014-10-03,4.687647
2014-10-10,4.617927
2014-10-17,4.615891
2014-10-24,4.629963
2014-10-31,4.730692
2014-11-07,4.757695
2014-11-14,4.776193
2014-11-21,4.831639
2014-12-01,4.808084
2014-12-08,4.82417
2014-12-15,4.658674
2014-12-22,4.865526
2014-12-30,4.869551
2015-01-07,4.747499
2015-01-14,4.726256
2015-01-22,4.84451
2015-01-29,4.742168
2015-02-05,4.82381
2015-02-12,4.883415
2015-02-20,4.932059
2015-02-27,4.919129
2015-03-06,4.845025
2015-03-13,4.805209
2015-03-20,4.927155
2015-03-27,4.822197
2015-04-06,4.865892
2015-04-13,4.89222
2015-04-20,4.909988
2015-04-27,4.928982
2015-05-04,4.9414
2015-05-11,4.920979
2015-05-18,4.974193
2015-05-26,4.91846
2015-06-02,4.930499
2015-06-09,4.860416
2015-06-16,4.834631
2015-06-23,4.894161
2015-06-30,4.747171
2015-07-08,4.733797
2015-07-15,4.754949
2015-07-22,4.754444
2015-07-29,4.750025
2015-08-05,4.74311
2015-08-12,4.732188
2015-08-19,4.711661
2015-08-26,4.673719
2015-09-02,4.673719
2015-09-10,4.673719
2015-09-17,4.673719
2015-09-24,4.673719
2015-10-01,4.673719
2015-10-08,4.673719
2015-10-15,4.673719
2015-10-22,4.673719
2015-10-29,4.672905
2015-11-05,4.681226
2015-11-12,4.638545
2015-11-19,4.63228
2015-11-27,4.639255
2015-12-04,4.607061
2015-12-11,4.58192
2015-12-18,4.555489
2015-12-28,4.549256
2016-01-05,4.522688
2016-01-12,4.522688
2016-01-20,4.522688
2016-01-27,4.522688
2016-02-03,4.522688
2016-02-10,4.522688
2016-02-18,4.522688
2016-02-25,4.522688
2016-03-03,4.522688
2016-03-10,4.522688
2016-03-17,4.525332
2016-03-24,4.521671
2016-04-01,4.560473
2016-04-08,4.468847
2016-04-15,4.512211
2016-04-22,4.53574
2016-04-29,4.47875
2016-05-06,4.461054
2016-05-13,4.438219
2016-05-20,4.450602
2016-05-27,4.551961
2016-06-06,4.574405
2016-06-13,4.508589
2016-06-20,4.517676
2016-06-27,4.379067
2016-07-05,4.424312
2016-07-12,4.528813
2016-07-19,4.54693
2016-07-26,4.554254
2016-08-02,4.528745
2016-08-09,4.580625
2016-08-16,4.573087
2016-08-23,4.591458
2016-08-30,4.568826
2016-09-07,4.589904
2016-09-14,4.463114
2016-09-21,4.541532
2016-09-28,4.558853
2016-10-05,4.534414
2016-10-12,4.491269
2016-10-19,4.501997
2016-10-26,4.491793
2016-11-02,4.416468
2016-11-09,4.50454
2016-11-16,4.507249
2016-11-23,4.564766
2016-12-01,4.536525
2016-12-08,4.622662
2016-12-15,4.655261
2016-12-22,4.653059
2016-12-30,4.607515
2017-01-09,4.669399
2017-01-17,4.66732
2017-01-24,4.692387
2017-01-31,4.689918
2017-02-07,4.719162
2017-02-14,4.810743
2017-02-22,4.862687
2017-03-01,4.930889
2017-03-08,4.863016
2017-03-15,4.908868
2017-03-22,4.833113
2017-03-29,4.859208
2017-04-05,4.842374
2017-04-12,4.825869
2017-04-20,4.848322
2017-04-27,4.916092
2017-05-04,4.917635
2017-05-11,4.927761
2017-05-18,4.868655
2017-05-25,4.970217
2017-06-02,5.019609
2017-06-09,5.004586
2017-06-16,5.007426
2017-06-23,5.018025
2017-06-30,4.987381
2017-07-10,4.995654
2017-07-17,5.060913
2017-07-24,5.083078
2017-07-31,5.083881
2017-08-07,5.105716
2017-08-14,5.074702
2017-08-21,4.997589
2017-08-28,5.030249
2017-09-05,5.058259
2017-09-12,5.137759
2017-09-19,5.158689
2017-09-26,5.1385
2017-10-03,5.216169
2017-10-10,5.24922
2017-10-17,5.267167
2017-10-24,5.287273
2017-10-31,5.299889
2017-11-07,5.33154
2017-11-14,5.307318
2017-11-21,5.348807
2017-11-29,5.404456
2017-12-06,5.411041
2017-12-13,5.480149
2017-12-20,5.5139
2017-12-28,5.530961
2018-01-05,5.645406
2018-01-12,5.734086
2018-01-22,5.830256
2018-01-29,5.872569
2018-02-05,5.451522
2018-02-12,5.380587
2018-02-20,5.459671
2018-02-27,5.493934
2018-03-06,5.474174
2018-03-13,5.514351
2018-03-20,5.421924
2018-03-27,5.263301
2018-04-04,5.278087
2018-04-11,5.276838
2018-04-18,5.319777
2018-04-25,5.274506
2018-05-02,5.271246
2018-05-09,5.313468
2018-05-16,5.330236
2018-05-23,5.337597
2018-05-31,5.318552
2018-06-07,5.353661
2018-06-14,5.377083
2018-06-21,5.335329
2018-06-28,5.31249
2018-07-06,5.342198
2018-07-13,5.367681
2018-07-20,5.352849
2018-07-27,5.333813
2018-08-03,5.374552
2018-08-10,5.361174
2018-08-17,5.393057
2018-08-24,5.43953
2018-08-31,5.490299
2018-09-10,5.444147
2018-09-17,5.46623
2018-09-24,5.524075
2018-10-01,5.533952
2018-10-08,5.457961
2018-10-15,5.24495
2018-10-22,5.221685
2018-10-29,5.221685
2018-11-05,5.221685
2018-11-12,5.186364
2018-11-19,5.186807
2018-11-27,5.186807
2018-12-04,5.142918
2018-12-12,5.122662
2018-12-19,5.122662
2018-12-27,5.122662
2019-01-04,5.122662
2019-01-11,5.122662
2019-01-18,5.122662
2019-01-28,5.122662
2019-02-04,5.122662
2019-02-11,5.122662
2019-02-19,5.149441
2019-02-26,5.175635
2019-03-05,5.167762
2019-03-12,5.097324
2019-03-19,5.132153
2019-03-26,5.041869
2019-04-02,5.09082
2019-04-09,5.11028
2019-04-16,5.161521
2019-04-24,5.197369
2019-05-01,5.191119
2019-05-08,5.112446
2019-05-15,5.055071
2019-05-22,5.064487
2019-05-30,4.99165
2019-06-06,4.992606
2019-06-13,5.073075
2019-06-20,5.182795
2019-06-27,5.131461
2019-07-05,5.246357
2019-07-12,5.287339
2019-07-19,5.222146
2019-07-26,5.30855
2019-08-02,5.14397
2019-08-09,5.117773
2019-08-16,5.002303
2019-08-23,4.931567
2019-08-30,4.976764
2019-09-09,5.002298
2019-09-16,5.020509
2019-09-23,5.010241
2019-09-30,4.985253
2019-10-07,4.853083
2019-10-14,4.833598
2019-10-21,4.89971
2019-10-28,4.952997
2019-11-04,5.016307
2019-11-11,5.03055
2019-11-18,5.087618
2019-11-25,5.106537
2019-12-03,5.040637
2019-12-10,5.104712
2019-12-17,5.202487
2019-12-24,5.252776
2020-01-02,5.308948
2020-01-09,5.336407
2020-01-16,5.405029
2020-01-24,5.370253
2020-01-31,5.256264
2020-02-07,5.422791
2020-02-14,5.508263
2020-02-24,5.256866
2020-03-02,5.044172
2020-03-09,5.012185
2020-03-16,5.012185
2020-03-23,5.012185
2020-03-30,5.012185
2020-04-06,5.012185
2020-04-14,5.012185
2020-04-21,5.012185
2020-04-28,5.012185
2020-05-05,5.012185
2020-05-12,5.012185
2020-05-19,5.012185
2020-05-27,5.012185
2020-06-03,5.012185
2020-06-10,5.040324
2020-06-17,4.992783
2020-06-24,4.992783
2020-07-01,4.992783
2020-07-09,4.992783
2020-07-16,4.994482
2020-07-23,5.003014
2020-07-30,5.008554
2020-08-06,5.064841
2020-08-13,5.077792
2020-08-20,5.075717
2020-08-27,5.128199
2020-09-03,5.058182
2020-09-11,4.930068
2020-09-18,4.865704
2020-09-25,4.834023
2020-10-02,4.854798
2020-10-09,4.98402
2020-10-16,4.991498
2020-10-23,4.974405
2020-10-30,4.729245
2020-11-06,4.926783
2020-11-13,4.996284
2020-11-20,4.970939
2020-11-30,5.023573
2020-12-07,5.113927
2020-12-14,5.052329
2020-12-21,5.118027
2020-12-29,5.162518
2021-01-06,5.191744
2021-01-13,5.277209
2021-01-21,5.337089
2021-01-28,5.246098
2021-02-04,5.341921
2021-02-11,5.397249
2021-02-19,5.383593
2021-02-26,5.256596
2021-03-05,5.297515
2021-03-12,5.415923
2021-03-19,5.382293
2021-03-26,5.456148
2021-04-05,5.592122
2021-04-12,5.657673
2021-04-19,5.703838
2021-04-26,5.735724
2021-05-03,5.742321
2021-05-10,5.736784
2021-05-17,5.703878
2021-05-24,5.748067
2021-06-01,5.754599
2021-06-08,5.787609
2021-06-15,5.812911
2021-06-22,5.812715
2021-06-29,5.872088
2021-07-07,5.958909
2021-07-14,5.980074
2021-07-21,5.959642
2021-07-28,6.014551
2021-08-04,6.017196
2021-08-11,6.069225
2021-08-18,6.014067
2021-08-25,6.139619
2021-09-01,6.176138
2021-09-09,6.13581
2021-09-16,6.110247
2021-09-23,6.077825
2021-09-30,5.89269
2021-10-07,5.982465
2021-10-14,6.034814
2021-10-21,6.179521
2021-10-28,6.242868
2021-11-04,6.356468
2021-11-11,6.314649
2021-11-18,6.389717
2021-11-26,6.240424
2021-12-03,6.21662
2021-12-10,6.359965
2021-12-17,6.261091
2021-12-27,6.384726
2022-01-03,6.39092
2022-01-10,6.239322
2022-01-18,6.118862
2022-01-25,6.02268
2022-02-01,6.031153
2022-02-08,6.014053
2022-02-15,5.964743
2022-02-23,5.938687
2022-03-02,5.938687
2022-03-09,5.938687
2022-03-16,5.938687
2022-03-23,5.927232
2022-03-30,5.950927
2022-04-06,5.912947
2022-04-13,5.912947
2022-04-21,5.912947
2022-04-28,5.912947
2022-05-05,5.912947
2022-05-12,5.912947
2022-05-19,5.912947
2022-05-26,5.912947
2022-06-03,5.912947
2022-06-10,5.912947
2022-06-17,5.912947
2022-06-27,5.912947
2022-07-05,5.912947
2022-07-12,5.912947
2022-07-19,5.912947
2022-07-26,5.912947
2022-08-02,5.912947
2022-08-09,5.912947
2022-08-16,5.912947
2022-08-23,5.912947
2022-08-30,5.912947
2022-09-07,5.912947
2022-09-14,5.912947
2022-09-21,5.912947
2022-09-28,5.912947
2022-10-05,5.912947
2022-10-12,5.912947
2022-10-19,5.912947
2022-10-26,5.912947
2022-11-02,5.912947
2022-11-09,5.912947
2022-11-16,5.912947
2022-11-23,5.912947
2022-12-01,5.90901
2022-12-08,5.887056
2022-12-15,5.887056
2022-12-22,5.887056
2022-12-30,5.887056
2023-01-09,5.887056
2023-01-17,5.872796
2023-01-24,5.783621
2023-01-31,5.811542
2023-02-07,5.927089
2023-02-14,5.889679
2023-02-22,5.701588
2023-03-01,5.68357
2023-03-08,5.685364
2023-03-15,5.643829
2023-03-22,5.643829
2023-03-29,5.643829
2023-04-05,5.659578
2023-04-13,5.684626
2023-04-20,5.676617
2023-04-27,5.648052
2023-05-04,5.62131
2023-05-11,5.617815
2023-05-18,5.619635
2023-05-25,5.582042
2023-06-02,5.582042
2023-06-09,5.587378
2023-06-16,5.609282
2023-06-26,5.545045
2023-07-03,5.625364
2023-07-11,5.604747
2023-07-18,5.750848
2023-07-25,5.766605
2023-08-01,5.778309
2023-08-08,5.680651
2023-08-15,5.602979
2023-08-22,5.573595
2023-08-29,5.6227
2023-09-06,5.608359
2023-09-13,5.609233
2023-09-20,5.580131
2023-09-27,5.551197
2023-10-04,5.551197
2023-10-11,5.551197
2023-10-18,5.551197
2023-10-25,5.551197
2023-11-01,5.551197
2023-11-08,5.551197
2023-11-15,5.548559
2023-11-22,5.569021
2023-11-30,5.573278
2023-12-07,5.594009
2023-12-14,5.757428
2023-12-21,5.79061
2023-12-29,5.818766
2024-01-08,5.811092
2024-01-16,5.814069
2024-01-23,5.934376
2024-01-30,6.008023
2024-02-06,6.043717
2024-02-13,6.042424
2024-02-21,6.07735
2024-02-28,6.184653
2024-03-06,6.22735
2024-03-13,6.301216
2024-03-20,6.373569
2024-03-27,6.402688
2024-04-04,6.279135
2024-04-11,6.342388
2024-04-18,6.113118
2024-04-25,6.15862
2024-05-02,6.177871
2024-05-09,6.360711
2024-05-16,6.461988
2024-05-23,6.426293
2024-05-31,6.438089
2024-06-07,6.522849
2024-06-14,6.626066
2024-06-24,6.645914
2024-07-01,6.679119
2024-07-09,6.803416
2024-07-16,6.913477
2024-07-23,6.777506
2024-07-30,6.63197
2024-08-06,6.35123
2024-08-13,6.443821
2024-08-20,6.579488
2024-08-27,6.603404
2024-09-04,6.502359
2024-09-11,6.53935
2024-09-18,6.612916
2024-09-25,6.733252
2024-10-02,6.718534
2024-10-09,6.813993
2024-10-16,6.872345
2024-10-23,6.820218
2024-10-30,6.839021
2024-11-06,6.972513
2024-11-13,7.037702
2024-11-20,6.958709
2024-11-27,7.053161
2024-12-05,7.141527
2024-12-12,7.113919
2024-12-19,6.930281
2024-12-27,6.973397
2025-01-06,6.975283
2025-01-14,6.920238
2025-01-22,7.013198
2025-01-29,6.998768
2025-02-05,6.908296
2025-02-12,6.904426
2025-02-20,6.9311
2025-02-27,6.826946
2025-03-06,6.769858
2025-03-13,6.717736
2025-03-20,6.717736
2025-03-27,6.717736
2025-04-03,6.717736
2025-04-10,6.717736
2025-04-17,6.717736
2025-04-25,6.717736
2025-05-02,6.717736
2025-05-09,6.717736
2025-05-16,6.745057
2025-05-23,6.699509
2025-06-02,6.712223
2025-06-09,6.707907
2025-06-16,6.705023
2025-06-24,6.700457
2025-07-01,6.741745
2025-07-09,6.740968
2025-07-16,6.732048
2025-07-23,6.785876
2025-07-30,6.790134
2025-08-06,6.823223
2025-08-13,6.869042
2025-08-20,6.838036
2025-08-27,6.929577
2025-09-04,6.951687
2025-09-11,7.012749
2025-09-18,7.043404
2025-09-25,7.033168
2025-10-02,7.110592
2025-10-09,7.131515
2025-10-16,7.090913
2025-10-23,7.125238
2025-10-30,7.269822
2025-11-06,7.231706
2025-11-13,7.238121
2025-11-20,7.163874
2025-11-28,7.246294
2025-12-05,7.254428
2025-12-12,7.238018
2025-12-19,7.240725
2025-12-29,7.267918
2026-01-06,7.282835
2026-01-13,7.309339
2026-01-21,7.216845
2026-01-28,7.324337
2026-02-04,7.247958
2026-02-11,7.336475
2026-02-19,7.252367
2026-02-26,7.321788
2026-03-05,7.266012
2026-03-12,7.206562
2026-03-19,7.204342
2026-03-26,7.204342
2026-04-02,7.204342
2026-04-10,7.211649
2026-04-17,7.297184
2026-04-24,7.307979
2026-05-01,7.329498
2026-05-08,7.384853
2026-05-15,7.387991
2026-05-22,7.409296
2026-06-01,7.450774
2026-06-08,7.387083
2026-06-15,7.435798
2026-06-23,7.373878
2026-06-30,7.417786
2026-07-08,7.395644
2026-07-15,7.438811
2026-07-22,7.356186
2026-07-29,7.177108
2026-08-05,7.576766
2026-08-12,7.601242
2026-08-19,7.561492
2026-08-26,7.529826
